# callgrind format
version: 1
creator: callgrind-3.22.0
pid: 63100
cmd:  ./build/NpcSimTop ../../am-kernels/tests/cpu-tests/build/add-riscv32-npc.bin -m 50000
part: 1


desc: I1 cache: 
desc: D1 cache: 
desc: LL cache: 

desc: Timerange: Basic block 0 - 171290746
desc: Trigger: Program termination

positions: line
events: Ir
summary: 186798056


ob=(44) /usr/lib/x86_64-linux-gnu/libXss.so.1.0.0
fl=(259) ???
fn=(3440) 0x0000000000001240
0 5

fn=(3430) 0x00000000000012b0
0 9
cob=(4) ???
cfi=(181) ???
cfn=(3436) 0x0000000005435130
calls=1 0 
0 144
0 1
cfn=(3440)
calls=1 0 
0 5
0 3

fn=(1250) 0x00000000000012f0
0 12

ob=(35) /usr/lib/x86_64-linux-gnu/pulseaudio/libpulsecommon-16.1.so
fl=(250) ???
fn=(3596) 0x00000000000143b0
0 9
cob=(4)
cfi=(181)
cfn=(3602) 0x00000000054e1190
calls=1 0 
0 144
0 1
cfn=(3606) 0x0000000000014340
calls=1 0 
0 5
0 3

fn=(3592) 0x0000000000014320
0 5

fn=(1142) 0x00000000000143f0
0 12

fn=(3606)
0 5

ob=(54) /usr/lib/x86_64-linux-gnu/libSDL2-2.0.so.0.3000.0
fl=(284) ???
fn=(3168) 0x000000000002e1d0
0 5

fn=(2002) 0x000000000002e280
0 12

fn=(3158) 0x000000000002e240
0 9
cob=(4)
cfi=(181)
cfn=(3164) 0x000000000488afc0
calls=1 0 
0 144
0 1
cfn=(3168)
calls=1 0 
0 5
0 3

ob=(24) /usr/lib/x86_64-linux-gnu/libapparmor.so.1.17.1
fl=(235) ???
fn=(3812) 0x0000000000003920
0 5

fn=(986) 0x00000000000039d0
0 12

ob=(39) /usr/lib/x86_64-linux-gnu/libwayland-cursor.so.0.22.0
fl=(254) ???
fn=(3530) 0x00000000000024a0
0 4

ob=(24)
fl=(235)
fn=(3802) 0x0000000000003990
0 9
cob=(4)
cfi=(181)
cfn=(3808) 0x00000000057844a0
calls=1 0 
0 144
0 1
cfn=(3812)
calls=1 0 
0 5
0 3

ob=(25) /usr/lib/x86_64-linux-gnu/libasyncns.so.0.3.1
fl=(236) ???
fn=(3794) 0x0000000000002400
0 5

fn=(3784) 0x0000000000002470
0 9
cob=(4)
cfi=(181)
cfn=(3790) 0x0000000005779210
calls=1 0 
0 144
0 1
cfn=(3794)
calls=1 0 
0 5

ob=(39)
fl=(254)
fn=(3530)
0 1

fn=(1190) 0x0000000000002550
0 12

fn=(3520) 0x0000000000002510
0 9
cob=(4)
cfi=(181)
cfn=(3526) 0x0000000005470260
calls=1 0 
0 144

ob=(25)
fl=(236)
fn=(3784)
0 3

fn=(998) 0x00000000000024b0
0 9

ob=(39)
fl=(254)
fn=(3520)
0 1
cfn=(3530)
calls=1 0 
0 5
0 3

ob=(25)
fl=(236)
fn=(998)
0 3

ob=(5) /home/lyg/PA/ysyx-workbench/npc/single/build/NpcSimTop
fl=(184) ???
fn=(614) __gmon_start__
0 260
cob=(2) /usr/lib/x86_64-linux-gnu/libc.so.6
cfi=(185) ./gmon/./gmon/gmon.c
cfn=(618) monstartup
calls=1 125 
0 2301
0 1
0 3
cfn=(664) atexit
calls=1 0 
0 77

fn=(2046) main
0 12
cob=(2)
cfi=(286) ./gmon/../sysdeps/x86_64/_mcount.S
cfn=(2028) mcount
calls=1 26 
0 31
0 8
cfn=(2048) npc_simconfig_init
calls=1 0 
0 3768
0 5
cfn=(2054) npc_init_monitor
calls=1 0 
0 168259799
0 3
cfn=(2878) npc_monitor_run
calls=1 0 
0 11843178
0 2
cfn=(2914) npc_fini_monitor
calls=1 0 
0 2367
0 9

fn=(2278) npc_init_cpu
0 7
cob=(2)
cfi=(286)
cfn=(2028)
calls=1 26 
0 51
0 7
cfn=(2280) Verilated::threadContextp()
calls=1 0 
0 19171
0 5
cfn=(2372) VerilatedContext::commandArgs(int, char const**)
calls=1 0 
0 3520
0 48
cob=(2)
cfi=(333) ./signal/./signal/sigempty.c
cfn=(2398) sigemptyset
calls=1 26 
0 6
0 1
0 4
cob=(2)
cfi=(196) ./signal/./signal/sigaction.c
cfn=(654) sigaction
calls=1 26 
0 60
0 1
0 5
cob=(53) /usr/lib/x86_64-linux-gnu/libstdc++.so.6.0.33
cfi=(268) ???
cfn=(2406) operator new(unsigned long, std::align_val_t)
calls=1 0 
0 1407
0 1
0 4
cfn=(2420) VNpcSimTop::VNpcSimTop(char const*)
calls=1 0 
0 425422
0 5
cfn=(2806) std::__uniq_ptr_impl<VNpcSimTop, std::default_delete<VNpcSimTop> >::reset(VNpcSimTop*)
calls=1 0 
0 60
0 2
cfn=(2808) std::unique_ptr<VNpcSimTop, std::default_delete<VNpcSimTop> >::~unique_ptr()
calls=1 0 
0 59
0 12
cfn=(2810) step_cycle()
calls=1 0 
0 5407
0 1
cfn=(2810)
calls=1 0 
0 2240
0 1
cfn=(2810)
calls=1 0 
0 2240
0 1
cfn=(2810)
calls=1 0 
0 2244
0 1
cfn=(2810)
calls=1 0 
0 2240
0 4
cfn=(2862) npc_stats
calls=1 0 
0 57
0 2
cfn=(2862)
calls=1 0 
0 57
0 13
cfn=(2862)
calls=1 0 
0 57
0 2
cfn=(2870) npc_state
calls=1 0 
0 65
0 89

fn=(2280)
0 31605
cob=(2)
cfi=(286)
cfn=(2028)
calls=4515 26 
0 212213
0 27099
cob=(53)
cfi=(268)
cfn=(2284) __cxa_guard_acquire
calls=1 0 
0 21
0 1
0 4
cfn=(2286) VerilatedContext::VerilatedContext()
calls=1 0 
0 18967
0 4
cob=(2)
cfi=(201) ./stdlib/./stdlib/cxa_atexit.c
cfn=(668) __cxa_atexit
calls=1 67 
0 76
0 1
0 2
cob=(53)
cfi=(268)
cfn=(2370) __cxa_guard_release
calls=1 0 
0 6
0 1
0 40641

fn=(2362) std::vector<_IO_FILE*, std::allocator<_IO_FILE*> >::_M_default_append(unsigned long)
0 9
cob=(2)
cfi=(286)
cfn=(2028)
calls=1 26 
0 51
0 31
cob=(2)
cfi=(329) ./string/../sysdeps/x86_64/multiarch/memset-vec-unaligned-erms.S
cfn=(2304) __memset_avx2_unaligned_erms
calls=1 158 
0 26
0 1
0 25
cob=(53)
cfi=(268)
cfn=(2290) operator new(unsigned long)
calls=1 0 
0 205
0 1
0 6

fn=(2366) std::vector<unsigned int, std::allocator<unsigned int> >::_M_default_append(unsigned long)
0 9
cob=(2)
cfi=(286)
cfn=(2028)
calls=1 26 
0 51
0 31
cob=(2)
cfi=(329)
cfn=(2304)
calls=1 158 
0 19
0 1
0 25
cob=(53)
cfi=(268)
cfn=(2290)
calls=1 0 
0 208
0 1
0 6

fn=(2372)
0 9
cob=(2)
cfi=(286)
cfn=(2028)
calls=1 26 
0 51
0 6
cfn=(2374) VerilatedMutex::lock()
calls=1 0 
0 102
0 8
cfn=(2380) VerilatedContextImp::commandArgsAddGuts(int, char const**)
calls=1 0 
0 3311
0 9
cob=(2)
cfi=(332) ./nptl/./nptl/pthread_mutex_unlock.c
cfn=(2394) pthread_mutex_unlock@@GLIBC_2.2.5
calls=1 367 
0 23
0 1

fn=(2514) void std::vector<VlWorkerThread*, std::allocator<VlWorkerThread*> >::_M_realloc_insert<VlWorkerThread*>(__gnu_cxx::__normal_iterator<VlWorkerThread**, std::vector<VlWorkerThread*, std::allocator<VlWorkerThread*> > >, VlWorkerThread*&&)
0 45
cob=(2)
cfi=(286)
cfn=(2028)
calls=5 26 
0 239
0 214
cob=(53)
cfi=(268)
cfn=(2290)
calls=5 0 
0 1117
0 5
0 45
cob=(2)
cfi=(214) ./string/../sysdeps/x86_64/multiarch/memmove-vec-unaligned-erms.S
cfn=(744) __memcpy_avx_unaligned_erms
calls=4 255 
0 48
0 4
0 36
cob=(53)
cfi=(268)
cfn=(2390) operator delete(void*, unsigned long)
calls=4 0 
0 372
0 4
0 36

fn=(2530) std::thread::_State_impl<std::thread::_Invoker<std::tuple<void (*)(VlWorkerThread*, VerilatedContext*), VlWorkerThread*, VerilatedContext*> > >::_M_run()
0 39
cob=(2)
cfi=(286)
cfn=(2028)
calls=13 26 
0 403
0 78
cfn=(2532) VlWorkerThread::startWorker(VlWorkerThread*, VerilatedContext*)
calls=13 0 
0 12599

fn=(2808)
0 6
cob=(2)
cfi=(286)
cfn=(2028)
calls=2 26 
0 82
0 10

fn=(2812) npc_device_update
0 13557
cob=(2)
cfi=(286)
cfn=(2028)
calls=4519 26 
0 257577
0 31633

fn=(2822) VNpcSimTop___024root___eval_settle(VNpcSimTop___024root*)
0 5
cob=(2)
cfi=(286)
cfn=(2028)
calls=1 26 
0 51
0 6
cfn=(2824) VNpcSimTop___024root___eval_phase__stl(VNpcSimTop___024root*)
calls=1 0 
0 955
0 3
cfn=(2824)
calls=1 0 
0 117
0 10

fn=(2830) VNpcSimTop___024root___nba_sequent__TOP__52__PROF__RegisterFile__l40(VNpcSimTop___024root*)
0 13560
cob=(2)
cfi=(286)
cfn=(2028)
calls=4520 26 
0 212448
0 198880

fn=(2868) VNpcSimTop___024root___nba_sequent__TOP__58__PROF__NpcSimTop__l112(VNpcSimTop___024root*)
0 22595
cob=(2)
cfi=(286)
cfn=(2028)
calls=4519 26 
0 257577
0 94083
cfn=(2896) npc_mem_write
calls=11 0 
0 3272
0 4178
cfn=(2886) npc_ifetch
calls=840 0 
0 173052
0 9678
cfn=(2902) npc_mem_read
calls=146 0 
0 38264
0 730

fn=(2878)
0 3
cob=(2)
cfi=(286)
cfn=(2028)
calls=1 26 
0 59
0 4
cfn=(2880) npc_cpu_exec
calls=1 0 
0 11843038
0 1
cfn=(2870)
calls=1 0 
0 65
0 8

fn=(2888) npc_paddr_read
0 6902
cob=(2)
cfi=(286)
cfn=(2028)
calls=986 26 
0 46350
0 5916
cfn=(2890) npc_in_pmem
calls=986 0 
0 59164
0 10006
cfn=(2900) npc_mtrace_enabled
calls=146 0 
0 7742
0 6208

fn=(2942) destroy_window(VgaState*) [clone .constprop.0]
0 3
cob=(2)
cfi=(286)
cfn=(2028)
calls=1 26 
0 51
0 13

fn=(2962) VerilatedContext::~VerilatedContext()
0 7
cob=(2)
cfi=(286)
cfn=(2028)
calls=1 26 
0 31
0 11
cob=(53)
cfi=(268)
cfn=(2390)
calls=1 0 
0 93
0 1
0 9
cob=(53)
cfi=(268)
cfn=(2390)
calls=1 0 
0 93
0 1
0 11
cfn=(2964) VlThreadPool::~VlThreadPool()
calls=1 0 
0 23708
0 5
cfn=(3088) std::_Rb_tree<char const*, std::pair<char const* const, VerilatedScope const*>, std::_Select1st<std::pair<char const* const, VerilatedScope const*> >, VerilatedCStrCmp, std::allocator<std::pair<char const* const, VerilatedScope const*> > >::_M_erase(std::_Rb_tree_node<std::pair<char const* const, VerilatedScope const*> >*) [clone .isra.0]
calls=1 0 
0 71
0 3
cob=(53)
cfi=(268)
cfn=(2390)
calls=1 0 
0 93
0 1
0 29
cob=(53)
cfi=(268)
cfn=(2390)
calls=2 0 
0 186
0 2
0 11
cob=(53)
cfi=(268)
cfn=(2390)
calls=1 0 
0 93
0 1
0 8
cob=(53)
cfi=(268)
cfn=(2350) std::__cxx11::basic_string<char, std::char_traits<char>, std::allocator<char> >::_M_dispose()
calls=1 0 
0 6
0 1
0 2
cob=(53)
cfi=(268)
cfn=(2350)
calls=1 0 
0 6
0 1
0 2
cob=(53)
cfi=(268)
cfn=(2350)
calls=1 0 
0 128
0 1
0 2
cob=(53)
cfi=(268)
cfn=(2350)
calls=1 0 
0 6
0 1
0 2
cob=(53)
cfi=(268)
cfn=(2350)
calls=1 0 
0 6
0 1
0 16

fn=(3068) std::_Sp_counted_ptr_inplace<std::mutex, std::allocator<void>, (__gnu_cxx::_Lock_policy)2>::_M_dispose()
0 39
cob=(2)
cfi=(286)
cfn=(2028)
calls=13 26 
0 615
0 26

fn=(2086) short_file_name(char const*)
0 35
cob=(2)
cfi=(286)
cfn=(2028)
calls=7 26 
0 333
0 21
cob=(2)
cfi=(205) ./string/../sysdeps/x86_64/multiarch/strrchr-avx2.S
cfn=(686) __strrchr_avx2
calls=7 53 
0 263
0 7
0 56

fn=(2814) eval_half_cycle(unsigned char)
0 27114
cob=(2)
cfi=(286)
cfn=(2028)
calls=9038 26 
0 515162
0 45190
cfn=(2816) VNpcSimTop::eval_step()
calls=9038 0 
0 8400817
0 9038
cfn=(2862)
calls=9038 0 
0 641700
0 27114

fn=(2824)
0 8
cob=(2)
cfi=(286)
cfn=(2028)
calls=2 26 
0 98
0 4
cfn=(2826) VNpcSimTop___024root___eval_triggers__stl(VNpcSimTop___024root*)
calls=2 0 
0 120
0 8
cfn=(2828) VNpcSimTop___024root___eval_stl(VNpcSimTop___024root*)
calls=1 0 
0 827
0 7

fn=(2838) VNpcSimTop___024root___nba_sequent__TOP__91__PROF__ALU__l27(VNpcSimTop___024root*)
0 13560
cob=(2)
cfi=(286)
cfn=(2028)
calls=4520 26 
0 212448
0 120760

fn=(2870)
0 15
cob=(2)
cfi=(286)
cfn=(2028)
calls=5 26 
0 271
0 15

fn=(2884) npc_consume_sigint_request
0 13542
cob=(2)
cfi=(286)
cfn=(2028)
calls=4514 26 
0 212162
0 27084

fn=(2890)
0 2991
cob=(2)
cfi=(286)
cfn=(2028)
calls=997 26 
0 46867
0 9970

fn=(2898) npc_paddr_write
0 77
cob=(2)
cfi=(286)
cfn=(2028)
calls=11 26 
0 521
0 55
cfn=(2890)
calls=11 0 
0 664
0 506
cfn=(2900)
calls=11 0 
0 587
0 110

fn=(2908) report_run_result()
0 8
cob=(2)
cfi=(286)
cfn=(2028)
calls=1 26 
0 59
0 1
cfn=(2870)
calls=1 0 
0 57
0 20
cfn=(2084) npc_log_both_impl
calls=1 0 
0 2355
0 1
cfn=(2862)
calls=1 0 
0 57
0 2
cfn=(2862)
calls=1 0 
0 53
0 13
cfn=(2084)
calls=1 0 
0 3012
0 10
cfn=(2910) report_statistics()
calls=1 0 
0 6964

fn=(3096) 0x0000000000009260
0 9
cob=(4)
cfi=(181)
cfn=(3102) 0x000000000010ebc0
calls=1 0 
0 117762
0 1
cfn=(3130) 0x00000000000091f0
calls=1 0 
0 5
0 3

fn=(3130)
0 5

fn=(2076) npc_init_log
0 11
cob=(2)
cfi=(286)
cfn=(2028)
calls=1 26 
0 51
0 14

fn=(2084)
0 63
cob=(2)
cfi=(286)
cfn=(2028)
calls=7 26 
0 389
0 182
cfn=(2086)
calls=7 0 
0 715
0 49
cob=(2)
cfi=(298) ./debug/./debug/printf_chk.c
cfn=(2092) __printf_chk
calls=7 25 
0 8360
0 7
0 28
cob=(2)
cfi=(310) ./debug/./debug/vprintf_chk.c
cfn=(2144) __vprintf_chk
calls=7 24 
0 7039
0 7
0 14
cob=(2)
cfi=(312) ./libio/./libio/putchar.c
cfn=(2150) putchar
calls=7 25 
0 361
0 7
0 98

fn=(2156) npc_load_img
0 7
cob=(2)
cfi=(286)
cfn=(2028)
calls=1 26 
0 51
0 3
cob=(2)
cfi=(314) ./libio/./libio/iofopen.c
cfn=(2160) fopen@@GLIBC_2.2.5
calls=1 85 
0 621
0 1
0 7
cob=(2)
cfi=(318) ./libio/./libio/fseek.c
cfn=(2184) fseek
calls=1 32 
0 562
0 1
0 4
cob=(2)
cfi=(322) ./libio/./libio/ioftell.c
cfn=(2210) ftell
calls=1 34 
0 115
0 1
0 8
cob=(2)
cfi=(318)
cfn=(2184)
calls=1 32 
0 194
0 1
0 134217743
cob=(2)
cfi=(323) ./libio/./libio/iofread.c
cfn=(2216) fread
calls=1 31 
0 204
0 1
0 3
cob=(2)
cfi=(325) ./libio/./libio/iofclose.c
cfn=(2228) fclose@@GLIBC_2.2.5
calls=1 34 
0 570
0 1
0 13
cfn=(2084)
calls=1 0 
0 2572
0 9

fn=(2258) npc_init_serial()
0 3
cob=(2)
cfi=(286)
cfn=(2028)
calls=1 26 
0 59
0 8
cfn=(2260) npc_add_mmio_map
calls=1 0 
0 195

fn=(2260)
0 25
cob=(2)
cfi=(286)
cfn=(2028)
calls=5 26 
0 293
0 281
cfn=(2262) npc_log_impl
calls=5 0 
0 394
0 25

fn=(2262)
0 40
cob=(2)
cfi=(286)
cfn=(2028)
calls=5 26 
0 239
0 115

fn=(2382) void std::vector<std::__cxx11::basic_string<char, std::char_traits<char>, std::allocator<char> >, std::allocator<std::__cxx11::basic_string<char, std::char_traits<char>, std::allocator<char> > > >::_M_realloc_insert<char const*&>(__gnu_cxx::__normal_iterator<std::__cxx11::basic_string<char, std::char_traits<char>, std::allocator<char> >*, std::vector<std::__cxx11::basic_string<char, std::char_traits<char>, std::allocator<char> >, std::allocator<std::__cxx11::basic_string<char, std::char_traits<char>, std::allocator<char> > > > >, char const*&)
0 27
cob=(2)
cfi=(286)
cfn=(2028)
calls=3 26 
0 145
0 72
cfn=(2332) std::__cxx11::basic_string<char, std::char_traits<char>, std::allocator<char> >::basic_string<std::allocator<char> >(char const*, std::allocator<char> const&) [clone .constprop.0]
calls=3 0 
0 459
0 72
cob=(53)
cfi=(268)
cfn=(2290)
calls=3 0 
0 621
0 3
0 40
cob=(53)
cfi=(268)
cfn=(2390)
calls=2 0 
0 186
0 2
0 71

fn=(2532)
0 65
cob=(2)
cfi=(286)
cfn=(2028)
calls=13 26 
0 403
0 156
cfn=(2534) VlWorkerThread::workerLoop()
calls=13 0 
0 11975

fn=(2750) std::_Rb_tree<int, std::pair<int const, int>, std::_Select1st<std::pair<int const, int> >, std::less<int>, std::allocator<std::pair<int const, int> > >::_M_erase(std::_Rb_tree_node<std::pair<int const, int> >*) [clone .isra.0]
0 27
cob=(2)
cfi=(286)
cfn=(2028)
calls=3 26 
0 153
0 200
cob=(53)
cfi=(268)
cfn=(2390)
calls=3 0 
0 369
0 3
0 14
cob=(53)
cfi=(268)
cfn=(2390)
calls=2 0 
0 246
0 2
0 28
cob=(53)
cfi=(268)
cfn=(2390)
calls=6 0 
0 738
0 6
0 54
cob=(53)
cfi=(268)
cfn=(2390)
calls=9 0 
0 1107
0 9
0 76
cob=(53)
cfi=(268)
cfn=(2390)
calls=13 0 
0 1599
0 13
0 74
cob=(53)
cfi=(268)
cfn=(2390)
calls=9 0 
0 1107
0 9
0 54

fn=(2816)
0 63266
cob=(2)
cfi=(286)
cfn=(2028)
calls=9038 26 
0 587456
0 36152
cfn=(2818) VlDeleter::deleteAll()
calls=9038 0 
0 1274362
0 27114
cfn=(2820) VNpcSimTop::eval_step() [clone .cold]
calls=1 0 
0 3354
0 248523
cfn=(2844) Verilated::endOfEval(VerilatedEvalMsgQueue*)
calls=9037 0 
0 1491105
0 18076
cfn=(2864) VNpcSimTop___024root___eval_nba(VNpcSimTop___024root*) [clone .part.0]
calls=4519 0 
0 4633333
0 18076

fn=(2818)
0 81351
cob=(2)
cfi=(286)
cfn=(2028)
calls=9039 26 
0 424841
0 45195
cob=(2)
cfi=(331) ./nptl/./nptl/pthread_mutex_trylock.c
cfn=(2378) pthread_mutex_trylock@@GLIBC_2.34
calls=9039 27 
0 334443
0 9039
0 135585
cob=(2)
cfi=(332)
cfn=(2394)
calls=9039 367 
0 235014
0 9039

fn=(2828)
0 9
cob=(2)
cfi=(286)
cfn=(2028)
calls=1 26 
0 51
0 32
cfn=(2830)
calls=1 0 
0 98
0 22
cfn=(2832) VNpcSimTop___024root___nba_sequent__TOP__57__PROF__DecodeUnit__l22(VNpcSimTop___024root*)
calls=1 0 
0 79
0 2
cfn=(2834) VNpcSimTop___024root___nba_sequent__TOP__79__PROF__NpcCore__l212(VNpcSimTop___024root*)
calls=1 0 
0 77
0 35
cfn=(2836) VNpcSimTop___024root___nba_sequent__TOP__59__PROF__ImmGen__l21(VNpcSimTop___024root*)
calls=1 0 
0 71
0 54
cfn=(2838)
calls=1 0 
0 81
0 2
cfn=(2840) VNpcSimTop___024root___nba_sequent__TOP__92__PROF__CompareUnit__l15(VNpcSimTop___024root*)
calls=1 0 
0 87
0 49
cfn=(2842) VNpcSimTop___024root___nba_sequent__TOP__100__PROF__LSU__l26(VNpcSimTop___024root*)
calls=1 0 
0 78

fn=(2840)
0 3
cob=(2)
cfi=(286)
cfn=(2028)
calls=1 26 
0 51
0 33

fn=(2894) npc_check_watchpoints
0 7551
cob=(2)
cfi=(286)
cfn=(2028)
calls=839 26 
0 47825
0 177868

fn=(2902)
0 730
cob=(2)
cfi=(286)
cfn=(2028)
calls=146 26 
0 6866
0 1752
cfn=(2888)
calls=146 0 
0 28040
0 876

fn=(2910)
0 5
cob=(2)
cfi=(286)
cfn=(2028)
calls=1 26 
0 67
0 3
cfn=(2862)
calls=1 0 
0 57
0 7
cfn=(2084)
calls=1 0 
0 2158
0 1
cfn=(2862)
calls=1 0 
0 65
0 7
cfn=(2084)
calls=1 0 
0 2094
0 1
cfn=(2862)
calls=1 0 
0 65
0 3
cfn=(2912) simulation_frequency()
calls=1 0 
0 242
0 10
cfn=(2084)
calls=1 0 
0 2179

fn=(2940) npc_vga_shutdown
0 3
cob=(2)
cfi=(286)
cfn=(2028)
calls=1 26 
0 51
0 1
cfn=(2942)
calls=1 0 
0 67
0 2
cob=(2)
cfi=(186) ./malloc/./malloc/malloc.c
cfn=(2194) free
calls=1 3359 
0 72
0 1
0 5

fn=(3090) ._anon_155::~._anon_155()
0 7
cob=(2)
cfi=(286)
cfn=(2028)
calls=1 26 
0 31
0 15

fn=(2452) VerilatedContext::timeunit(int)
0 7
cob=(2)
cfi=(286)
cfn=(2028)
calls=1 26 
0 51
0 5
cob=(2)
cfi=(331)
cfn=(2378)
calls=1 27 
0 37
0 1
0 10
cob=(2)
cfi=(332)
cfn=(2394)
calls=1 367 
0 23
0 1

fn=(2454) VerilatedContext::addModel(VerilatedModel const*)
0 9
cob=(2)
cfi=(286)
cfn=(2028)
calls=1 26 
0 59
0 14
cfn=(2804) VNpcSimTop::threads() const
calls=1 0 
0 57
0 4
cfn=(2804)
calls=1 0 
0 57
0 14
cfn=(2374)
calls=1 0 
0 102
0 4
cob=(2)
cfi=(337) ./time/../sysdeps/unix/sysv/linux/clock_gettime.c
cfn=(2458) clock_gettime@@GLIBC_2.17
calls=1 30 
0 11
0 1
0 13
cob=(2)
cfi=(337)
cfn=(2458)
calls=1 30 
0 11
0 1
0 12
cob=(2)
cfi=(332)
cfn=(2394)
calls=1 367 
0 23
0 1
0 6
cob=(53)
cfi=(268)
cfn=(2290)
calls=1 0 
0 205
0 1
0 6
cfn=(2460) VlThreadPool::VlThreadPool(VerilatedContext*, unsigned int)
calls=1 0 
0 422199
0 4

fn=(2804)
0 6
cob=(2)
cfi=(286)
cfn=(2028)
calls=2 26 
0 102
0 6

fn=(2820)
0 5
cfn=(2822)
calls=1 0 
0 1147
0 24
cfn=(2844)
calls=1 0 
0 2178

fn=(2832)
0 13560
cob=(2)
cfi=(286)
cfn=(2028)
calls=4520 26 
0 212448
0 158052

fn=(2886)
0 4200
cob=(2)
cfi=(286)
cfn=(2028)
calls=840 26 
0 39484
0 10080
cfn=(2888)
calls=840 0 
0 114248
0 5040

fn=(2892) npc_itrace_enabled
0 2517
cob=(2)
cfi=(286)
cfn=(2028)
calls=839 26 
0 47817
0 2517

fn=(2920) npc_fini_disasm
0 3
cob=(2)
cfi=(286)
cfn=(2028)
calls=1 26 
0 59
0 2

fn=(2926) VerilatedSyms::~VerilatedSyms()
0 7
cob=(2)
cfi=(286)
cfn=(2028)
calls=1 26 
0 51
0 23
cob=(53)
cfi=(268)
cfn=(2390)
calls=1 0 
0 93
0 1

fn=(2948) npc_kbd_shutdown
0 3
cob=(2)
cfi=(286)
cfn=(2028)
calls=1 26 
0 59
0 7

fn=(664)
0 4
cob=(2)
cfi=(201)
cfn=(668)
calls=1 67 
0 72
0 1

fn=(2054)
0 9
cob=(2)
cfi=(286)
cfn=(2028)
calls=1 26 
0 51
0 3175
cob=(2)
cfi=(293) ./posix/./posix/getopt1.c
cfn=(2058) getopt_long
calls=2 30 
0 1093
0 2
0 19
cob=(2)
cfi=(296) ./stdlib/../stdlib/strtol.c
cfn=(2070) __isoc23_strtoul
calls=1 125 
0 192
0 1
0 16
cob=(2)
cfi=(292) ./string/../sysdeps/x86_64/multiarch/strncpy-avx2.S
cfn=(2052) __strncpy_avx2
calls=1 54 
0 273
0 1
0 3151
cfn=(2076)
calls=1 0 
0 76
0 1
cfn=(2078) npc_init_mem
calls=1 0 
0 33557768
0 1
cfn=(2154) npc_init_map
calls=1 0 
0 74
0 4
cfn=(2156)
calls=1 0 
0 134222692
0 5
cfn=(2256) npc_init_device
calls=1 0 
0 3203
0 2
cfn=(2272) npc_init_trace
calls=1 0 
0 143
0 1
cfn=(2274) npc_init_expr
calls=1 0 
0 56
0 1
cfn=(2276) npc_init_watchpoint_pool
calls=1 0 
0 2215
0 4
cfn=(2278)
calls=1 0 
0 464579
0 9
cob=(2)
cfi=(298)
cfn=(2092)
calls=1 25 
0 802
0 1
0 2
cob=(2)
cfi=(371) ./libio/./libio/ioputs.c
cfn=(2874) puts
calls=1 33 
0 164
0 1
0 12

fn=(2264) npc_init_timer()
0 3
cob=(2)
cfi=(286)
cfn=(2028)
calls=1 26 
0 75
0 8
cfn=(2260)
calls=1 0 
0 189

fn=(2274)
0 3
cob=(2)
cfi=(286)
cfn=(2028)
calls=1 26 
0 51
0 2

fn=(2420)
0 9
cob=(2)
cfi=(286)
cfn=(2028)
calls=1 26 
0 51
0 13
cfn=(2422) VerilatedModel::VerilatedModel(VerilatedContext&)
calls=1 0 
0 59
0 5
cob=(53)
cfi=(268)
cfn=(2406)
calls=1 0 
0 571
0 1
0 6
cfn=(2424) VNpcSimTop__Syms::VNpcSimTop__Syms(VerilatedContext*, char const*, VNpcSimTop*)
calls=1 0 
0 1838
0 55
cfn=(2454)
calls=1 0 
0 422814

fn=(2426) VerilatedSyms::VerilatedSyms(VerilatedContext*)
0 5
cob=(2)
cfi=(286)
cfn=(2028)
calls=1 26 
0 51
0 13
cob=(53)
cfi=(268)
cfn=(2290)
calls=1 0 
0 277
0 1
0 15

fn=(2436) VL_ZERO_RESET_W(int, unsigned int*)
0 3
cob=(2)
cfi=(286)
cfn=(2028)
calls=1 26 
0 51
0 11
cob=(2)
cfi=(329)
cfn=(2304)
calls=1 158 
0 19
0 1

fn=(2444) Verilated::catName(char const*, char const*, char const*)
0 9
cob=(2)
cfi=(286)
cfn=(2028)
calls=1 26 
0 51
0 4
cob=(2)
cfi=(212) ./string/../sysdeps/x86_64/multiarch/strlen-avx2.S
cfn=(728) __strlen_avx2
calls=1 52 
0 14
0 1
0 3
cob=(2)
cfi=(212)
cfn=(728)
calls=1 52 
0 14
0 1
0 3
cob=(2)
cfi=(212)
cfn=(728)
calls=1 52 
0 14
0 1
0 83
cob=(53)
cfi=(268)
cfn=(2448) operator new[](unsigned long)
calls=1 0 
0 206
0 1
0 3

fn=(2462) VlWorkerThread::VlWorkerThread(VerilatedContext*)
0 104
cob=(2)
cfi=(286)
cfn=(2028)
calls=13 26 
0 615
0 156
cob=(53)
cfi=(268)
cfn=(2466) std::condition_variable::condition_variable()
calls=13 0 
0 78
0 13
0 39
cob=(53)
cfi=(268)
cfn=(2290)
calls=13 0 
0 2872
0 13
0 247
cob=(53)
cfi=(268)
cfn=(2290)
calls=13 0 
0 2568
0 13
0 143
cob=(53)
cfi=(268)
cfn=(2470) std::thread::_M_start_thread(std::unique_ptr<std::thread::_State, std::default_delete<std::thread::_State> >, void (*)())
calls=13 0 
0 67858
0 13
0 169

fn=(2010) (below main)
0 12
cob=(2)
cfi=(285) ./csu/../csu/libc-start.c
cfn=(2012) __libc_start_main@@GLIBC_2.34
calls=1 242 
0 180279193

fn=(2560) VlThreadPool::numaAssign[abi:cxx11]()
0 9
cob=(2)
cfi=(286)
cfn=(2028)
calls=1 26 
0 51
0 7
cfn=(2292) VlOs::getProcessAvailableParallelism()
calls=1 0 
0 10385
0 16
cob=(53)
cfi=(268)
cfn=(2564) std::thread::hardware_concurrency()
calls=1 0 
0 1280
0 1
0 19
cob=(53)
cfi=(268)
cfn=(1750) std::ios_base::ios_base()
calls=1 0 
0 186
0 1
0 20
cob=(53)
cfi=(268)
cfn=(1756) std::basic_ios<char, std::char_traits<char> >::init(std::basic_streambuf<char, std::char_traits<char> >*)
calls=1 0 
0 197
0 1
0 8
cob=(53)
cfi=(268)
cfn=(2598) std::basic_filebuf<char, std::char_traits<char> >::basic_filebuf()
calls=1 0 
0 1018
0 1
0 3
cob=(53)
cfi=(268)
cfn=(1756)
calls=1 0 
0 197
0 1
0 4
cob=(53)
cfi=(268)
cfn=(2608) std::basic_filebuf<char, std::char_traits<char> >::open(char const*, std::_Ios_Openmode)
calls=1 0 
0 4533
0 1
0 7
cob=(53)
cfi=(268)
cfn=(2644) std::basic_ios<char, std::char_traits<char> >::clear(std::_Ios_Iostate)
calls=1 0 
0 7
0 1
0 7100
cob=(53)
cfi=(268)
cfn=(2656) std::basic_istream<char, std::char_traits<char> >& std::getline<char, std::char_traits<char>, std::allocator<char> >(std::basic_istream<char, std::char_traits<char> >&, std::__cxx11::basic_string<char, std::char_traits<char>, std::allocator<char> >&, char)
calls=392 0 
0 121319
0 392
0 7
cob=(53)
cfi=(268)
cfn=(2656)
calls=1 0 
0 6420
0 1
0 2358
cob=(53)
cfi=(268)
cfn=(2702) std::__cxx11::basic_string<char, std::char_traits<char>, std::allocator<char> >::find(char const*, unsigned long, unsigned long) const
calls=393 0 
0 34017
0 393
0 2676
cob=(2)
cfi=(296)
cfn=(2706) __isoc23_strtol
calls=378 125 
0 45808
0 378
0 3604
cob=(53)
cfi=(268)
cfn=(2390)
calls=224 0 
0 20832
0 224
0 465
cfn=(2724) void std::__introsort_loop<__gnu_cxx::__normal_iterator<int*, std::vector<int, std::allocator<int> > >, long, __gnu_cxx::__ops::_Iter_less_iter>(__gnu_cxx::__normal_iterator<int*, std::vector<int, std::allocator<int> > >, __gnu_cxx::__normal_iterator<int*, std::vector<int, std::allocator<int> > >, long, __gnu_cxx::__ops::_Iter_less_iter) [clone .isra.0]
calls=1 0 
0 72
0 3026
cob=(2)
cfi=(281) ./string/../sysdeps/x86_64/multiarch/memcmp-avx2-movbe.S
cfn=(1546) __memcmp_avx2_movbe
calls=378 73 
0 8263
0 378
0 1142
cob=(53)
cfi=(268)
cfn=(2648) std::ctype<char>::_M_widen_init() const
calls=1 0 
0 1658
0 1
0 2918
cob=(2)
cfi=(281)
cfn=(1546)
calls=364 73 
0 8043
0 364
0 812
cfn=(2712) std::pair<std::_Rb_tree_iterator<int>, bool> std::_Rb_tree<int, int, std::_Identity<int>, std::less<int>, std::allocator<int> >::_M_emplace_unique<int const&>(int const&)
calls=14 0 
0 3359
0 492
cob=(53)
cfi=(268)
cfn=(2290)
calls=14 0 
0 3108
0 14
0 518
cob=(53)
cfi=(268)
cfn=(2716) std::_Rb_tree_insert_and_rebalance(bool, std::_Rb_tree_node_base*, std::_Rb_tree_node_base*, std::_Rb_tree_node_base&)
calls=13 0 
0 713
0 13
0 2
cob=(53)
cfi=(268)
cfn=(2716)
calls=1 0 
0 16
0 1
0 115
cob=(53)
cfi=(268)
cfn=(2290)
calls=1 0 
0 222
0 1
0 39
cob=(53)
cfi=(268)
cfn=(2290)
calls=13 0 
0 2886
0 13
0 104
cob=(53)
cfi=(268)
cfn=(2716)
calls=1 0 
0 16
0 1
0 65
cob=(53)
cfi=(268)
cfn=(2716)
calls=13 0 
0 713
0 13
0 288
cob=(2)
cfi=(367) ./posix/../sysdeps/unix/sysv/linux/sched_getcpu.c
cfn=(2728) sched_getcpu
calls=1 38 
0 33
0 1
0 259
cob=(53)
cfi=(268)
cfn=(2390)
calls=1 0 
0 93
0 1
0 6
cob=(53)
cfi=(268)
cfn=(2390)
calls=1 0 
0 93
0 1
0 523
cfn=(2712)
calls=14 0 
0 5372
0 28
cob=(53)
cfi=(268)
cfn=(2290)
calls=14 0 
0 3108
0 14
0 571
cob=(53)
cfi=(268)
cfn=(2716)
calls=13 0 
0 671
0 13
0 4
cob=(53)
cfi=(268)
cfn=(2716)
calls=1 0 
0 16
0 1
0 184
cfn=(2734) std::_Rb_tree<int, int, std::_Identity<int>, std::less<int>, std::allocator<int> >::_M_erase(std::_Rb_tree_node<int>*) [clone .isra.0]
calls=1 0 
0 1754
0 727
cob=(53)
cfi=(268)
cfn=(2698) std::__cxx11::basic_string<char, std::char_traits<char>, std::allocator<char> >::_M_append(char const*, unsigned long)
calls=13 0 
0 418
0 13
0 104
cob=(2)
cfi=(368) ./nptl/./nptl/pthread_setaffinity.c
cfn=(2744) pthread_setaffinity_np@@GLIBC_2.34
calls=13 28 
0 130
0 13
0 94
cfn=(2750)
calls=1 0 
0 1964
0 2
cfn=(2734)
calls=1 0 
0 1962
0 2
cfn=(2750)
calls=1 0 
0 1962
0 2
cfn=(2750)
calls=1 0 
0 1962
0 6
cob=(53)
cfi=(268)
cfn=(2390)
calls=1 0 
0 93
0 1
0 8
cob=(53)
cfi=(268)
cfn=(2754) std::basic_filebuf<char, std::char_traits<char> >::close()
calls=1 0 
0 4548
0 1
0 2
cob=(53)
cfi=(268)
cfn=(2784) std::__basic_file<char>::~__basic_file()
calls=1 0 
0 27
0 1
0 4
cob=(53)
cfi=(268)
cfn=(1774) std::locale::~locale()
calls=1 0 
0 12
0 1
0 10
cob=(53)
cfi=(268)
cfn=(2790) std::ios_base::~ios_base()
calls=1 0 
0 1917
0 1
0 652
cob=(53)
cfi=(268)
cfn=(2698)
calls=14 0 
0 960
0 14
0 210
cob=(53)
cfi=(268)
cfn=(2732) std::_Rb_tree_increment(std::_Rb_tree_node_base*)
calls=14 0 
0 196
0 14
0 81
cob=(53)
cfi=(268)
cfn=(2738) std::__cxx11::basic_string<char, std::char_traits<char>, std::allocator<char> >::_M_construct(unsigned long, char)
calls=4 0 
0 1087
0 4
0 216
cob=(53)
cfi=(268)
cfn=(2738)
calls=10 0 
0 280
0 10
0 26
cfn=(2718) void std::vector<int, std::allocator<int> >::_M_realloc_insert<int const&>(__gnu_cxx::__normal_iterator<int*, std::vector<int, std::allocator<int> > >, int const&)
calls=1 0 
0 176
0 31
cfn=(2718)
calls=5 0 
0 1675
0 950
cob=(2)
cfi=(214)
cfn=(744)
calls=1 255 
0 12
0 1
0 26
cfn=(2718)
calls=5 0 
0 1519
0 1017
cob=(53)
cfi=(268)
cfn=(2732)
calls=14 0 
0 193
0 14
0 126

fn=(2712)
0 252
cob=(2)
cfi=(286)
cfn=(2028)
calls=28 26 
0 1324
0 112
cob=(53)
cfi=(268)
cfn=(2290)
calls=28 0 
0 3831
0 28
0 1254
cob=(53)
cfi=(268)
cfn=(2716)
calls=28 0 
0 1420
0 28
0 482

fn=(2734)
0 18
cob=(2)
cfi=(286)
cfn=(2028)
calls=2 26 
0 102
0 134
cob=(53)
cfi=(268)
cfn=(2390)
calls=2 0 
0 216
0 2
0 8
cob=(53)
cfi=(268)
cfn=(2390)
calls=1 0 
0 123
0 1
0 18
cob=(53)
cfi=(268)
cfn=(2390)
calls=4 0 
0 432
0 4
0 36
cob=(53)
cfi=(268)
cfn=(2390)
calls=6 0 
0 648
0 6
0 48
cob=(53)
cfi=(268)
cfn=(2390)
calls=8 0 
0 952
0 8
0 52
cob=(53)
cfi=(268)
cfn=(2390)
calls=7 0 
0 861
0 7
0 40

fn=(2842)
0 13560
cob=(2)
cfi=(286)
cfn=(2028)
calls=4520 26 
0 257644
0 49765

fn=(2866) VNpcSimTop___024root___nba_sequent__TOP__23__PROF__NpcCore__l229(VNpcSimTop___024root*)
0 13557
cob=(2)
cfi=(286)
cfn=(2028)
calls=4519 26 
0 212397
0 140543

fn=(2906) accumulate_host_time(unsigned long)
0 5
cob=(2)
cfi=(286)
cfn=(2028)
calls=1 26 
0 51
0 2
cfn=(2882) npc_get_time_us
calls=1 0 
0 93
0 3
cfn=(2862)
calls=1 0 
0 57
0 5

fn=(2918) VNpcSimTop::final()
0 3
cob=(2)
cfi=(286)
cfn=(2028)
calls=1 26 
0 51
0 2

fn=(2032) _GLOBAL__sub_I__ZN9Verilated7s_debugE
0 3
cob=(2)
cfi=(286)
cfn=(2028)
calls=1 26 
0 31
0 22
cob=(2)
cfi=(201)
cfn=(668)
calls=1 67 
0 76
0 1

fn=(2048)
0 5
cob=(2)
cfi=(286)
cfn=(2028)
calls=1 26 
0 51
0 3152
cob=(2)
cfi=(292)
cfn=(2052)
calls=1 54 
0 252
0 1
0 5
cob=(2)
cfi=(292)
cfn=(2052)
calls=1 54 
0 252
0 1
0 8
cob=(2)
cfi=(292)
cfn=(2052)
calls=1 54 
0 40
0 1

fn=(2078)
0 3
cob=(2)
cfi=(286)
cfn=(2028)
calls=1 26 
0 51
0 6
cob=(2)
cfi=(186)
cfn=(732) malloc
calls=1 3294 
0 310
0 1
0 33554448
cfn=(2084)
calls=1 0 
0 2949

fn=(2154)
0 6
cob=(2)
cfi=(286)
cfn=(2028)
calls=2 26 
0 118
0 8

fn=(2272)
0 5
cob=(2)
cfi=(286)
cfn=(2028)
calls=1 26 
0 75
0 11
cob=(2)
cfi=(292)
cfn=(2052)
calls=1 54 
0 40
0 1
0 11

fn=(2292)
0 10
cob=(2)
cfi=(286)
cfn=(2028)
calls=2 26 
0 102
0 48
cob=(2)
cfi=(327) ./nptl/./nptl/pthread_self.c
cfn=(2296) pthread_self
calls=2 23 
0 6
0 2
0 8
cob=(2)
cfi=(328) ./nptl/./nptl/pthread_getaffinity.c
cfn=(2300) pthread_getaffinity_np@@GLIBC_2.32
calls=2 30 
0 86
0 2
0 20506

fn=(2346) std::__cxx11::basic_string<char, std::char_traits<char>, std::allocator<char> >::operator=(std::__cxx11::basic_string<char, std::char_traits<char>, std::allocator<char> >&&) [clone .isra.0]
0 5
cob=(2)
cfi=(286)
cfn=(2028)
calls=1 26 
0 51
0 18
cob=(2)
cfi=(214)
cfn=(744)
calls=1 255 
0 15
0 1
0 11

fn=(2374)
0 10
cob=(2)
cfi=(286)
cfn=(2028)
calls=2 26 
0 102
0 4
cob=(2)
cfi=(331)
cfn=(2378)
calls=2 27 
0 74
0 2
0 12

fn=(2460)
0 9
cob=(2)
cfi=(286)
cfn=(2028)
calls=1 26 
0 51
0 23
cob=(53)
cfi=(268)
cfn=(2290)
calls=1 0 
0 63
0 1
0 7
cob=(53)
cfi=(268)
cfn=(2290)
calls=1 0 
0 199
0 1
0 214
cob=(53)
cfi=(268)
cfn=(2290)
calls=13 0 
0 2833
0 13
0 52
cfn=(2462)
calls=13 0 
0 74901
0 67
cfn=(2514)
calls=5 0 
0 2165
0 9
cfn=(2560)
calls=1 0 
0 341560
0 31

fn=(2718)
0 99
cob=(2)
cfi=(286)
cfn=(2028)
calls=11 26 
0 529
0 470
cob=(53)
cfi=(268)
cfn=(2290)
calls=11 0 
0 1152
0 11
0 95
cob=(2)
cfi=(214)
cfn=(744)
calls=8 255 
0 102
0 8
0 72
cob=(53)
cfi=(268)
cfn=(2390)
calls=8 0 
0 744
0 8
0 80

fn=(2724)
0 7
cob=(2)
cfi=(286)
cfn=(2028)
calls=1 26 
0 51
0 14

fn=(2806)
0 6
cob=(2)
cfi=(286)
cfn=(2028)
calls=2 26 
0 110
0 13
cfn=(2922) VNpcSimTop::~VNpcSimTop()
calls=1 0 
0 1594
0 2

fn=(2836)
0 13560
cob=(2)
cfi=(286)
cfn=(2028)
calls=4520 26 
0 257636
0 110159

fn=(2882)
0 12
cob=(2)
cfi=(286)
cfn=(2028)
calls=3 26 
0 153
0 18
cob=(2)
cfi=(337)
cfn=(2458)
calls=1 30 
0 11
0 1
0 4
cob=(2)
cfi=(337)
cfn=(2458)
calls=1 30 
0 11
0 1
0 6
cob=(2)
cfi=(337)
cfn=(2458)
calls=2 30 
0 22
0 2
0 54

fn=(2900)
0 471
cob=(2)
cfi=(286)
cfn=(2028)
calls=157 26 
0 7387
0 471

fn=(2952) npc_close_log
0 3
cob=(2)
cfi=(286)
cfn=(2028)
calls=1 26 
0 59
0 4

fn=(2966) void std::vector<VlWorkerThread::ExecRec, std::allocator<VlWorkerThread::ExecRec> >::_M_realloc_insert<void (*&)(void*, bool), void*&, bool&>(__gnu_cxx::__normal_iterator<VlWorkerThread::ExecRec*, std::vector<VlWorkerThread::ExecRec, std::allocator<VlWorkerThread::ExecRec> > >, void (*&)(void*, bool), void*&, bool&)
0 117
cob=(2)
cfi=(286)
cfn=(2028)
calls=13 26 
0 615
0 611
cob=(53)
cfi=(268)
cfn=(2290)
calls=13 0 
0 819
0 13
0 221

fn=(3088)
0 9
cob=(2)
cfi=(286)
cfn=(2028)
calls=1 26 
0 51
0 11

fn=(2256)
0 5
cob=(2)
cfi=(286)
cfn=(2028)
calls=1 26 
0 51
0 3
cfn=(2154)
calls=1 0 
0 58
0 1
cfn=(2258)
calls=1 0 
0 265
0 1
cfn=(2264)
calls=1 0 
0 275
0 2
cfn=(2266) npc_kbd_init
calls=1 0 
0 548
0 5
cfn=(2268) npc_vga_init
calls=1 0 
0 1989

fn=(2332)
0 40
cob=(2)
cfi=(286)
cfn=(2028)
calls=5 26 
0 247
0 55
cob=(2)
cfi=(212)
cfn=(728)
calls=5 52 
0 70
0 5
0 103
cob=(53)
cfi=(268)
cfn=(2326) std::__cxx11::basic_string<char, std::char_traits<char>, std::allocator<char> >::_M_create(unsigned long&, unsigned long)
calls=2 0 
0 299
0 2
0 16
cob=(2)
cfi=(214)
cfn=(744)
calls=2 255 
0 22
0 2
0 12
cob=(2)
cfi=(214)
cfn=(744)
calls=3 255 
0 48
0 3
0 15

fn=(2384) VerilatedContextImp::commandArgVl(std::__cxx11::basic_string<char, std::char_traits<char>, std::allocator<char> > const&)
0 36
cob=(2)
cfi=(286)
cfn=(2028)
calls=4 26 
0 192
0 36
cob=(2)
cfi=(215) ./string/../sysdeps/x86_64/multiarch/strcmp-avx2.S
cfn=(1844) __strncmp_avx2
calls=4 206 
0 100
0 4
0 52

fn=(2534)
0 117
cob=(2)
cfi=(286)
cfn=(2028)
calls=13 26 
0 403
0 65
cob=(2)
cfi=(331)
cfn=(2378)
calls=13 27 
0 481
0 13
0 390
cob=(2)
cfi=(345) ./nptl/./nptl/pthread_mutex_lock.c
cfn=(2494) pthread_mutex_lock@@GLIBC_2.2.5
calls=13 77 
0 468
0 13
0 65
cob=(2)
cfi=(332)
cfn=(2394)
calls=13 367 
0 338
0 13
0 78
cob=(53)
cfi=(268)
cfn=(2540) std::condition_variable::wait(std::unique_lock<std::mutex>&)
calls=13 0 
0 4629
0 13
0 39
cob=(53)
cfi=(268)
cfn=(3002) std::uncaught_exception()
calls=13 0 
0 2913
0 13
0 52
cob=(2)
cfi=(331)
cfn=(2378)
calls=13 27 
0 481
0 13
0 78
cob=(2)
cfi=(332)
cfn=(2394)
calls=13 367 
0 481
0 13
0 273
cob=(2)
cfi=(332)
cfn=(2394)
calls=13 367 
0 338
0 13
0 182

fn=(2810)
0 13557
cob=(2)
cfi=(286)
cfn=(2028)
calls=4519 26 
0 212405
0 4519
cfn=(2812)
calls=4519 0 
0 302767
0 9038
cfn=(2814)
calls=4519 0 
0 2475054
0 9038
cfn=(2814)
calls=4519 0 
0 7191081
0 4519
cfn=(2862)
calls=4519 0 
0 284699
0 23434
cfn=(2862)
calls=839 0 
0 44471
0 9877

fn=(2826)
0 6
cob=(2)
cfi=(286)
cfn=(2028)
calls=2 26 
0 98
0 16

fn=(2846) VerilatedThreadMsgQueue::flush(VerilatedEvalMsgQueue*)
0 81342
cob=(2)
cfi=(286)
cfn=(2028)
calls=9038 26 
0 424790
0 81348
cob=(53)
cfi=(268)
cfn=(2290)
calls=1 0 
0 63
0 1
0 7
cob=(53)
cfi=(268)
cfn=(2290)
calls=1 0 
0 412
0 1
0 19
cob=(53)
cfi=(268)
cfn=(2850) __cxa_thread_atexit
calls=1 0 
0 1502
0 1
0 72307

fn=(2916) npc_fini_cpu
0 3
cob=(2)
cfi=(286)
cfn=(2028)
calls=1 26 
0 51
0 4
cfn=(2918)
calls=1 0 
0 56
0 1
cfn=(2920)
calls=1 0 
0 64
0 4
cfn=(2806)
calls=1 0 
0 1665

fn=(2964)
0 5
cob=(2)
cfi=(286)
cfn=(2028)
calls=1 26 
0 51
0 2
cfn=(2965) VlThreadPool::~VlThreadPool()'2
calls=1 0 
0 23551
0 5
cob=(53)
cfi=(268)
cfn=(2390)
calls=1 0 
0 93
0 1

fn=(2965)
0 9
cob=(2)
cfi=(286)
cfn=(2028)
calls=1 26 
0 51
0 35
cob=(53)
cfi=(268)
cfn=(2986) std::thread::join()
calls=13 0 
0 7977
0 13
0 104
cob=(53)
cfi=(268)
cfn=(2390)
calls=13 0 
0 1209
0 13
0 130
cob=(53)
cfi=(268)
cfn=(3074) std::condition_variable::~condition_variable()
calls=13 0 
0 1480
0 13
0 39
cob=(53)
cfi=(268)
cfn=(2390)
calls=13 0 
0 1909
0 13
0 156
cob=(2)
cfi=(331)
cfn=(2378)
calls=13 27 
0 481
0 13
0 117
cob=(2)
cfi=(332)
cfn=(2394)
calls=13 367 
0 338
0 13
0 78
cob=(2)
cfi=(345)
cfn=(2494)
calls=13 77 
0 468
0 13
0 52
cob=(53)
cfi=(268)
cfn=(2970) std::condition_variable::notify_one()
calls=13 0 
0 2625
0 13
0 26
cob=(2)
cfi=(332)
cfn=(2394)
calls=13 367 
0 338
0 13
0 20
cob=(53)
cfi=(268)
cfn=(2390)
calls=1 0 
0 93
0 1
0 13
cob=(53)
cfi=(268)
cfn=(2390)
calls=1 0 
0 93
0 1
0 6
cob=(53)
cfi=(268)
cfn=(2390)
calls=1 0 
0 93
0 1
0 16
cob=(53)
cfi=(268)
cfn=(2390)
calls=1 0 
0 93
0 1
0 65
cfn=(2966)
calls=13 0 
0 2396
0 65
cfn=(3068)
calls=13 0 
0 680
0 39
cfn=(3070) std::_Sp_counted_ptr_inplace<std::mutex, std::allocator<void>, (__gnu_cxx::_Lock_policy)2>::_M_destroy()
calls=13 0 
0 2123
0 13

fn=(2026) _GLOBAL__sub_I_npc_init_cpu
0 3
cob=(2)
cfi=(286)
cfn=(2028)
calls=1 26 
0 31
0 5
cob=(2)
cfi=(201)
cfn=(668)
calls=1 67 
0 76
0 1

fn=(2268)
0 5
cob=(2)
cfi=(286)
cfn=(2028)
calls=1 26 
0 59
0 537
cob=(2)
cfi=(186)
cfn=(622) calloc
calls=1 3699 
0 320
0 1
0 617
cfn=(2260)
calls=1 0 
0 205
0 10
cfn=(2260)
calls=1 0 
0 235

fn=(2286)
0 9
cob=(2)
cfi=(286)
cfn=(2028)
calls=1 26 
0 51
0 60
cob=(53)
cfi=(268)
cfn=(2290)
calls=1 0 
0 208
0 1
0 12
cfn=(2292)
calls=1 0 
0 10385
0 27
cob=(53)
cfi=(268)
cfn=(2308) std::__cxx11::basic_string<char, std::char_traits<char>, std::allocator<char> >::_M_replace(unsigned long, unsigned long, char const*, unsigned long)
calls=1 0 
0 1168
0 1
0 6
cob=(53)
cfi=(268)
cfn=(2308)
calls=1 0 
0 3099
0 1
0 6
cob=(53)
cfi=(268)
cfn=(2308)
calls=1 0 
0 69
0 1
0 4
cfn=(2332)
calls=1 0 
0 129
0 4
cfn=(2332)
calls=1 0 
0 351
0 7
cob=(2)
cfi=(283) ./stdlib/./stdlib/getenv.c
cfn=(1840) getenv
calls=1 24 
0 659
0 1
0 5
cfn=(2346)
calls=1 0 
0 101
0 2
cob=(53)
cfi=(268)
cfn=(2350)
calls=1 0 
0 6
0 1
0 2
cob=(53)
cfi=(268)
cfn=(2350)
calls=1 0 
0 1661
0 1
0 2
cob=(53)
cfi=(268)
cfn=(2350)
calls=1 0 
0 6
0 1
0 11
cob=(2)
cfi=(329)
cfn=(2304)
calls=1 158 
0 26
0 1
0 93
cfn=(2366)
calls=1 0 
0 351
0 10
cfn=(2362)
calls=1 0 
0 355
0 6
cob=(53)
cfi=(268)
cfn=(2344) std::__cxx11::basic_string<char, std::char_traits<char>, std::allocator<char> >::_M_assign(std::__cxx11::basic_string<char, std::char_traits<char>, std::allocator<char> > const&)
calls=1 0 
0 65
0 1
0 1

fn=(2422)
0 3
cob=(2)
cfi=(286)
cfn=(2028)
calls=1 26 
0 51
0 5

fn=(2424)
0 7
cob=(2)
cfi=(286)
cfn=(2028)
calls=1 26 
0 51
0 4
cfn=(2426)
calls=1 0 
0 362
0 41
cob=(2)
cfi=(335) ./string/./string/strdup.c
cfn=(2430) strdup
calls=1 40 
0 104
0 1
0 3
cfn=(2434) VNpcSimTop___024root___ctor_var_reset(VNpcSimTop___024root*)
calls=1 0 
0 219
0 2
cfn=(2438) Verilated::stackCheck(unsigned long)
calls=1 0 
0 102
0 5
cfn=(2442) VNpcSimTop___024unit::ctor(VNpcSimTop__Syms*, char const*)
calls=1 0 
0 722
0 3
cfn=(2452)
calls=1 0 
0 135
0 3
cob=(2)
cfi=(331)
cfn=(2378)
calls=1 27 
0 37
0 1
0 5
cob=(2)
cfi=(332)
cfn=(2394)
calls=1 367 
0 23
0 1
0 7

fn=(2434)
0 5
cob=(2)
cfi=(286)
cfn=(2028)
calls=1 26 
0 51
0 12
cfn=(2436)
calls=1 0 
0 85
0 66

fn=(2438)
0 8
cob=(2)
cfi=(286)
cfn=(2028)
calls=1 26 
0 51
0 8
cob=(2)
cfi=(178) ./resource/../sysdeps/unix/sysv/linux/getrlimit64.c
cfn=(580) getrlimit
calls=1 38 
0 10
0 1
0 24

fn=(2442)
0 5
cob=(2)
cfi=(286)
cfn=(2028)
calls=1 26 
0 51
0 7
cfn=(2444)
calls=1 0 
0 408
0 2
cob=(2)
cfi=(335)
cfn=(2430)
calls=1 40 
0 244
0 1
0 4

fn=(2834)
0 13560
cob=(2)
cfi=(286)
cfn=(2028)
calls=4520 26 
0 212456
0 72252

fn=(2844)
0 72304
cob=(2)
cfi=(286)
cfn=(2028)
calls=9038 26 
0 587464
0 45190
cfn=(2846)
calls=9038 0 
0 661793
0 126532

fn=(2864)
0 40671
cob=(2)
cfi=(286)
cfn=(2028)
calls=4519 26 
0 257577
0 81357
cfn=(2866)
calls=5 0 
0 344
0 9028
cfn=(2866)
calls=4514 0 
0 366153
0 39948
cfn=(2830)
calls=609 0 
0 57246
0 70380
cfn=(2830)
calls=3910 0 
0 367544
0 87762
cfn=(2832)
calls=2643 0 
0 228023
0 5628
cfn=(2832)
calls=1876 0 
0 155958
0 9038
cfn=(2868)
calls=4519 0 
0 603429
0 9038
cfn=(2836)
calls=4519 0 
0 381284
0 167203
cfn=(2834)
calls=4519 0 
0 298191
0 335874
cfn=(2838)
calls=3394 0 
0 260062
0 21375
cfn=(2838)
calls=1125 0 
0 86625
0 211753
cfn=(2842)
calls=8 0 
0 610
0 99242
cfn=(2842)
calls=4511 0 
0 320281
0 61709

fn=(2880)
0 9
cob=(2)
cfi=(286)
cfn=(2028)
calls=1 26 
0 51
0 7
cfn=(2870)
calls=1 0 
0 57
0 15
cfn=(2882)
calls=1 0 
0 109
0 7
cfn=(2862)
calls=1 0 
0 57
0 5
cfn=(2862)
calls=1 0 
0 57
0 3
cfn=(2882)
calls=1 0 
0 93
0 13545
cfn=(2810)
calls=4514 0 
0 10570088
0 58674
cfn=(2280)
calls=4514 0 
0 311470
0 13542
cfn=(2884)
calls=4514 0 
0 252788
0 10706
cfn=(2892)
calls=839 0 
0 52851
0 2517
cfn=(2894)
calls=839 0 
0 233244
0 10391
cfn=(2862)
calls=4514 0 
0 239246
0 14381
cfn=(2862)
calls=839 0 
0 44471
0 1679
cfn=(2904) report_exit()
calls=1 0 
0 128
0 5
cfn=(2906)
calls=1 0 
0 216
0 1
cfn=(2908)
calls=1 0 
0 12612
0 13

fn=(2896)
0 55
cob=(2)
cfi=(286)
cfn=(2028)
calls=11 26 
0 521
0 110
cfn=(2898)
calls=11 0 
0 2520
0 66

fn=(2904)
0 3
cob=(2)
cfi=(286)
cfn=(2028)
calls=1 26 
0 51
0 1
cfn=(2870)
calls=1 0 
0 57
0 16

fn=(2912)
0 5
cob=(2)
cfi=(286)
cfn=(2028)
calls=1 26 
0 51
0 1
cfn=(2862)
calls=1 0 
0 57
0 4
cfn=(2862)
calls=1 0 
0 57
0 2
cfn=(2862)
calls=1 0 
0 57
0 8

fn=(3018) std::thread::_State_impl<std::thread::_Invoker<std::tuple<void (*)(VlWorkerThread*, VerilatedContext*), VlWorkerThread*, VerilatedContext*> > >::~_State_impl()
0 65
cob=(2)
cfi=(286)
cfn=(2028)
calls=13 26 
0 403
0 52
cob=(53)
cfi=(268)
cfn=(3022) std::thread::_State::~_State()
calls=13 0 
0 26
0 13
0 65
cob=(53)
cfi=(268)
cfn=(2390)
calls=13 0 
0 6044
0 13

fn=(2266)
0 5
cob=(2)
cfi=(286)
cfn=(2028)
calls=1 26 
0 51
0 289
cfn=(2260)
calls=1 0 
0 194
0 9

fn=(2276)
0 3
cob=(2)
cfi=(286)
cfn=(2028)
calls=1 26 
0 59
0 2153

fn=(2380)
0 9
cob=(2)
cfi=(286)
cfn=(2028)
calls=1 26 
0 51
0 40
cob=(2)
cfi=(212)
cfn=(728)
calls=1 52 
0 26
0 1
0 40
cob=(2)
cfi=(212)
cfn=(728)
calls=4 52 
0 68
0 4
0 40
cfn=(2384)
calls=4 0 
0 420
0 20
cob=(53)
cfi=(268)
cfn=(2390)
calls=2 0 
0 186
0 2
0 36
cob=(53)
cfi=(268)
cfn=(2326)
calls=2 0 
0 444
0 2
0 16
cob=(2)
cfi=(214)
cfn=(744)
calls=2 255 
0 23
0 2
0 6
cob=(2)
cfi=(214)
cfn=(744)
calls=2 255 
0 33
0 2
0 24
cfn=(2382)
calls=3 0 
0 1698
0 7
cob=(53)
cfi=(268)
cfn=(2326)
calls=1 0 
0 77
0 1
0 9
cob=(2)
cfi=(214)
cfn=(744)
calls=1 255 
0 12
0 1
0 11

fn=(2020) 0x00000000000092a0
0 12

fn=(2862)
0 59289
cob=(2)
cfi=(286)
cfn=(2028)
calls=19763 26 
0 1136819
0 59289

fn=(2914)
0 3
cob=(2)
cfi=(286)
cfn=(2028)
calls=1 26 
0 51
0 1
cfn=(2916)
calls=1 0 
0 1848
0 1
cfn=(2938) npc_fini_device
calls=1 0 
0 395
0 2
cfn=(2952)
calls=1 0 
0 66

fn=(2922)
0 5
cob=(2)
cfi=(286)
cfn=(2028)
calls=1 26 
0 67
0 10
cob=(2)
cfi=(186)
cfn=(2194)
calls=1 3359 
0 115
0 1
0 3
cob=(2)
cfi=(186)
cfn=(2194)
calls=1 3359 
0 85
0 1
0 2
cfn=(2818)
calls=1 0 
0 145
0 8
cfn=(2926)
calls=1 0 
0 175
0 4
cob=(53)
cfi=(268)
cfn=(2930) operator delete(void*, unsigned long, std::align_val_t)
calls=1 0 
0 870
0 1
0 7
cob=(53)
cfi=(268)
cfn=(2930)
calls=1 0 
0 94
0 1

fn=(2938)
0 3
cob=(2)
cfi=(286)
cfn=(2028)
calls=1 26 
0 51
0 1
cfn=(2940)
calls=1 0 
0 202
0 1
cfn=(2948)
calls=1 0 
0 69
0 2
cfn=(2950) npc_clear_map
calls=1 0 
0 66

fn=(2950)
0 3
cob=(2)
cfi=(286)
cfn=(2028)
calls=1 26 
0 59
0 4

fn=(2960) VerilatedThreadMsgQueue::~VerilatedThreadMsgQueue()
0 9
cob=(2)
cfi=(286)
cfn=(2028)
calls=1 26 
0 31
0 32
cob=(53)
cfi=(268)
cfn=(2390)
calls=1 0 
0 93
0 1
0 15
cob=(53)
cfi=(268)
cfn=(2390)
calls=1 0 
0 93
0 1
0 2

ob=(47) /usr/lib/x86_64-linux-gnu/libXi.so.6.1.0
fl=(262) ???
fn=(1286) 0x0000000000003810
0 12

fn=(3386) 0x0000000000003760
0 5

fn=(3376) 0x00000000000037d0
0 9
cob=(4)
cfi=(181)
cfn=(3382) 0x000000000540f260
calls=1 0 
0 144
0 1
cfn=(3386)
calls=1 0 
0 5
0 3

ob=(6) /usr/libexec/valgrind/vgpreload_core-amd64-linux.so
fl=(202) ???
fn=(674) 0x0000000000001110
0 12

fn=(3140) 0x00000000000010d0
0 9
cob=(4)
cfi=(181)
cfn=(3146) 0x000000000483d030
calls=1 0 
0 144
0 1
cfn=(3150) 0x0000000000001060
calls=1 0 
0 5
0 3

fn=(3150)
0 5

ob=(5)
fl=(184)
fn=(3070)
0 39
cob=(2)
cfi=(286)
cfn=(2028)
calls=13 26 
0 615
0 39
cob=(53)
cfi=(268)
cfn=(2390)
calls=13 0 
0 1417
0 13

ob=(42) /usr/lib/x86_64-linux-gnu/libgbm.so.1.0.0
fl=(257) ???
fn=(3476) 0x00000000000022e0
0 5

fn=(1226) 0x0000000000002390
0 12

fn=(3466) 0x0000000000002350
0 9
cob=(4)
cfi=(181)
cfn=(3472) 0x0000000005452180
calls=1 0 
0 144
0 1
cfn=(3476)
calls=1 0 
0 5
0 3

ob=(45) /usr/lib/x86_64-linux-gnu/libXrandr.so.2.2.0
fl=(260) ???
fn=(3422) 0x00000000000028e0
0 5

fn=(3412) 0x0000000000002950
0 9
cob=(4)
cfi=(181)
cfn=(3418) 0x00000000054291e0
calls=1 0 
0 144
0 1
cfn=(3422)
calls=1 0 
0 5
0 3

fn=(1262) 0x0000000000002990
0 12

ob=(50) /usr/lib/x86_64-linux-gnu/libpulse.so.0.24.2
fl=(265) ???
fn=(3332) 0x000000000000e000
0 5

fn=(1322) 0x000000000000e0b0
0 12

fn=(3322) 0x000000000000e070
0 3

ob=(17) /usr/lib/x86_64-linux-gnu/libogg.so.0.8.5
fl=(228) ???
fn=(902) 0x00000000000021d0
0 12

fn=(3938) 0x0000000000002120
0 5

fn=(3928) 0x0000000000002190
0 9
cob=(4)
cfi=(181)
cfn=(3934) 0x00000000059430a0
calls=1 0 
0 144
0 1
cfn=(3938)
calls=1 0 
0 5
0 3

ob=(18) /usr/lib/x86_64-linux-gnu/libopus.so.0.9.0
fl=(229) ???
fn=(3920) 0x00000000000032a0
0 5

fn=(3910) 0x0000000000003310
0 9
cob=(4)
cfi=(181)
cfn=(3916) 0x00000000058e5160
calls=1 0 
0 144
0 1
cfn=(3920)
calls=1 0 
0 5
0 3

fn=(914) 0x0000000000003350
0 12

ob=(30) /usr/lib/x86_64-linux-gnu/libexpat.so.1.9.1
fl=(241) ???
fn=(3694) 0x0000000000004280
0 9
cob=(4)
cfi=(181)
cfn=(3700) 0x00000000055d4120
calls=1 0 
0 144
0 1
cfn=(3704) 0x0000000000004210
calls=1 0 
0 5
0 3

fn=(1058) 0x00000000000042c0
0 12

fn=(3704)
0 5

ob=(49) /usr/lib/x86_64-linux-gnu/libsamplerate.so.0.2.2
fl=(264) ???
fn=(3350) 0x00000000000021a0
0 5

fn=(1310) 0x0000000000002250
0 9

ob=(50)
fl=(265)
fn=(3322)
0 6
cob=(4)
cfi=(181)
cfn=(3328) 0x00000000050fa010
calls=1 0 
0 144

ob=(49)
fl=(264)
fn=(1310)
0 3

fn=(3340) 0x0000000000002210
0 9
cob=(4)
cfi=(181)
cfn=(3346) 0x00000000051400e0
calls=1 0 
0 144
0 1
cfn=(3350)
calls=1 0 
0 5
0 3

ob=(50)
fl=(265)
fn=(3322)
0 1
cfn=(3332)
calls=1 0 
0 5
0 3

ob=(9) /usr/lib/x86_64-linux-gnu/libbsd.so.0.12.1
fl=(217) ???
fn=(764) 0x0000000000004ea0
0 12

fn=(4104) 0x0000000000004df0
0 5

fn=(4094) 0x0000000000004e60
0 9
cob=(4)
cfi=(181)
cfn=(4100) 0x0000000005c88700
calls=1 0 
0 144
0 1
cfn=(4104)
calls=1 0 
0 5
0 3

ob=(10) /usr/lib/x86_64-linux-gnu/libzstd.so.1.5.5
fl=(218) ???
fn=(776) 0x00000000000044f0
0 12

fn=(4086) 0x0000000000004440
0 5

ob=(7) /usr/lib/x86_64-linux-gnu/libmd.so.0.1.0
fl=(207) ???
fn=(4180) 0x0000000000002160
0 5

fn=(696) 0x0000000000002210
0 12

fn=(4170) 0x00000000000021d0
0 9
cob=(4)
cfi=(181)
cfn=(4176) 0x0000000005cc10c0
calls=1 0 
0 144
0 1
cfn=(4180)
calls=1 0 
0 5
0 3

ob=(8) /usr/lib/x86_64-linux-gnu/libgpg-error.so.0.34.0
fl=(208) ???
fn=(714) gpg_err_init
0 6
cob=(4)
cfi=(181)
cfn=(716) 0x0000000005c9e690
calls=1 0 
0 452
0 9
cfn=(754) 0x0000000000019d60
calls=1 0 
0 82
0 1

fn=(4126) 0x000000000000a250
0 20
cob=(4)
cfi=(181)
cfn=(4134) 0x0000000005c9e9e0
calls=1 0 
0 38
0 7

fn=(754)
0 4
cob=(4)
cfi=(181)
cfn=(756) 0x0000000005c9e960
calls=1 0 
0 78

fn=(4112) 0x0000000000004b00
0 9
cob=(4)
cfi=(181)
cfn=(4118) 0x0000000005c9e520
calls=1 0 
0 297
0 1
cfn=(4162) 0x0000000000004a90
calls=1 0 
0 5
0 3

fn=(4120) 0x000000000000ad80
0 5
cfn=(4122) 0x000000000000abf0
calls=1 0 
0 121
0 4

fn=(4122)
0 16
cfn=(4126)
calls=1 0 
0 65
0 11
cob=(4)
cfi=(181)
cfn=(4152) 0x0000000005c9e890
calls=1 0 
0 28
0 1

fn=(4162)
0 5

fn=(708) 0x0000000000004b40
0 12

ob=(33) /usr/lib/x86_64-linux-gnu/libXrender.so.1.3.0
fl=(248) ???
fn=(3642) 0x0000000000002620
0 5

fn=(3632) 0x0000000000002690
0 7

ob=(10)
fl=(218)
fn=(4076) 0x00000000000044b0
0 9
cob=(4)
cfi=(181)
cfn=(4082) 0x0000000005bcc230
calls=1 0 
0 144
0 1
cfn=(4086)
calls=1 0 
0 5
0 3

ob=(33)
fl=(248)
fn=(3632)
0 2
cob=(4)
cfi=(181)
cfn=(3638) 0x00000000055c6230
calls=1 0 
0 144
0 1
cfn=(3642)
calls=1 0 
0 5
0 3

fn=(1118) 0x00000000000026d0
0 12

ob=(40) /usr/lib/x86_64-linux-gnu/libwayland-egl.so.1.22.0
fl=(255) ???
fn=(1202) 0x0000000000001130
0 12

fn=(3512) 0x0000000000001080
0 5

fn=(3502) 0x00000000000010f0
0 9
cob=(4)
cfi=(181)
cfn=(3508) 0x000000000545a050
calls=1 0 
0 144
0 1
cfn=(3512)
calls=1 0 
0 5
0 3

ob=(22) /usr/lib/x86_64-linux-gnu/libXdmcp.so.6.0.0
fl=(233) ???
fn=(3848) 0x00000000000021a0
0 5

fn=(3838) 0x0000000000002210
0 9
cob=(4)
cfi=(181)
cfn=(3844) 0x000000000579d0e0
calls=1 0 
0 144
0 1
cfn=(3848)
calls=1 0 
0 5
0 3

fn=(962) 0x0000000000002250
0 12

ob=(23) /usr/lib/x86_64-linux-gnu/libXau.so.6.0.0
fl=(234) ???
fn=(3830) 0x0000000000001360
0 5

fn=(974) 0x0000000000001410
0 12

fn=(3820) 0x00000000000013d0
0 9
cob=(4)
cfi=(181)
cfn=(3826) 0x00000000057961c0
calls=1 0 
0 144
0 1
cfn=(3830)
calls=1 0 
0 5
0 3

ob=(2)
fl=(115) ./string/../sysdeps/x86_64/multiarch/strcspn.c
fn=(362) strcspn
29 7
fi=(401) ./string/../sysdeps/x86_64/multiarch/ifunc-sse4_2.h
+7 35
fe=(115)
-7 7

fl=(134) ./string/../sysdeps/x86_64/multiarch/memchr.c
fn=(422) memchr
29 9
fi=(135) ./string/../sysdeps/x86_64/multiarch/ifunc-evex.h
+9 27
-1 36
+2 27
+6 18
-3 18
+9 27
+3 36
fe=(134)
-25 9

fl=(277) ./wcsmbs/./wcsmbs/btowc.c
fn=(1526) btowc
32 512
+5 256
-5 2048
+5 1536
+5 512
+4 384
fi=(402) ./wcsmbs/./wcsmbsload.h
+23 128
+1 384
fe=(277)
-23 128
+1 128
-1 128
+1 128
+4 512
+3 256
cfi=(278) ./elf/./elf/libc-dl-profstub.c
cfn=(1528) _dl_mcount_wrapper_check
calls=128 -19 
* 640
* 512
+39 128
-39 256
+39 512
-39 128
cfi=(279) ./iconv/./iconv/gconv_simple.c
cfn=(1530) __gconv_btwoc_ascii
calls=128 -6 
* 768
+39 1152

fl=(283)
fn=(1840)
24 36
+1 32
+3 4
cob=(4)
cfi=(181)
cfn=(726) 0x0000000004df7500
calls=4 -28 
* 64
+1 4
-1 4
+1 1000
+2 496
+1 104
cob=(4)
cfi=(181)
cfn=(1842) 0x0000000004df7600
calls=26 -32 
* 729
* 52
+5 36

fl=(359) ./nptl/./nptl/cancellation.c
fn=(2556) __pthread_enable_asynccancel
31 36
+1 36
+1 72
+4 72
+2 72
+3 144
fi=(360) ./nptl/../nptl/descr.h
439 72
fe=(359)
45 72
+11 72

fn=(2632) __pthread_disable_asynccancel
63 36
+3 108
+5 108
+3 36
+2 36
-2 36
+2 72
+7 108

fl=(87) ./wcsmbs/../sysdeps/x86_64/multiarch/wcsnlen.c
fn=(296) wcsnlen
30 1
fi=(88) ./wcsmbs/../sysdeps/x86_64/multiarch/ifunc-wcslen.h
+11 2
-1 4
+2 3
+3 2
+4 3
+3 3
fe=(87)
-22 1

fl=(380) ./nptl/./nptl/nptl_deallocate_tsd.c
fn=(3038) __nptl_deallocate_tsd
23 13
+5 52
+82 13

fl=(98) ./string/../sysdeps/x86_64/multiarch/memcmpeq.c
fn=(324) memcpy@@GLIBC_2.14
29 21
fi=(99) ./string/../sysdeps/x86_64/multiarch/ifunc-memmove.h
+28 63
-1 42
+4 63
+14 42
+3 42
+8 42
+8 42
+3 105
fe=(98)

fl=(291) ./setjmp/./setjmp/sigjmp.c
fn=(2044) __sigjmp_save
28 84
+2 28
-1 14
+5 56

fl=(320) ./io/../sysdeps/unix/sysv/linux/lseek64.c
fn=(2200) lseek
28 2
+12 8
+2 2

fl=(383) ./resolv/./resolv/res-close.c
fn=(3044) __res_thread_freeres
131 91
+1 13
cfi=(384) ./resolv/./resolv/resolv_context.c
cfn=(3046) __resolv_context_freeres
calls=13 242 
* 286
+2 65
+8 78

fl=(126) ./string/../sysdeps/x86_64/multiarch/strcasecmp_l.c
fn=(390) strcasecmp_l
31 1
fi=(114) ./string/../sysdeps/x86_64/multiarch/ifunc-strcasecmp.h
+6 2
-1 4
fe=(126)
-5 2
fi=(114)
+7 3
+3 2
+4 3
+3 4
fe=(126)

fl=(96) ./wcsmbs/../sysdeps/x86_64/multiarch/wcsncpy.c
fn=(320) wcsncpy
31 2
fi=(97) ./wcsmbs/../sysdeps/x86_64/multiarch/ifunc-wcs.h
+9 6
-1 8
+2 6
+3 4
+4 8
fe=(96)
-17 2

fl=(138) ./string/../sysdeps/x86_64/multiarch/mempcpy.c
fn=(432) mempcpy
33 2
fi=(99)
+24 6
-1 4
+4 6
+14 4
+3 4
+8 4
+8 4
+3 10
fe=(138)

fl=(193) ./misc/../sysdeps/unix/sysv/linux/mmap64.c
fn=(648) mmap
47 17
+3 34
-3 102
+6 34
+5 102
+2 68
-7 85

fl=(350) ./misc/../sysdeps/unix/sysv/linux/x86_64/clone.S
fn=(2508) clone
52 13
+2 13
+1 13
+1 13
+3 13
+1 13
+3 13
+2 13
+4 13
+3 13
+1 13
+1 13
+1 13
+1 13
+5 13
+2 26
+1 26
+1 26
+2 13
+8 13
+3 13
+1 13
+1 13
cfi=(338) ./nptl/./nptl/pthread_create.c
cfn=(2518) start_thread
calls=13 338 
* 42069

fl=(385) ./string/../sysdeps/unix/sysv/linux/tls-internal.c
fn=(3048) __glibc_tls_internal_free
24 65
+1 13
+1 26
cob=(4)
cfi=(181)
cfn=(2192) 0x0000000004df73e0
calls=13 -26 
* 78
+1 13
+1 26
-1 13
cob=(4)
cfi=(181)
cfn=(2192)
calls=13 -27 
* 78

fl=(269) ./nptl/./nptl/pthread_once.c
fn=(1414) pthread_once@@GLIBC_2.34
136 18
+3 18
+1 36
+4 32
-1 2
cfn=(1416) __pthread_once_slow
calls=2 -75 
* 2132

fn=(1416)
68 22
+8 2
+4 4
+52 20
-44 4
+4 4
+9 4
+13 26
cfi=(270) ./nptl/./nptl/cleanup_compat.c
cfn=(1418) _pthread_cleanup_push@@GLIBC_2.34
calls=2 -89 
* 14
+2 2
cob=(53)
cfi=(268)
cfn=(1382) 0x00000000000e9850
calls=1 0 
* 12
cob=(53)
cfi=(268)
cfn=(1420) 0x00000000000d0450
calls=1 0 
* 1981
+2 6
cfi=(270)
cfn=(1436) _pthread_cleanup_pop@@GLIBC_2.34
calls=2 -78 
* 12
fi=(272) ./nptl/../sysdeps/nptl/futex-internal.h
+91 6
fe=(269)
-85 2
fi=(272)
+85 11
fe=(269)

fl=(113) ./string/../sysdeps/x86_64/multiarch/strcasecmp.c
fn=(358) strcasecmp
31 8
fi=(114)
+6 16
-1 32
fe=(113)
-5 16
fi=(114)
+7 24
+3 16
+4 24
+3 32
fe=(113)

fl=(129) ./wcsmbs/../sysdeps/x86_64/multiarch/wmemcmp.c
fn=(406) wmemcmp
29 1
fi=(130) ./wcsmbs/../sysdeps/x86_64/multiarch/ifunc-memcmp.h
+5 5
+1 2
+1 2
+1 3
+3 2
+4 3
+3 4
fe=(129)
-18 2

fl=(137) ./wcsmbs/../sysdeps/x86_64/multiarch/wcpcpy.c
fn=(428) wcpncpy
31 1
fi=(97)
+9 3
-1 4
+2 3
+3 2
+4 4
fi=(403) ./wcsmbs/../sysdeps/x86_64/multiarch/wcpncpy.c
-17 1
fe=(137)

fl=(196)
fn=(654)
26 3
+1 9
fi=(197) ./signal/../sysdeps/unix/sysv/linux/internal-signals.h
+26 3
fe=(196)
-26 6
+6 3
cfi=(198) ./signal/../sysdeps/unix/sysv/linux/libc_sigaction.c
cfn=(658) __libc_sigaction
calls=3 +10 
* 180

fl=(339) ./nptl/./nptl/pthread_getattr_default_np.c
fn=(2478) pthread_getattr_default_np@@GLIBC_2.34
24 26
+1 26
-1 52
+1 26
+1 39
cfi=(340) ./nptl/./nptl/pthread_attr_copy.c
cfn=(2480) __pthread_attr_copy
calls=13 -1 
* 585
+1 52
+2 39

fl=(270)
fn=(1418)
25 28
+3 28
+1 28
+1 56
+2 28
+1 28

fn=(1436)
40 28
+3 56
+4 56
+2 28

fl=(290) ./setjmp/../sysdeps/x86_64/setjmp.S
fn=(2042) __sigsetjmp
31 14
+2 14
+9 14
+1 28
+1 14
+4 14
+1 14
+1 14
+1 14
+1 14
+2 28
+2 14
+1 14
+1 14
+2 28
+2 14
+5 14
+1 14
+17 14
cfi=(291)
cfn=(2044)
calls=14 -57 
* 182

fl=(335)
fn=(2430)
40 12
+1 2
cob=(4)
cfi=(181)
cfn=(726)
calls=2 -41 
* 32
* 2
+1 4
cob=(4)
cfi=(181)
cfn=(730) 0x0000000004df73f0
calls=2 -42 
* 230
+2 4
fi=(336) ./string/../string/bits/string_fortified.h
-15 6
fe=(335)
+19 8
fi=(336)
-19 2
cob=(4)
cfi=(181)
cfn=(738) 0x0000000004df76f0
calls=2 -29 
* 46
fe=(335)

fl=(361) ./misc/../sysdeps/unix/sysv/linux/getsysstats.c
fn=(2570) get_nprocs
215 2
+1 1
-1 1
+1 1
cfn=(2572) read_sysfs_file
calls=1 -77 
* 409
+1 2
+5 2

fn=(2572)
139 1
+9 1
-9 11
+9 1
cfi=(362) ./io/../sysdeps/unix/sysv/linux/open64_nocancel.c
cfn=(2574) __open_nocancel
calls=1 28 
* 27
* 1
+3 2
+39 12
72 5
cfi=(363) ./io/../sysdeps/unix/sysv/linux/read_nocancel.c
cfn=(2576) __read_nocancel
calls=1 -47 
* 6
* 1
+1 2
+5 2
-2 1
+2 2
cob=(4)
cfi=(181)
cfn=(2578) 0x0000000004df7480
calls=1 -78 
* 21
+1 2
fi=(365) ./misc/../sysdeps/unix/sysv/linux/not-cancel.h
-4 2
cfi=(326) ./io/../sysdeps/unix/sysv/linux/close_nocancel.c
cfn=(2240) __close_nocancel
calls=1 -50 
* 6
+1 1
fe=(361)
+29 2
+45 3
+28 3
+3 3
-1 1
+1 2
+3 2
-26 4
cfi=(296)
cfn=(2070)
calls=1 -33 
* 123
+1 1
-1 1
+1 2
+7 2
+2 1
+1 4
cfi=(296)
cfn=(2070)
calls=1 -44 
* 139
+1 3
+7 3
-75 1
+1 2

fl=(210) ./nptl/./nptl/pthread_rwlock_wrlock.c
fn=(722) pthread_rwlock_wrlock@@GLIBC_2.34
23 10
+1 1
fi=(211) ./nptl/./nptl/pthread_rwlock_common.c
603 4
+19 6
778 2
624 2
778 1
+5 2
+5 2
+1 2
-1 2
+1 6
+6 12
+7 1
947 2
+2 1
fe=(210)
27 1
+2 9

fl=(296)
fn=(2070)
125 3
+1 15
cfi=(297) ./stdlib/../stdlib/strtol_l.c
cfn=(2072) ____strtoul_l_internal
calls=3 238 
* 436

fn=(2706)
125 378
+1 1890
cfi=(297)
cfn=(2708) ____strtol_l_internal
calls=378 238 
* 43540

fl=(377) ./nptl/../nptl/pthread_mutex_lock.c
fn=(2996) __pthread_mutex_cond_lock
77 13
+3 39
+2 13
+2 26
-7 52
+11 26
+2 39
+3 52
+1 39
+85 13
+3 13
+5 13
-82 13
+85 39

fl=(195) ./gmon/../sysdeps/posix/profil.c
fn=(652) profil
66 18
+12 6
-3 8
+13 2
+16 1
+5 1
+8 2
-13 1
-1 1
+1 1
+13 1
-12 1
+1 1
+3 1
+6 1
fi=(404) ./gmon/../sysdeps/unix/sysv/linux/sigsetops.h
-53 1
fe=(195)
+55 1
cfi=(196)
cfn=(654)
calls=1 -91 
* 84
* 2
+3 1
+1 1
cfi=(199) ./gmon/../sysdeps/unix/sysv/linux/prof-freq.c
cfn=(660) __profile_frequency
calls=1 -95 
* 4
* 1
+2 2
-2 3
+2 1
-2 2
+1 2
+1 1
cfi=(200) ./time/../sysdeps/unix/sysv/linux/setitimer.c
cfn=(662) setitimer
calls=1 -94 
* 6
+1 13
-46 2
+4 4
cfi=(200)
cfn=(662)
calls=1 -53 
* 6
* 2
+2 1
+1 3
+39 1
-39 2
+39 1
-39 1
+39 5
-39 1
cfi=(196)
cfn=(654)
calls=1 -59 
* 60

fl=(278)
fn=(1528)
36 128
+1 384
+1 128

fl=(141) ./time/../sysdeps/unix/sysv/linux/time.c
fn=(444) time
38 3
fi=(405) ./time/../sysdeps/unix/sysv/linux/dl-vdso.h
+2 6
+1 6
fe=(141)
-3 6

fl=(200)
fn=(662)
29 2
+2 8
+29 2

fl=(322)
fn=(2210)
34 7
+3 9
+1 5
cfi=(319) ./libio/./libio/ioseekoff.c
cfn=(2186) _IO_seekoff_unlocked
calls=1 -5 
* 68
+1 1
fi=(313) ./libio/./libio/libioP.h
979 2
fe=(322)
39 2
fi=(313)
980 8
fe=(322)
45 2
+12 5
fi=(313)
979 3
fe=(322)
37 3

fl=(186)
fn=(2194)
3359 626
+4 1252
-4 1254
+14 418
-14 1254
+12 418
+4 418
-4 418
+4 836
+17 1248
fi=(187) ./malloc/./malloc/arena.c
153 1248
-98 13
+92 78
+6 13
fe=(186)
3398 39
cfn=(2244) _int_free
calls=13 4495 
* 1950
* 1209
cfn=(2244)
calls=403 4495 
* 25123
+3 416
+1 2496
-23 6
+2 6
+2 1
+1 1
-1 1
+1 1
+1 1
+3 2
cfn=(2944) munmap_chunk
calls=1 3024 
* 36
* 2
cfn=(2944)
calls=1 3024 
* 36
+13 2
+1 220
3248 117
cfn=(632) tcache_init.part.0
calls=13 -6 
* 4731
3395 39

fn=(622)
3699 32
+10 16
-10 112
+10 128
+8 32
+3 48
+2 32
+3 112
+7 14
+8 14
-7 28
+7 28
+14 42
cfn=(634) _int_malloc
calls=14 +92 
* 1910
+2 106
fi=(187)
153 28
fe=(186)
3732 2
+1 2
+21 4
-21 4
+21 2
cfn=(634)
calls=2 +92 
* 574
+2 4
+33 2
fi=(192) ./malloc/../string/bits/string_fortified.h
59 2
fe=(186)
3789 4
+48 24
-78 4
+10 56
+15 14
+3 56
+9 14
-12 14
+12 28
+3 70
+8 14
+2 28
+2 28
+5 1
+2 1
-2 1
+3 2
+2 1
+2 2
fi=(187)
264 1
cfn=(626) ptmalloc_init.part.0
calls=1 -2 
* 1151
* 1
fe=(186)
3756 42
+3 28
+78 13
fi=(192)
59 26
fe=(186)
3837 78
fi=(192)
59 13
cob=(4)
cfi=(181)
cfn=(2302) 0x0000000004df7740
calls=13 -59 
* 494
fe=(186)
3248 4
cfn=(632)
calls=1 -6 
* 473
* 1

fn=(2450) unlink_chunk.isra.0
1608 4
+2 12
-2 4
+2 8
+3 4
+1 8
+2 16
-3 4
+6 4
+1 4
+1 11
+2 2
+1 3
+3 2
+14 1
+1 1
+3 8

fn=(642) alloc_perturb
1985 516
+2 172

fn=(2412) posix_memalign
5786 20
+3 4
+6 8
-1 4
+2 8
+5 6
cfn=(2414) _mid_memalign.isra.0
calls=2 3575 
* 917
* 2
+8 2
-6 4
+2 2
+1 2
+4 12

fn=(2414)
3575 14
+6 4
+4 4
1326 4
+19 10
3615 6
+2 4
+1 8
+1 8
+19 4
+24 12
-72 6
+8 6
+42 10
cfn=(2416) _int_memalign
calls=2 5039 
* 799
+1 10
fi=(187)
153 4
fe=(186)
3643 4

fn=(2248) _int_free_maybe_consolidate
4770 308
+6 56
+22 308
-20 52
+3 39
fi=(187)
55 13
fe=(186)
4792 13
fi=(187)
55 26
+92 13
fe=(186)
4794 26
+1 13
fi=(187)
545 13
fe=(186)
4795 13
fi=(187)
545 26
+27 13
55 26
585 13
+1 26
-1 26
fe=(186)

fn=(2416)
5039 16
1326 4
+19 14
5052 4
+20 8
cfn=(634)
calls=2 3846 
* 343
+2 4
-2 2
+2 2
+5 2
-2 2
+2 6
+7 10
+2 8
+5 8
+3 4
+8 20
+2 2
+1 6
+1 2
-1 4
+1 2
cfn=(2246) _int_free_merge_chunk
calls=2 4665 
* 182
+3 18
-2 2
+7 6
+2 4
+1 2
+1 2
+1 4
+2 2
+2 2
-5 2
+4 4
+13 6
cfn=(2248)
calls=2 4770 
* 48
+7 18
-11 2
-1 2
+1 4
4714 4
+42 2
+1 6
+1 4

fn=(646) sysmalloc_mmap.isra.0
2400 15
+13 9
-13 3
+18 6
+3 27
cfi=(193)
cfn=(648)
calls=3 47 
* 78
* 3
+3 6
+4 6
2008 12
2432 12
cfi=(194) ./misc/../sysdeps/unix/sysv/linux/setvmaname.c
cfn=(650) __set_vma_name
calls=3 33 
* 101
+16 9
+19 3
-1 3
+5 3
-4 6
+4 6
+1 15
+3 9
+1 15
+5 21

fn=(2244)
4495 3003
+4 1287
+6 1716
+1 858
+4 2145
+8 1716
-1 806
+1 806
+29 401
-20 401
-6 401
+6 802
+20 1604
1792 113
4561 226
+11 356
+2 267
1992 89
4593 89
1992 178
4595 89
+1 89
+4 178
+2 89
-2 89
+2 89
+26 352
+30 2568
-21 48
+3 48
+3 46
+15 1
-12 1
+12 4
-12 1
cfn=(2246)
calls=1 +19 
* 78
-49 89
+22 89
-22 178
+22 267
+2 356
+1 178
-6 178
3163 316
+4 316
-4 316
+2 1264
+1 316
+1 316
4550 316
+94 92
+2 46
cfn=(2246)
calls=23 +19 
* 2237
+3 92

fn=(634)
3846 1936
1326 352
+19 1054
3887 348
1794 174
3914 348
+65 232
-63 464
+3 116
+2 232
+2 2
-6 1
+9 2
+6 2
+1 2
+7 1
-1 2
+1 5
+5 2
3165 1
3945 1
+1 3
+31 116
+62 131
+1 21
+20 175
-1 175
-1 175
+1 350
+1 350
-2 322
+12 875
-1 6
+4 6
+1 3
+2 6
+1 9
+2 3
+1 12
+2 12
-10 3
+12 6
+1 6
+2 6
+11 12
+29 3
+1 3
+4 6
+29 6
+8 13
+1 1
+1 1
-1 1
+4 2
3929 18
-42 4
+27 4
+66 168
+2 168
-2 168
+2 336
-68 6
1345 2
3919 4
+2 4
+9 351
1985 3
4487 2112
4163 4
+1 6
+1 2
-1 2
+57 4
+9 2
-9 4
+9 2
-9 6
+1 2
+1 2
+1 2
+1 2
+6 4
-10 2
+9 1
-9 2
+9 1
-9 3
+1 1
+1 1
+1 1
+1 1
+6 2
4070 9
4246 6
+11 525
+2 21
+3 7
-3 7
+3 14
+1 175
+71 525
-4 175
+1 175
+1 175
-1 175
+1 175
+1 350
+1 525
+5 701
+16 11
+2 22
-4 30
+8 4
+3 8
+2 1
+1 1
+1 1
-2 4
-27 1
-99 12
4099 6
4218 1
-48 1
+48 3
4343 519
+3 664
-3 498
+3 664
-3 495
+3 592
-3 296
4443 172
+1 344
+2 344
+3 516
+17 16
4070 51
-91 306
4343 1
+5 4
+1 2
+24 12
+3 6
+2 3
+3 6
-3 6
+3 3
cfn=(2450)
calls=3 1608 
* 75
+3 12
+15 2
-5 1
+5 2
+1 2
+3 1
+1 1
+1 1
+3 2
+1 1
+1 2
+2 2
+3 8
+2 3
+1 1
1985 1
4421 1
1985 4
4421 2
1985 4
4387 2
-1 2
+1 4
2552 4
+12 4
-12 20
+12 4
+1 9
+3 12
+8 15
cfn=(646)
calls=3 2400 
* 368
* 3
+1 6
4482 6
-22 516
cfn=(642)
calls=172 1985 
* 688
+1 172
-9 336
+2 336
-1 168
+1 168
-3 168
+3 168
+2 168
-2 672
+2 168
+3 336
2553 1
+36 3
+1 1
-1 1
+1 1
+9 4
+9 3
2921 3
+1 1
+4 1
+4 5
+5 1
-2 1
+5 1
-3 2
-3 1
+2 1
+1 1
+1 1
-1 3
+1 1
4482 1
2669 3
+8 2
+1 3
+13 1
+2 1
-2 2
+8 5
+8 2
+48 4
+40 3
+19 2
+3 2
+1 6
+2 1
+1 5
cfi=(189) ./malloc/./malloc/morecore.c
cfn=(636) __glibc_morecore
calls=1 25 
* 33
+12 4
-12 1
+12 1
2008 4
3882 1
2873 1
+3 1
-1 1
+1 4
+12 1
-11 1
+11 2
2783 1
-1 2
2017 2
2745 1
+1 1
+6 3
-6 1
+6 3
-43 3
cfi=(189)
cfn=(636)
calls=1 25 
* 64
+1 2
-1 1
+1 1
2008 1
2711 1
2008 3
2712 1
+3 2
+29 3

fn=(2944)
3024 2
+2 2
-1 2
+1 4
+2 2
-3 2
-1 2
+4 2
+3 4
+7 2
-8 2
+9 2
-8 2
+1 2
+6 6
+1 8
+3 2
+1 6
+6 2
-1 4
cfi=(344) ./misc/../sysdeps/unix/syscall-template.S
cfn=(2946) munmap
calls=2 117 
* 12

fn=(632)
3242 56
+9 60
+1 39
cfn=(634)
calls=13 3846 
* 1943
+1 26
+8 52
+9 14
fi=(192)
59 28
fe=(186)
3270 14
fi=(192)
59 1204
fe=(186)
3274 42
fi=(187)
824 13
cfn=(3026) get_free_list
calls=13 703 
* 498
* 13
+1 29
cfn=(3028) arena_get2.part.0
calls=1 -7 
* 1027
fe=(186)
3252 4
cfn=(634)
calls=1 3846 
* 132
+1 2
+7 2
+8 2
-7 4

fn=(732)
3294 3168
+7 792
1326 792
+19 1973
3311 778
+2 1584
+3 792
+10 288
+8 944
+2 354
cfn=(634)
calls=118 3846 
* 17008
+3 236
+8 472
+4 354
fi=(187)
153 354
fe=(186)
3351 236
+3 864
-36 1173
3178 504
+4 504
+4 252
+4 252
-4 756
+4 252
+1 252
3354 1512
-26 104
cfn=(634)
calls=26 3846 
* 3841
+1 130
fi=(187)
153 50
fe=(186)

fn=(2246)
4665 130
+1 26
-1 78
+5 156
+3 52
+5 78
+3 52
+1 52
+1 52
1992 78
4689 52
+25 52
+6 24
+4 11
+9 11
-1 11
+1 33
+1 22
-1 1
-1 1
+1 3
+1 2
+2 12
+2 24
+5 12
+1 12
+2 36
+1 12
-45 12
-1 24
+1 72
-1 12
cfn=(2248)
calls=12 +69 
* 288
+1 14
-1 28
+1 84
-1 14
cfn=(2248)
calls=14 +69 
* 687
+39 3
+16 14
+1 42
+1 28
-37 1
+1 1
-1 1
cfn=(2450)
calls=1 1608 
* 21
+1 1
-47 39
-2 26

fl=(280) ./wctype/./wctype/wctype_l.c
fn=(1542) wctype_l
26 80
+7 10
-7 30
+3 10
cob=(4)
cfi=(181)
cfn=(726)
calls=10 -29 
* 160
* 10
+3 30
+1 10
+7 48
+1 96
-8 48
+2 96
cob=(4)
cfi=(181)
cfn=(726)
calls=48 -35 
* 768
* 20
cob=(4)
cfi=(181)
cfn=(726)
calls=10 -35 
* 160
* 58
+2 312
cob=(4)
cfi=(181)
cfn=(1544) 0x0000000004df7580
calls=49 -37 
* 1146
* 98
+8 20
+1 10
+1 80

fl=(246) ./nptl/./nptl/pthread_mutex_init.c
fn=(1108) pthread_mutex_init@@GLIBC_2.2.5
53 36
+12 6
+40 18
+31 12
+4 3
+9 3
+2 3
+1 30
fi=(247) ./nptl/../string/bits/string_fortified.h
-93 6
fe=(246)
+33 6
fi=(247)
-33 3
fe=(246)
+6 3
fi=(247)
-6 6
fe=(246)

fl=(292)
fn=(2052)
54 5
+18 5
+3 5
+3 5
+1 5
+1 5
+1 5
+1 5
+3 5
+1 5
+1 5
+4 5
+7 5
+2 5
+4 5
+2 5
+1 5
+3 1
+1 1
+1 1
+1 1
+2 1
+2 1
+3 1
+1 1
+1 1
+2 1
+1 1
+58 1
+1 1
+2 1
+2 1
+1 1
+1 1
+1 1
+1 1
+2 1
380 1
+2 1
+1 1
+1 1
+5 1
+1 1
-8 4
+1 4
+1 4
+5 4
+1 4
+3 5
+1 5
+1 5
+1 5
+23 5
+1 5
+1 5
+1 5
+2 5
+1 5
+1 5
+3 5
+1 5
+2 5
+1 5
+1 5
+2 6
+3 3
+1 3
+1 3
+1 3
+1 3
+1 3
+1 3
-6 87
+1 87
+1 87
+1 87
+1 87
+1 87
+1 87
+2 10

fl=(367)
fn=(2728)
38 8
+1 1
+1 2
+1 6
-12 12
+4 4

fl=(293)
fn=(2058)
30 4
+1 2
-1 2
+1 6
cfi=(294) ./posix/./posix/getopt.c
cfn=(2060) _getopt_internal
calls=2 706 
* 1075
+2 4

fl=(305) ./libio/./libio/fileops.c
fn=(2166) _IO_new_file_init_internal
106 12
+5 2
-1 2
+3 2
cfi=(306) ./libio/./libio/genops.c
cfn=(2168) _IO_link_in
calls=2 -26 
* 201
+1 2
+1 6

fn=(2198) _IO_file_seek
1140 2
+1 4
cfi=(320)
cfn=(2200)
calls=2 28 
* 12

fn=(2238) _IO_file_close
1165 2
+3 4
cfi=(326)
cfn=(2240)
calls=2 25 
* 12

fn=(2174) _IO_file_fopen@@GLIBC_2.2.5
213 24
+9 4
+2 12
+23 20
357 24
247 6
+26 1
+8 4
cfn=(2176) _IO_file_open
calls=1 -99 
* 96
* 4
cfn=(2176)
calls=1 -99 
* 137
* 2
+3 4
+3 6
cfi=(317) ./string/../string/strstr.c
cfn=(2180) __GI_strstr
calls=2 77 
* 118
* 2
+1 4
-74 2
+13 2
+1 4
+19 12

fn=(2234) _IO_file_close_it@@GLIBC_2.2.5
128 14
+2 6
+4 4
+3 2
-3 2
-1 4
+6 2
+3 2
-3 2
cfi=(306)
cfn=(2236) _IO_unsave_markers
calls=2 937 
* 28
+3 6
fi=(313)
1025 6
+1 4
fe=(305)
142 4
cfn=(2238)
calls=2 1165 
* 18
* 2
+3 6
+8 10
cfi=(306)
cfn=(2130) _IO_setb
calls=2 329 
* 217
+1 2
+3 2
-3 6
+3 2
cfi=(306)
cfn=(2230) _IO_un_link
calls=2 53 
* 8
+5 2
-4 2
+1 2
+3 2
-2 2
+3 14

fn=(2120) _IO_file_overflow@@GLIBC_2.2.5
732 8
+1 4
+7 3
+3 2
+12 2
+9 3
+5 3
+2 2
-5 1
+5 1
+1 1
-5 1
+1 1
+4 2
-7 1
+10 2
+13 1
-12 1
+1 1
+11 4
-12 1
cfn=(2132) _IO_do_write@@GLIBC_2.2.5
calls=1 424 
* 5
-4 2
-27 2
cfi=(306)
cfn=(2122) _IO_doallocbuf
calls=1 343 
* 293
+1 1
+9 1
-9 5

fn=(2202) _IO_file_read
1131 1
+3 1
-1 1
+1 2
cfi=(321) ./io/../sysdeps/unix/sysv/linux/read.c
cfn=(2204) read
calls=1 25 
* 8

fn=(2176)
182 4
+3 2
-3 20
+2 4
+4 2
cfi=(316) ./io/../sysdeps/unix/sysv/linux/open64.c
cfn=(2178) open
calls=2 30 
* 115
* 2
+1 4
+3 4
+3 2
-4 2
+1 6
+3 2
-3 2
+3 2
+10 4
cfi=(306)
cfn=(2168)
calls=2 87 
* 42
+1 2
+1 12

fn=(2188) _IO_file_seekoff@@GLIBC_2.2.5
901 39
+8 8
-60 6
+66 8
+3 8
+12 4
+13 8
+23 1
fi=(313)
+59 3
+1 2
fe=(305)
-60 3
cfn=(2126) _IO_file_stat
calls=1 1147 
* 9
* 6
+2 2
+1 1
+7 2
cfi=(306)
cfn=(2190) _IO_free_backup_area
calls=1 187 
* 22
* 2
cfi=(306)
cfn=(2190)
calls=1 187 
* 22
+5 2
+1 2
-1 6
+1 2
+3 3
-1 1
+2 4
fi=(313)
+39 1
fe=(305)
-27 2
+4 2
+1 1
-1 2
+2 1
-2 1
+1 1
+1 2
+5 1
fi=(313)
+16 2
+1 2
fe=(305)
-17 3
cfn=(2198)
calls=1 1140 
* 9
* 1
+1 2
+2 2
+4 1
fi=(313)
+9 2
+1 2
fe=(305)
-10 8
cfn=(2202)
calls=1 1131 
* 13
+3 2
+11 2
-3 1
+4 1
-1 2
-3 7
+5 4
+23 33
915 4
+18 3
+5 2
cfi=(306)
cfn=(2122)
calls=1 343 
* 293
+1 2
+1 4
-93 2
+4 1
-2 2
+2 1
+5 2
+34 2
-10 3
-14 2
+1 3
988 2
+5 1
-5 2
+5 1
-5 4
+63 2
+1 1
fi=(313)
-27 3
+1 2
fe=(305)
+26 3
cfn=(2198)
calls=1 +88 
* 9
* 1

fn=(2118) _IO_file_xsputn@@GLIBC_2.2.5
1198 14
+7 2
-7 4
+6 8
+9 4
-2 8
+17 6
+1 2
+5 1
+2 2
+2 1
-4 1
+2 1
+2 1
-1 1
-1 1
cob=(4)
cfi=(181)
cfn=(2136) 0x0000000004df7430
calls=1 0 
* 16
+2 1
-2 1
+4 2
+28 18
-68 1
+44 1
fi=(313)
1025 3
+1 2
fe=(305)
1244 3
cfn=(2120)
calls=1 732 
* 354
* 2
+6 2
+1 5
+2 3
+11 2
+1 4
cfi=(306)
cfn=(2134) _IO_default_xsputn
calls=1 371 
* 61
+2 3

fn=(3238) _IO_file_write@@GLIBC_2.2.5
1174 8
+2 4
-1 2
+6 1
cfi=(399) ./io/../sysdeps/unix/sysv/linux/write.c
cfn=(3240) write
calls=1 25 
* 57
+1 2
+5 1
+1 1
-12 2
+4 3
+1 2
+10 3
+3 6
-4 3

fn=(4194) _IO_file_setbuf@@GLIBC_2.2.5
382 6
+1 1
cfi=(306)
cfn=(4196) _IO_default_setbuf
calls=1 +69 
* 69
* 2
+3 1
+4 2
-2 3
+3 3

fn=(2126)
1147 3
+1 6
cfi=(308) ./io/../sysdeps/unix/sysv/linux/fstat64.c
cfn=(2128) fstat
calls=3 30 
* 18

fn=(2220) _IO_file_xsgetn
1273 11
+7 1
-7 1
+7 1
+11 1
fi=(313)
1025 1
fe=(305)
1291 4
+2 3
+1 2
+67 8
fi=(324) ./libio/../string/bits/string_fortified.h
29 3
cob=(4)
cfi=(181)
cfn=(2108) 0x0000000004df76b0
calls=1 -29 
* 91
fe=(305)
1297 1
-6 2

fn=(2132)
424 2
+2 6
+1 1
-3 3
fi=(313)
1025 1
fe=(305)
424 8
+20 1
-10 2
+7 4
fi=(313)
1025 2
+1 2
fe=(305)
449 4
cfn=(3238)
calls=1 1174 
* 95
* 1
+1 3
+2 1
+4 2
-3 2
-1 2
+4 3
-30 2
+28 1
-28 2
+1 8
+28 3

fn=(3234) _IO_file_sync@@GLIBC_2.2.5
793 77
+5 44
+1 3
+1 11
+1 22
+11 22
+4 55
-17 2
cfn=(2132)
calls=1 424 
* 156
* 2

fn=(2252) _IO_file_finish@@GLIBC_2.2.5
168 10
+1 2
-1 2
+1 2
+6 4
+1 6
-1 2
cfi=(306)
cfn=(2254) _IO_default_finish
calls=2 601 
* 40

fl=(366) ./libio/./libio/fileno.c
fn=(2684) fileno
32 8
+3 40
+7 8

fl=(91) ./wcsmbs/../sysdeps/x86_64/multiarch/wcslen.c
fn=(304) wcslen
29 3
fi=(88)
+12 6
-1 12
+2 9
+3 6
+4 9
+3 9
fe=(91)
-23 3

fl=(297)
fn=(2708)
238 1890
+54 378
-54 378
+19 378
-19 1512
+14 378
-14 1134
+26 756
+31 1512
+9 2996
+1 364
-1 1092
+2 756
+5 728
-1 364
+6 728
+4 728
+15 664
+10 1456
-87 728
395 364
+56 1820
+26 364
+1 364
-84 364
-1 364
+96 728
-5 1040
+5 520
+1 1560
-41 1040
+2 2080
+2 2106
+7 364
+17 364
+1 252
+3 1938
+3 1040
+11 728
+5 756
+6 504
+3 252
+15 252
-15 504
-2 504
+39 3024
298 224
+29 64
+15 728
-20 64
533 224
327 64
533 28
298 28

fn=(2072)
238 15
+54 3
-54 3
+19 3
-19 12
+14 3
-14 9
+26 6
+31 12
+9 18
+2 6
+5 6
-1 3
+6 6
+4 6
+15 4
+10 12
-87 3
390 9
+1 9
+4 3
+56 15
+26 3
+1 3
-84 3
-1 3
+96 6
-5 16
+5 8
+1 24
-41 16
+2 32
+2 30
+7 4
+17 4
+4 24
+3 16
+11 6
+5 9
+1 3
+12 6
+11 15
+22 27
327 2
+15 6
-20 2
+5 2

fl=(364) ./string/../sysdeps/x86_64/multiarch/memchr-avx2.S
fn=(2580) __memchr_avx2
61 757
+7 757
+2 757
+3 757
+1 757
+2 757
+1 757
+1 757
+1 757
+3 757
+1 757
+3 757
+1 757
+2 441
+1 441
+1 371
+1 371
+2 742
+7 316
+5 316
+7 316
+1 316
+1 316
+1 316
+5 19
+1 19
+1 19
+1 38
+9 6
+1 6
+1 6
+1 12
+4 10
+1 10
+1 10
+1 20
+5 10
+1 10
+1 10
+1 20
+10 70
+1 70
+1 70
+2 70
+10 70
+1 70
+3 70
+1 70
+2 63
+1 63
+2 44
+1 44
+1 44
+1 44
+2 38
+1 38
+1 38
+1 38
+2 28
+1 28
+1 28
+1 28
+4 18
+1 18
+3 18
+1 18
+1 18
+1 18
+5 36
+10 18
+1 18
+1 18
+1 18
+1 18
+1 18
+1 18
+2 18
+6 18
+1 18
-15 56
+1 56
+1 56
+1 56
+1 56
+1 56
+1 56
+2 56
+6 56
+1 56
+2 56
+2 56
+1 56
+13 7
+1 7
+28 18
+1 18
+1 18
+2 9
+1 9
+1 9
+2 7
+2 7
+1 7
+1 7
+4 7
+2 7
+1 14
+5 7
+2 7
+2 7
+1 7
+1 7
+1 7
+1 14
+9 9
+4 9
+2 9
+1 18
+4 2
+4 2
+2 2
+1 4

fl=(372) ./stdlib/./stdlib/exit.c
fn=(2954) exit
137 2
+1 3
-1 1
+1 1
cfn=(2956) __run_exit_handlers
calls=1 38 
* 169491

fn=(2956)
38 12
+2 2
+3 5
+11 2
+2 2
+38 2
-30 54
+2 17
+1 17
-1 17
+3 145
+44 12
+13 1
-66 1
+66 3
+2 2
+3 2
cfi=(400) ./posix/../sysdeps/unix/sysv/linux/_exit.c
cfn=(4198) _Exit
calls=1 27 
* 4
-29 4
+1 4
-2 4
+3 4
+3 4
-3 8
+3 12
+1 12
cob=(1) /usr/lib/x86_64-linux-gnu/ld-linux-x86-64.so.2
cfi=(389) ./elf/./elf/dl-fini.c
cfn=(3092) _dl_fini
calls=1 -82 
* 143445
cob=(5)
cfi=(184)
cfn=(2808)
calls=1 0 
* 39
cob=(5)
cfi=(184)
cfn=(3090)
calls=1 0 
* 53
cob=(5)
cfi=(184)
cfn=(2962)
calls=1 0 
* 24649
+1 16
+10 3
+1 2
-79 1
cfi=(369) ./stdlib/./stdlib/cxa_thread_atexit_impl.c
cfn=(2958) __call_tls_dtors
calls=1 148 
* 422
* 1
+88 1
cfi=(306)
cfn=(4188) _IO_cleanup
calls=1 842 
* 506
* 1

fl=(131) ./debug/../sysdeps/x86_64/multiarch/memmove_chk.c
fn=(410) __memmove_chk
29 4
fi=(93) ./debug/../sysdeps/x86_64/multiarch/ifunc-memmove.h
+28 12
-1 8
+4 12
+14 8
+3 8
+8 8
+8 8
+3 20
fe=(131)

fl=(384)
fn=(3046)
242 117
+2 26
+1 13
+1 26
+6 104

fl=(187)
fn=(3028)
818 10
+10 1
+4 1
-4 2
+2 3
+23 3
+12 9
-33 2
+23 7
463 1
638 2
463 2
+7 7
cfn=(3030) alloc_new_heap
calls=1 -90 
* 155
* 1
640 2
+9 3
fi=(186)
1946 2
+3 1
-3 1
+3 2
-3 2
+3 126
-3 126
+3 252
-3 252
+7 3
+2 1
+3 1
fe=(187)
657 1
-1 1
-5 1
+2 3
+5 2
+1 2
+2 1
-1 1
+1 3
+2 1
+1 1
+4 1
-4 1
+1 1
+3 1
-2 1
+2 2
+3 2
+7 1
-2 1
+2 3
+2 4
-61 2
+63 4
+12 4
857 2

fn=(3030)
380 9
49 3
387 3
+2 2
+1 1
+5 2
+7 1
+2 1
-9 1
+9 1
-9 4
+7 2
+39 4
cfi=(344)
cfn=(2488) mprotect
calls=1 117 
* 6
* 2
+7 4
cfi=(194)
cfn=(650)
calls=1 33 
* 21
fi=(186)
2008 4
fe=(187)
453 1
+2 1
-2 1
+3 1
+2 9
-44 7
cfi=(193)
cfn=(648)
calls=1 47 
* 26
* 1
+1 2
+2 1
+1 5
+5 1
-3 3
+4 4
cfi=(344)
cfn=(2946)
calls=1 117 
* 6
* 1
49 1
+6 2
421 3
cfi=(344)
cfn=(2946)
calls=1 117 
* 6
* 2

fn=(626)
262 1
fi=(188) ./malloc/../sysdeps/unix/sysv/linux/not-cancel.h
97 3
fe=(187)
262 7
+5 1
fi=(188)
97 3
fi=(186)
3143 2
fe=(187)
292 2
+4 3
fi=(186)
1946 4
+3 1
-3 1
+3 2
-3 2
+3 126
-3 126
+3 252
-3 252
+11 1
fe=(187)
300 3
fi=(186)
1958 1
+2 1
fe=(187)
300 1
cob=(4)
cfi=(181)
cfn=(586) 0x0000000004df7720
calls=1 0 
* 25
+1 4
cob=(4)
cfi=(181)
cfn=(586)
calls=1 0 
* 26
+1 4
cob=(4)
cfi=(181)
cfn=(586)
calls=1 0 
* 25
+1 4
cob=(4)
cfi=(181)
cfn=(586)
calls=1 0 
* 25
+1 4
cob=(4)
cfi=(181)
cfn=(586)
calls=1 0 
* 26
+1 4
cob=(4)
cfi=(181)
cfn=(586)
calls=1 0 
* 25
+1 4
cob=(4)
cfi=(181)
cfn=(586)
calls=1 0 
* 25
+2 4
cob=(4)
cfi=(181)
cfn=(586)
calls=1 0 
* 25
+1 4
cob=(4)
cfi=(181)
cfn=(586)
calls=1 0 
* 25
+1 4
cob=(4)
cfi=(181)
cfn=(586)
calls=1 0 
* 25
+3 4
cob=(4)
cfi=(181)
cfn=(586)
calls=1 0 
* 25
+1 4
cob=(4)
cfi=(181)
cfn=(586)
calls=1 0 
* 25
+2 2
+10 8

fn=(3026)
703 78
+1 13
+2 13
-2 13
+2 13
+2 48
+1 12
+1 24
+2 12
+3 12
-3 12
+3 12
+1 12
-97 24
724 12
+1 48
+1 12
+5 84
-26 1
+26 7
-11 36

fn=(3052) __malloc_arena_thread_freeres
893 117
fi=(186)
3213 13
+2 13
-2 13
+2 13
+2 26
+4 39
+4 13
+2 2509
+3 26
+3 13
3371 13
+2 13
3233 39
3375 13
-4 13
+4 26
+26 13
3227 39
-2 2496
+13 26
cfn=(2194)
calls=13 3359 
* 2509
* 13
fe=(187)
899 26
+1 13
+2 26
+2 52
+3 39
+1 39
+2 13
+1 13
-1 13
+3 52
+2 104
fi=(186)
3392 26
fe=(187)
153 39
fi=(186)
3398 26
cfn=(2244)
calls=13 4495 
* 923
* 13
3231 13
+17 39
fe=(187)

fl=(119) ./string/../sysdeps/x86_64/multiarch/strncase_l.c
fn=(370) strncasecmp_l
31 1
fi=(114)
+6 2
-1 4
fe=(119)
-5 2
fi=(114)
+7 3
+3 2
+4 3
+3 4
fe=(119)

fl=(281)
fn=(1546)
73 1170
+7 1170
+1 1170
+3 1
+1 1
+1 1
+4 1
+1 1
+2 1
+1 1
+3 1
+1 1
+1 1
+3 1
+1 1
+3 1
+1 1
+3 1
+1 1
+1 1
+1 1
+1 1
+1 1
+1 1
+1 1
+1 1
+1 1
+3 1
+1 1
+6 1
+1 1
+1 1
+1 1
+4 1
+1 1
+2 1
+1 1
+1 1
+1 1
+3 1
+1 1
+1 1
+1 1
+1 1
+1 1
+2 2
+4 731
+10 731
+1 731
+1 731
+3 1462
401 1169
+1 1169
+5 791
+1 791
+1 791
+1 791
+1 791
+3 769
+1 769
+1 769
+1 769
+3 769
+1 769
+1 38
+1 76
+6 22
+1 22
+2 22
+1 22
+2 11
+1 11
+2 11
+1 11
+1 11
+1 11
+1 11
+1 11
+1 11
+1 11
+1 11
+2 11
+6 378
+1 378
+1 378
+1 378
+2 378
+4 22
+1 22
+2 22
+10 11
+1 11
+1 11
+1 11

fl=(112) ./string/../sysdeps/x86_64/multiarch/strncmp.c
fn=(356) strncmp
67 13
-23 26
-1 52
+24 26
-22 39
+3 26
+4 39
+3 52

fl=(212)
fn=(728)
52 108
+13 108
+1 108
+1 108
+3 108
+2 108
+1 108
+3 108
+1 108
+8 108
+1 108
+1 104
+5 208
+26 2
+13 2
+1 2
+1 2
+6 4
+4 2
+13 2
+1 2
+1 2
+6 4
+57 4
+15 4
+6 4
+1 4
+1 4
+2 2
+1 2
+1 2
+1 2

fl=(328)
fn=(2300)
30 4
+3 12
+2 4
-5 4
+9 8
fi=(247)
+20 2
fe=(328)
-29 2
fi=(247)
+29 2
cob=(4)
cfi=(181)
cfn=(2302)
calls=2 -59 
* 42
fe=(328)
-18 2
+1 4

fl=(121) ./string/../sysdeps/x86_64/multiarch/memcmp.c
fn=(378) bcmp
29 14
fi=(122) ./string/../sysdeps/x86_64/multiarch/ifunc-memcmp.h
+5 70
+1 28
+1 28
+1 42
+3 28
+4 42
+3 56
fe=(121)
-18 28

fl=(273) ./gmon/../sysdeps/unix/sysv/linux/profil-counter.h
fn=(1440) __profil_counter
25 175
fi=(195)
+17 525
+5 350
-5 175
+5 875
+2 350
+1 326
fe=(273)
-18 175

fl=(81) ./string/../sysdeps/x86/cacheinfo.c
fn=(284) __x86_cacheinfo
86 1
fi=(82) ./string/../sysdeps/x86/cacheinfo.h
-27 1
+3 3
+2 1
+1 1
-1 2
+7 3
+2 1
+1 1
-1 2
+5 2
+2 2
+1 2
+1 2
+2 2
+2 2
fe=(81)

fl=(203) ./csu/./csu/init-first.c
fn=(680) _init_first
46 6
+5 2
+4 5
+8 1
-2 1
+10 1
-9 1
+1 1
+9 3
-1 1
cfi=(204) ./misc/./misc/init-misc.c
cfn=(682) __init_misc
calls=1 -41 
* 50

fl=(349) ./misc/../sysdeps/unix/sysv/linux/x86_64/clone3.S
fn=(2506) clone3
42 1
+2 1
+1 1
+1 1
+1 1
+1 1
+4 1
+3 1
+5 1
+2 1
+1 1
+23 5

fl=(310)
fn=(2144)
24 7
+5 7
-2 21
+2 7
-2 7
+2 7
cfi=(299) ./stdio-common/./stdio-common/vfprintf-internal.c
cfn=(2094) __vfprintf_internal
calls=7 1522 
* 6983

fl=(315) ./nptl/./nptl/libc-cleanup.c
fn=(2170) __libc_cleanup_push_defer
24 17
+1 17
+2 34
+2 34
+3 34
+14 51
+2 17
+1 17

fn=(2172) __libc_cleanup_pop_restore
54 17
+1 17
+2 34
+2 17
+1 51
+11 17

fl=(337)
fn=(2458)
30 6
+8 12
+2 12
+28 12
+1 12
-25 12

fl=(338)
fn=(2502) create_thread
236 156
+4 65
+4 26
+3 26
+1 26
+42 13
-3 13
+10 13
-10 13
+10 26
-10 117
+10 13
cfi=(348) ./misc/../sysdeps/unix/sysv/linux/clone-internal.c
cfn=(2504) __clone_internal
calls=13 97 
* 792
+1 26
+5 13
+6 26
+12 26
+11 13
+1 143

fn=(2476) pthread_create@@GLIBC_2.34
626 208
+6 26
+13 52
+2 39
cfi=(339)
cfn=(2478)
calls=13 24 
* 845
* 13
+1 26
+2 26
fi=(341) ./nptl/./nptl/allocatestack.c
219 13
cfi=(342) ./misc/../sysdeps/unix/sysv/linux/getpagesize.c
cfn=(2484) getpagesize
calls=13 27 
* 78
fi=(343) ./nptl/./nptl-stack.h
61 13
fi=(341)
219 26
fi=(343)
61 13
fi=(341)
219 13
fi=(343)
61 91
fi=(341)
223 13
fi=(343)
61 13
fi=(341)
223 26
+5 39
+10 26
+91 26
+4 26
-4 13
+4 13
+10 78
+4 26
fe=(338)
897 26
+1 26
cfi=(352) ./nptl/./nptl/pthread_attr_destroy.c
cfn=(2512) pthread_attr_destroy
calls=13 26 
* 78
+3 169
fi=(341)
347 52
+5 39
+1 13
-2 26
66 52
329 13
74 13
329 26
-1 26
74 39
477 39
+29 65
+26 13
fe=(338)
755 13
fi=(341)
547 13
fe=(338)
674 13
fi=(341)
558 13
-11 13
+11 13
+5 13
-26 13
+21 13
-11 13
fe=(338)
677 13
+12 13
fi=(341)
558 13
fe=(338)
683 13
fi=(341)
542 13
+21 13
fe=(338)
+81 13
fi=(341)
-97 13
fe=(338)
689 13
-6 13
+1 13
+1 13
+4 13
-5 13
fi=(341)
545 13
fe=(338)
688 13
+2 39
+4 13
+1 13
+8 13
-8 39
+5 26
+3 13
-3 13
-11 13
+11 13
+3 26
+5 13
+1 13
-1 13
+1 13
+4 26
+5 26
fi=(406) ./nptl/../sysdeps/x86/nptl/tls-setup.h
22 26
fe=(338)
730 26
+21 26
+4 26
+2 13
+10 13
fi=(351) ./nptl/../sysdeps/unix/sysv/linux/internal-signals.h
81 65
fe=(338)
772 26
fi=(351)
81 26
fe=(338)
780 39
fi=(347) ./nptl/../sysdeps/unix/sysv/linux/internal-sigset.h
34 13
fe=(338)
609 52
836 78
cfn=(2502)
calls=13 236 
* 1546
fi=(351)
89 39
fe=(338)
836 13
fi=(351)
89 39
fe=(338)
843 26
+40 26
+10 26
83 2
-2 1
+2 1
fi=(407) ./nptl/../sysdeps/unix/sysv/linux/sigsetops.h
-29 1
fe=(338)
+27 1
+1 1
+1 1
cfi=(198)
cfn=(658)
calls=1 -40 
* 52
+7 2
fi=(407)
+14 1
fe=(338)
-14 1
fi=(407)
+14 1
fe=(338)
-14 3
638 1
-3 1
+3 2
791 26
fi=(347)
102 13
+1 13
fi=(341)
-4 52
366 143
cfi=(193)
cfn=(648)
calls=13 47 
* 338
+3 39
-3 13
+3 13
+5 52
+6 26
+5 26
+1 13
+9 26
170 26
-4 39
+4 13
cfi=(344)
cfn=(2488)
calls=13 -53 
* 78
* 52
407 13
+1 13
+21 13
-18 13
-4 13
+9 26
+3 13
+7 13
-18 13
+3 13
+18 13
cob=(4)
cfi=(181)
cfn=(2490) 0x0000000004df7700
calls=13 0 
* 59514
* 52
fe=(338)
663 1
+89 1
cfi=(306)
cfn=(2498) _IO_enable_locks
calls=1 518 
* 22
* 2
fi=(341)
442 52
+3 91
cfi=(346) ./nptl/./nptl/nptl-stack.c
cfn=(2496) __nptl_stack_list_add
calls=13 43 
* 182
+2 78
+7 65
-88 26
fe=(338)

fn=(2518)
338 143
+7 26
+22 52
+3 13
cfi=(177) ./ctype/./ctype/ctype-info.c
cfn=(578) __ctype_init
calls=13 29 
* 221
+3 39
cfi=(341)
cfn=(2520) name_stack_maps
calls=13 587 
* 7943
+4 13
fi=(355) ./nptl/../sysdeps/unix/sysv/linux/rseq-internal.h
32 26
+8 13
fe=(338)
388 65
+17 26
cfi=(289) ./setjmp/../sysdeps/x86_64/bsd-_setjmp.S
cfn=(2040) _setjmp
calls=13 28 
* 494
* 13
+14 13
-14 13
+18 13
-4 13
+4 65
+3 26
+3 26
+2 13
fi=(351)
89 52
fe=(338)
431 13
fi=(351)
89 13
fe=(338)
433 13
+4 26
+11 13
+4 13
cfi=(369)
cfn=(2958)
calls=13 148 
* 169
+3 13
cfi=(380)
cfn=(3038)
calls=13 23 
* 78
+3 13
cfi=(381) ./malloc/./malloc/thread-freeres.c
cfn=(3040) __libc_thread_freeres
calls=13 31 
* 10764
+3 39
+31 26
+2 26
fi=(347)
102 13
fe=(338)
508 39
fi=(347)
102 26
fe=(338)
508 39
+7 65
+1 26
+1 52
+35 39
+1 39
fi=(341)
189 13
cfi=(342)
cfn=(2484)
calls=13 27 
* 78
* 13
+2 65
+1 26
+1 26
fe=(338)
556 13
fi=(272)
146 13
fe=(338)
556 26
+17 39
+5 39
cfi=(341)
cfn=(2520)
calls=13 +9 
* 624
* 13
447 39
cob=(53)
cfi=(268)
cfn=(2528) 0x00000000000ecda0
calls=13 0 
* 20008
* 13
fi=(341)
194 52
cfi=(344)
cfn=(3062) madvise
calls=13 -77 
* 78
* 13
fe=(338)

fl=(342)
fn=(2484)
27 26
+1 104
+2 26

fl=(275) ./locale/./locale/uselocale.c
fn=(1514) uselocale
30 2
+1 6
+2 4
+3 4
+1 2
+28 6
+1 6
+2 6
+4 6
+1 2

fl=(394) ./elf/./elf/dl-iteratephdr.c
fn=(3114) dl_iterate_phdr
33 11
+6 5
cfi=(345)
cfn=(2494)
calls=1 +38 
* 44
+5 1
+3 1
-3 1
+4 4
+14 7
+12 2
-10 2
+1 1
-1 1
+3 1
-2 2
+2 1
+1 1
+2 1
-2 2
+1 1
-1 2
+3 1
-3 1
+3 1
-3 1
+4 2
+1 2
cob=(1)
cfi=(46) ./elf/../elf/dl-tls.c
cfn=(3116) _dl_tls_get_addr_soft
calls=1 972 
* 14
* 1
+1 5
cfi=(185)
cfn=(3118) callback
calls=1 -17 
* 9
* 1
+1 2
+6 3
cfi=(332)
cfn=(2394)
calls=1 367 
* 37
+3 12
-39 2

fl=(85) ./string/../sysdeps/x86_64/multiarch/strpbrk.c
fn=(292) strpbrk
29 6
fi=(401)
+7 30
fe=(85)
-7 6

fl=(388) ./nptl/./nptl/pthread_cond_destroy.c
fn=(3080) pthread_cond_destroy@@GLIBC_2.3.2
42 13
+1 13
+6 91
+1 13
+1 13
fi=(272)
+95 52
fe=(388)
-95 39
+8 26

fl=(298)
fn=(2092)
25 104
+7 8
-4 16
+4 8
-4 8
+4 8
+1 8
-1 8
-4 8
+5 8
-1 16
+1 16
cfi=(299)
cfn=(2094)
calls=8 1522 
* 8906
+4 40

fl=(371)
fn=(2874)
33 10
+2 1
cob=(4)
cfi=(181)
cfn=(726)
calls=1 -35 
* 24
+1 1
-1 1
+1 3
+4 1
fi=(313)
1025 3
+1 2
fe=(371)
40 3
cfi=(305)
cfn=(2118)
calls=1 1198 
* 63
* 2
+1 7
+1 4
fi=(313)
979 2
+1 4
fe=(371)
46 8
-10 12
+3 1
-3 1
+3 3
-1 2
fi=(313)
980 6
fe=(371)

fl=(185)
fn=(618)
125 2
+7 1
-7 3
+7 1
-7 2
+7 1
-7 2
+7 1
-7 4
+7 1
cob=(4)
cfi=(181)
cfn=(586)
calls=1 0 
* 26
+1 3
-1 1
+1 1
cob=(4)
cfi=(181)
cfn=(586)
calls=1 0 
* 26
* 1
+1 2
+11 2
+68 10
-60 1
-1 1
+16 1
-15 1
+1 2
+14 1
-11 1
+11 1
-11 1
+11 1
-11 2
+11 2
+1 2
+4 1
-19 1
+21 1
-2 1
-21 1
+23 1
-22 1
+4 1
+1 1
+7 1
+2 1
+3 1
+3 1
+2 1
cob=(4)
cfi=(181)
cfn=(620) 0x0000000004df7450
calls=1 0 
* 1991
+1 2
+8 1
+7 1
-8 1
+27 1
-21 1
-3 1
+6 1
-7 1
+1 1
+6 2
+3 9
-91 3
+3 3
cfi=(195)
cfn=(652)
calls=1 -41 
* 157
+1 1
+10 1
+53 2

fn=(3106) _mcleanup
463 2
113 4
463 1
113 1
cfi=(195)
cfn=(652)
calls=1 -47 
* 103
+2 2
466 1
116 1
466 2
+1 1
cfn=(3108) write_gmon
calls=1 -90 
* 117388
+3 2
cob=(4)
cfi=(181)
cfn=(2192)
calls=1 0 
* 67
fi=(392) ./gmon/../string/bits/string_fortified.h
59 3
fe=(185)
475 1
fi=(392)
59 14
fe=(185)
476 2

fn=(3108)
377 1
+4 1
-4 10
+4 1
cfi=(283)
cfn=(1840)
calls=1 24 
* 626
+1 2
+11 5
cfi=(362)
cfn=(2574)
calls=1 28 
* 30
* 1
+2 2
fi=(392)
29 1
fe=(185)
421 2
fi=(392)
29 1
fe=(185)
419 1
fi=(392)
59 2
fe=(185)
421 1
cfi=(393) ./io/../sysdeps/unix/sysv/linux/write_nocancel.c
cfn=(3112) __write_nocancel
calls=1 25 
* 6
+5 2
-2 1
+2 1
cfi=(394)
cfn=(3114)
calls=1 33 
* 185
222 1
-2 1
430 1
222 2
+49 1
+9 5
+5 1
-5 2
+2 1
+1 1
+3 1
-6 2
+5 31
-5 62
+2 31
+1 31
+3 31
-6 62
+11 1
-2 1
+2 45170
+2 60752
+5 139
+13 139
+1 278
-14 139
+13 139
+1 139
-1 417
+1 139
fi=(392)
29 278
fe=(185)
311 139
+1 278
-1 139
fi=(392)
29 139
fe=(185)
313 278
-1 139
+2 278
+1 556
fi=(392)
29 278
fe=(185)
317 139
fi=(392)
29 139
fe=(185)
315 139
fi=(392)
29 139
cob=(4)
cfi=(181)
cfn=(738)
calls=139 -29 
* 2780
fe=(185)
312 33
fi=(392)
29 66
fe=(185)
311 33
+1 66
-1 33
fi=(392)
29 33
fe=(185)
313 66
-1 33
+2 66
+1 132
fi=(392)
29 66
fe=(185)
317 33
fi=(392)
29 33
fe=(185)
315 33
fi=(392)
29 33
cob=(4)
cfi=(181)
cfn=(738)
calls=33 -29 
* 660
fe=(185)
317 344
-16 167
-1 469
-9 405
+33 6
+1 1
fi=(395) ./gmon/../sysdeps/unix/sysv/linux/not-cancel.h
83 4
fe=(185)
337 1
+17 1
-21 1
fi=(395)
83 1
fe=(185)
337 4
+10 1
+1 1
-1 1
+1 1
-1 1
+1 1
-1 1
+1 1
+6 2
fi=(395)
75 2
cfi=(326)
cfn=(2240)
calls=1 -50 
* 6
fe=(185)
439 11
fi=(395)
83 25
fe=(185)
301 10
-1 10
+20 14
-65 2
-22 2
+22 1
-22 1
+24 1
-24 1
+22 1
-22 7
+24 1
-2 1
+3 1
cfi=(199)
cfn=(660)
calls=1 26 
* 4
fi=(395)
83 3
fe=(185)
258 1
fi=(395)
83 1
fi=(392)
+12 2
fi=(395)
-12 1
fi=(392)
+12 1
fe=(185)
260 1
fi=(395)
83 1
fe=(185)
433 3

fn=(3118)
57 1
+1 1
+11 1
-11 2
+7 2
+1 1
+4 1

fl=(321)
fn=(2204)
25 9
+1 22
+1 1
-2 48
+1 8
cfi=(359)
cfn=(2556)
calls=8 +5 
* 144
* 88
cfi=(359)
cfn=(2632)
calls=8 +37 
* 120
* 8
+1 16

fl=(209) ./intl/./intl/bindtextdom.c
fn=(720) set_binding_values.part.0
75 4
+16 1
-16 6
+16 1
-16 1
+16 1
cfi=(210)
cfn=(722)
calls=1 -68 
* 66
+4 5
310 2
+3 1
-1 1
+1 6
-1 1
cfi=(216) ./nptl/./nptl/pthread_rwlock_unlock.c
cfn=(750) pthread_rwlock_unlock@@GLIBC_2.34
calls=1 30 
* 43
189 6
+12 2
cob=(4)
cfi=(181)
cfn=(726)
calls=1 0 
* 16
* 1
+2 1
-2 1
+2 1
cob=(4)
cfi=(181)
cfn=(730)
calls=1 0 
* 192
+2 2
-2 1
+2 1
fi=(213) ./intl/../string/bits/string_fortified.h
29 4
cob=(4)
cfi=(181)
cfn=(738)
calls=1 -29 
* 22
fe=(209)
219 4
cob=(4)
cfi=(181)
cfn=(746) 0x0000000004df7770
calls=1 0 
* 22
-3 1
+3 1
-3 1
+3 2
+19 1
+1 2
+6 2
+28 1
-6 1
+6 3
+4 1
-1 1
+1 2

fn=(718) bindtextdomain
319 6
82 4
322 3
cfn=(720)
calls=1 75 
* 434
-1 1
+1 2

fl=(103) ./string/../sysdeps/x86_64/multiarch/strchr.c
fn=(334) index
65 13
-22 26
+1 13
-2 52
+2 26
+3 26
+4 39
+3 39
+11 13

fl=(89) ./string/../sysdeps/x86_64/multiarch/memset.c
fn=(300) memset
29 20
fi=(90) ./string/../sysdeps/x86_64/multiarch/ifunc-memset.h
+25 100
+3 60
+7 40
+9 40
+2 40
+10 40
+8 40
+3 100
fe=(89)

fl=(104) ./debug/../sysdeps/x86_64/multiarch/memset_chk.c
fn=(336) __memset_chk
29 12
fi=(105) ./debug/../sysdeps/x86_64/multiarch/ifunc-memset.h
+25 60
+3 36
+7 24
+9 24
+2 24
+10 24
+8 24
+3 60
fe=(104)

fl=(132) ./string/../sysdeps/x86_64/multiarch/stpcpy.c
fn=(414) stpcpy
33 4
fi=(118) ./string/../sysdeps/x86_64/multiarch/ifunc-strcpy.h
+5 8
+1 4
-1 8
+1 8
+3 8
+4 12
+3 12
fe=(132)
-16 4

fl=(199)
fn=(660)
26 2
+1 4
+1 2

fl=(123) ./wcsmbs/../sysdeps/x86_64/multiarch/wmemset.c
fn=(382) wmemset
31 2
fi=(124) ./wcsmbs/../sysdeps/x86_64/multiarch/ifunc-wmemset.h
+5 10
+1 6
fe=(123)
-6 2

fl=(142) ./string/../sysdeps/x86_64/multiarch/strstr.c
fn=(446) strstr
64 7
-13 28
+7 28
+6 7

fl=(341)
fn=(2520)
587 156
+2 26
+4 26
-4 104
+4 26
+2 52
+5 13
+1 13
-2 13
+2 26
-1 13
+3 39
cfi=(353) ./stdio-common/./stdio-common/snprintf.c
cfn=(2522) snprintf
calls=13 26 
* 7150
* 52
cfi=(194)
cfn=(650)
calls=13 33 
* 273
+2 117
-2 39
-7 39
+9 13
-9 39
+9 52
-9 13
cfi=(194)
cfn=(650)
calls=13 33 
* 273

fl=(120) ./string/../sysdeps/x86_64/multiarch/strchrnul.c
fn=(374) strchrnul
31 3
fi=(84) ./string/../sysdeps/x86_64/multiarch/ifunc-avx2.h
+9 9
-2 12
fe=(120)
-7 6
fi=(84)
+10 6
+1 9
+3 6
+4 9
+3 15
fe=(120)

fl=(301) ./stdio-common/./stdio-common/Xprintf_buffer_write.c
fn=(2106) __printf_buffer_write
27 128
+1 384
-1 896
+4 478
+2 222
+3 111
fi=(408) ./stdio-common/../string/bits/string_fortified.h
-7 111
fe=(301)
+8 222
fi=(408)
-8 111
fe=(301)
+12 111
fi=(408)
-12 111
cob=(4)
cfi=(181)
cfn=(2108)
calls=111 -29 
* 1792
fe=(301)
+11 333
-9 222
+2 333
+11 768

fl=(215)
fn=(1844)
206 30
+24 30
+5 30
+14 30
+25 30
+1 30
+1 30
+2 30
+1 30
+4 30
+4 30
+2 30
+2 30
+3 30
+2 30
+1 30
+11 30
+10 30
+1 30
+3 30
+4 60
+5 30
+1 30
+1 30
957 3
+1 3
+1 3
+1 3
+2 3
+3 3
+1 3
1076 3
+1 3

fn=(748) __strcmp_avx2
206 1
+43 1
+25 1
+1 1
+1 1
+2 1
+1 1
+4 1
+4 1
+2 1
+2 1
+3 1
+9 1
+1 1
+4 1
+10 1
+1 1
+3 1
+4 2

fl=(223) ./csu/./csu/errno-loc.c
fn=(842) __errno_location
25 1
+1 2
+1 1

fl=(309) ./stdio-common/./stdio-common/Xprintf_buffer_done.c
fn=(2140) __printf_buffer_done
25 28
+1 84
+5 56
+2 336
+7 28

fl=(312)
fn=(2150)
25 63
+2 28
-2 2
+3 29
fi=(313)
979 14
+1 36
fe=(312)
31 49
-4 70
+1 5
-1 5
+1 20
-1 10
fi=(313)
980 30
fe=(312)

fl=(318)
fn=(2184)
32 22
+3 18
+1 10
cfi=(319)
cfn=(2186)
calls=2 -3 
* 658
* 8
fi=(313)
979 4
+1 16
fe=(318)
39 14
-4 6

fl=(368)
fn=(2744)
28 13
+4 39
+5 65
+1 13

fl=(83) ./string/../sysdeps/x86_64/multiarch/strnlen.c
fn=(288) strnlen
31 4
fi=(84)
+9 12
-2 16
fe=(83)
-7 8
fi=(84)
+10 8
+1 12
+3 8
+4 12
+3 20
fe=(83)

fl=(201)
fn=(668)
67 119
-26 34
+2 136
+1 34
cfn=(670) __new_exitfn
calls=17 +36 
* 625
+2 34
+8 17
-2 17
+3 17
+1 17
-4 34
+1 17
+4 68
+1 17
+11 102

fn=(670)
80 17
+6 34
-6 68
+11 34
-10 17
+10 68
+2 34
+1 80
-1 34
-2 1
+10 1
-10 3
+13 32
+25 16
+1 32
-1 32
+7 16
+5 48
-4 16
+4 32
-5 1
+5 3
-4 1
+4 2
-18 1
-1 1
+12 1

fl=(295) ./string/../sysdeps/x86_64/multiarch/strchr-avx2.S
fn=(2066) __strchr_avx2
53 3
+2 3
+1 3
+1 3
+1 3
+1 3
+3 3
+1 3
+4 3
+1 3
+1 3
+1 3
+1 3
+1 3
+1 3
+1 3
+3 3
+8 3
+2 1
+2 2
+4 2
+1 4

fn=(2104) __strchrnul_avx2
53 78
+2 78
+1 78
+1 78
+1 78
+1 78
+3 78
+1 78
+4 78
+1 78
+1 78
+1 78
+1 78
+1 78
+1 78
+1 78
+13 78
+2 156

fl=(106) ./string/../sysdeps/x86_64/multiarch/strrchr.c
fn=(340) rindex
28 9
fi=(84)
+12 27
-2 36
fe=(106)
-10 18
fi=(84)
+13 18
+1 27
+3 18
+4 27
+3 45
fe=(106)

fl=(133) ./string/../sysdeps/x86_64/multiarch/memmove.c
fn=(418) memmove
29 17
fi=(99)
+28 51
-1 34
+4 51
+14 34
+3 34
+8 34
+8 34
+3 85
fe=(133)

fl=(214)
fn=(740) __memcpy_chk_avx_unaligned_erms
249 175
+1 175
+1 875
+4 175
+1 175
+6 175
+1 175
+42 175
+1 175
+2 3
+1 3
+2 1
+4 1
+16 1
+1 1
+1 1
+1 1
+1 1
+7 172
+1 172
+1 172
+1 172
+2 172
+17 2
+1 2
+1 2
+1 2
+1 2

fn=(744)
255 524
+1 524
+6 524
+1 524
+2 79
+1 79
+1 79
+3 36
+1 36
+1 36
+3 72
+30 445
+1 445
+2 259
+1 259
+2 73
+4 73
+1 36
+1 36
+1 36
+1 36
+1 19
+1 19
+2 19
+2 19
-2 17
+2 17
+6 37
+1 37
+1 37
+1 37
+1 37
+7 186
+1 186
+1 186
+1 186
+2 186
+17 186
+1 186
+1 186
+1 186
+1 186
+7 14
+1 14
+1 14
+1 14
+1 14
+1 14
+1 28
+5 43
+1 43
+5 43
+1 43
+2 28
+1 28
+1 28
+2 14
+1 14
+1 14
+1 14
+1 14
+1 14
+1 14
+1 14
+1 14
+1 14
+1 14
+1 14
+1 14
+1 14
+1 28
+4 15
+1 15
+4 15
+2 15
+4 15
+1 15
+11 15
+3 15
+2 15
+2 15
+4 15
+1 15
+9 15
+1 15
+2 15
+2 15
+1 15
+1 15
+3 15
+2 15
+2 15
+2 30
+6 15
+1 15
+1 15
+1 15
+1 15
+1 15
+1 15
+1 15
+1 15
+1 15
+1 15
+1 15
-11 59
+1 59
+1 59
+1 59
+1 59
+1 59
+1 59
+1 59
+1 59
+1 59
+1 59
+1 59
+2 15
+1 15
+1 15
+1 15
+2 15
+4 30

fn=(2138) __mempcpy_avx_unaligned_erms
242 2
+1 2
+1 2
+1 2
+17 2
+1 2
+2 2
+1 2
+1 2
+3 2
+1 2
+1 2
+3 4

fl=(287) ./gmon/./gmon/mcount.c
fn=(2030) __mcount_internal
64 128802
+12 515208
+9 128802
+1 257604
+11 128743
+4 128743
-4 128743
+4 257486
+6 128743
-5 128743
+1 257486
+16 257208
+1 320847
+36 184110
+1 184110
-1 27123
-22 276264
+7 66
+1 33
-1 33
+1 33
+3 66
+1 33
+1 33
+1 66
+1 33
+24 33
+1 33
-1 63698
+1 63698
-67 278
+1 139
-1 139
+1 139
+4 139
+1 278
+1 139
+1 139
+1 139
+57 139
+1 139
-9 64932
-2 64932
+2 64932
+1 129864
+1 64932
+6 64932
+1 64932
-50 63639
+1 63639

fl=(314)
fn=(2160)
85 14
-20 2
+20 4
-20 2
cob=(4)
cfi=(181)
cfn=(730)
calls=2 -65 
* 236
+2 6
+3 2
+2 4
-2 2
+2 10
cfi=(306)
cfn=(2162) _IO_no_init
calls=2 563 
* 112
+1 2
+1 2
-1 2
+1 2
cfi=(305)
cfn=(2166)
calls=2 +32 
* 227
+1 10
cfi=(305)
cfn=(2174)
calls=2 213 
* 488
* 4
-38 4
+50 14

fl=(373) ./nptl/./nptl/pthread_cond_signal.c
fn=(2976) pthread_cond_signal@@GLIBC_2.3.2
35 117
+1 13
+5 13
+1 39
fi=(374) ./nptl/./nptl/pthread_cond_common.c
186 13
-70 39
+70 13
-69 26
+2 52
fi=(357) ./nptl/../include/atomic_wide_counter.h
-89 13
fe=(373)
+37 39
+9 13
-9 13
+9 26
+8 26
+1 26
fi=(374)
+66 78
+1 13
-1 26
fi=(272)
+58 13
fe=(373)
93 13
fi=(272)
209 91
fe=(373)
96 117
fi=(374)
215 13
-54 13
fe=(373)
-93 13
fi=(357)
-38 13
fi=(374)
215 13
fe=(373)
68 13
fi=(374)
+93 13
+53 13
-1 26
+1 52
+27 52
+15 65
fi=(272)
146 39
fi=(374)
257 26
+38 39
fi=(357)
57 13
fi=(374)
295 13
fi=(357)
57 39
fi=(374)
302 26
60 78
174 13
310 13
+6 26
175 13
-1 26
+2 26
+1 13
-1 26
320 13
+5 26
-13 26
fe=(373)

fl=(300) ./stdio-common/./stdio-common/printf_buffer_to_file.c
fn=(2096) __printf_buffer_to_file_init
108 15
+1 15
fi=(304) ./stdio-common/../include/printf_buffer.h
+18 15
fe=(300)
-18 15
fi=(304)
+28 15
-9 15
+9 15
-13 15
fe=(300)
-13 15
fi=(304)
+13 15
fe=(300)
-12 15
cfn=(2098) __printf_buffer_to_file_switch
calls=15 -83 
* 167

fn=(2098)
29 16
+1 80
+10 1
+1 1
+3 4
+1 1
-1 60
+1 15

fn=(2116) __printf_buffer_to_file_done
117 15
+1 45
-1 15
-64 15
+64 90
-66 60
+2 45
+15 42
+18 42
+3 14
+2 28
+12 14
+19 14
-1 14
+1 56
-1 14
cfi=(309)
cfn=(2140)
calls=14 -96 
* 266
+1 1
-1 1
+1 4
-1 1
cfi=(309)
cfn=(2140)
calls=1 -96 
* 19
-56 2
cfn=(2098)
calls=1 -36 
* 11
+1 1
-8 1
+1 1
fi=(409) ./stdio-common/../libio/libioP.h
1025 1
fe=(300)
58 1
+1 1
-1 1
fi=(409)
1025 2
+1 2
fe=(300)
59 2
cfi=(305)
cfn=(2118)
calls=1 1198 
* 478
* 2

fl=(180) ./nptl/./nptl/pthread_mutex_conf.c
fn=(584) __pthread_tunables_init
55 2
+1 2
-1 2
+1 2
-1 4
+1 1
cob=(4)
cfi=(181)
cfn=(586)
calls=1 -56 
* 26
+2 4
cob=(4)
cfi=(181)
cfn=(586)
calls=1 -58 
* 25
+2 4
cob=(4)
cfi=(181)
cfn=(586)
calls=1 -60 
* 26
+2 6

fl=(190) ./misc/./misc/sbrk.c
fn=(638) sbrk
37 16
+3 2
+3 2
-3 2
+3 2
+35 7
-20 4
+4 4
+4 4
+8 1
cfi=(191) ./misc/../sysdeps/unix/sysv/linux/brk.c
cfn=(640) brk
calls=1 -38 
* 9
* 2
+4 7
-19 2
cfi=(191)
cfn=(640)
calls=1 -23 
* 9
* 2
+4 2

fl=(369)
fn=(2856) __cxa_thread_atexit_impl
102 5
+4 1
-4 3
+1 1
+3 1
-4 1
+1 2
+3 1
cob=(4)
cfi=(181)
cfn=(620)
calls=1 0 
* 187
+1 2
+3 2
+7 1
-6 1
+1 1
+5 1
-5 2
+1 1
+4 1
cfi=(345)
cfn=(2494)
calls=1 -40 
* 44
+3 2
+16 1
+1 2
cfi=(332)
cfn=(2394)
calls=1 367 
* 37
+2 2
+3 7
-18 2
cob=(4)
cfi=(181)
cfn=(2858) 0x0000000004df74e0
calls=1 0 
* 33
+4 5

fn=(2958)
148 56
+1 14
-1 14
+1 43
+6 1
-2 3
+2 1
+1 2
cob=(5)
cfi=(184)
cfn=(2960)
calls=1 0 
* 277
+6 2
+1 2
cob=(4)
cfi=(181)
cfn=(2192)
calls=1 0 
* 117
-14 3
+16 56

fl=(378) ./nptl/./nptl/lowlevellock.c
fn=(2998) __lll_lock_wake
63 13
+1 65
+1 13

fl=(198)
fn=(658)
43 32
+5 8
+2 4
fi=(410) ./signal/../string/bits/string_fortified.h
-21 4
fe=(198)
+29 4
fi=(410)
-29 8
fe=(198)
+21 4
+3 4
fi=(410)
-24 12
fe=(198)
+24 4
fi=(410)
-24 12
fe=(198)
+24 8
fi=(410)
-24 4
fe=(198)
+29 4
-5 4
+5 12
fi=(410)
-29 24
fe=(198)
+29 24
+5 10
+2 1
fi=(410)
-36 5
fe=(198)
+36 1
fi=(410)
-36 3
fe=(198)
+38 1
fi=(410)
-38 3
fe=(198)
+38 1
+1 1
fi=(410)
-39 1
fe=(198)
+39 1
fi=(410)
-39 4
fe=(198)
+42 24

fl=(276) ./wcsmbs/./wcsmbs/wctob.c
fn=(1520) wctob
30 1280
+9 384
+6 128
-1 256
+35 1152

fl=(362)
fn=(2574)
28 4
+3 2
-3 12
+3 8
+8 14
+2 10
-7 2
+1 1
-1 3
+2 1

fl=(288) ./csu/../sysdeps/nptl/libc_start_call_main.h
fn=(2038) (below main)
29 4
+15 1
-15 5
+15 1
cfi=(289)
cfn=(2040)
calls=1 -16 
* 38
* 1
+2 2
+5 2
+1 2
+3 2
+3 6
cob=(5)
cfi=(184)
cfn=(2046)
calls=1 -58 
* 180109182
+16 2
cfi=(372)
cfn=(2954)
calls=1 +63 
* 169498

fl=(168) ./wcsmbs/../sysdeps/x86_64/multiarch/wcsncmp.c
fn=(544) wcsncmp
32 1
fi=(101) ./wcsmbs/../sysdeps/x86_64/multiarch/ifunc-avx2.h
+8 3
-2 4
fe=(168)
-6 2
fi=(101)
+9 2
+1 3
+3 2
+4 3
+3 5
fe=(168)

fl=(177)
fn=(578)
29 14
+2 98
+2 56
+2 56
+1 14

fl=(92) ./debug/../sysdeps/x86_64/multiarch/mempcpy_chk.c
fn=(308) __mempcpy_chk
29 2
fi=(93)
+28 6
-1 4
+4 6
+14 4
+3 4
+8 4
+8 4
+3 10
fe=(92)

fl=(216)
fn=(750)
30 6
+1 1
+7 1
+1 1
-1 2
+6 5
fi=(211)
221 2
535 1
-4 1
221 2
535 1
221 1
535 1
+3 1
-2 2
+2 2
+21 1
+2 8
+8 2
+13 2
fe=(216)

fl=(333)
fn=(2398)
26 1
+1 2
fi=(334) ./signal/../sysdeps/unix/sysv/linux/sigsetops.h
+27 1
fe=(333)
-20 1
+1 1

fl=(381)
fn=(3040)
31 39
+2 13
cfi=(382) ./sunrpc/./sunrpc/rpc_thread.c
cfn=(3042) __rpc_thread_destroy
calls=13 -12 
* 169
+2 13
cfi=(383)
cfn=(3044)
calls=13 +96 
* 533
+1 13
cfi=(385)
cfn=(3048)
calls=13 -12 
* 312
+1 13
cfi=(386) ./dlfcn/./dlfcn/libc_dlerror_result.c
cfn=(3050) __libc_dlerror_result_free
calls=13 -8 
* 156
+5 13
-1 13
cfi=(187)
cfn=(3052)
calls=13 893 
* 9477

fl=(107) ./wcsmbs/../sysdeps/x86_64/multiarch/wcscmp.c
fn=(344) wcscmp
30 2
fi=(101)
+10 6
-2 8
fe=(107)
-8 4
fi=(101)
+11 4
+1 6
+3 4
+4 6
+3 10
fe=(107)

fl=(400)
fn=(4198)
27 2
+3 2

fl=(307) ./libio/./libio/filedoalloc.c
fn=(2124) _IO_file_doallocate
78 22
+6 8
fi=(313)
1025 6
+1 4
fe=(307)
84 6
cfi=(305)
cfn=(2126)
calls=2 1147 
* 18
* 4
+2 8
+11 8
+4 4
cob=(4)
cfi=(181)
cfn=(730)
calls=2 0 
* 348
* 2
+1 4
+2 8
cfi=(306)
cfn=(2130)
calls=2 329 
* 58
+1 2
+1 18

fl=(375) ./nptl/./nptl/pthread_join.c
fn=(2992) pthread_join@@GLIBC_2.34
23 13
+1 52
cfi=(376) ./nptl/./nptl/pthread_join_common.c
cfn=(2994) __pthread_clockjoin_ex
calls=13 +15 
* 6801

fl=(125) ./string/../sysdeps/x86_64/multiarch/strcpy.c
fn=(386) strcpy
29 5
fi=(118)
+9 10
+1 5
-1 10
+1 10
+3 10
+4 15
+3 15
fe=(125)
-20 5

fl=(344)
fn=(2488)
117 70
+5 14

fn=(3062)
117 65
+5 13

fn=(2946)
117 65
+5 13

fl=(205)
fn=(686)
53 8
+1 8
+1 8
+2 8
+1 8
+4 8
+1 8
+1 8
+3 8
+2 8
+1 8
+1 8
+1 8
+3 1
+1 1
+2 1
+1 1
+1 1
+1 1
+1 1
+9 2
+28 5
+1 5
+3 5
+1 10
+3 5
+1 5
+4 10
+5 7
+1 7
+1 7
+4 7
+1 7
+1 2
+1 2
+4 4
+6 7
+3 7
+1 7
+1 7
+1 7
+1 7
+1 7
+2 7
+1 7
+1 7
+1 7
+1 7

fl=(317)
fn=(2180)
77 18
+5 2
-5 6
+5 4
+2 8
cob=(4)
cfi=(181)
cfn=(2064) 0x0000000004df7680
calls=2 -84 
* 46
* 2
+1 4
+1 4
+75 24

fl=(316)
fn=(2178)
30 4
+3 2
-3 20
+3 12
+8 12
+2 16
-2 2
cfi=(359)
cfn=(2556)
calls=1 -10 
* 18
* 12
cfi=(359)
cfn=(2632)
calls=1 +22 
* 15
* 2

fl=(224) ./misc/../sysdeps/unix/sysv/linux/prctl.c
fn=(858) prctl
30 66
+2 6
+2 6
-2 12
+1 6
+1 6
+4 6
-6 6
+6 30
+1 30
-1 20

fl=(294)
fn=(2060)
706 10
+4 2
-1 4
+3 2
-3 2
+3 6
-3 4
+3 2
cfn=(2062) _getopt_internal_r
calls=2 474 
* 1021
+4 2
+1 2
-1 2
+1 2
+4 2
-4 2
+1 6
+3 4

fn=(2074) exchange
132 8
+2 1
+1 1
-2 1
+10 5
-10 8
+2 2
+10 12
+23 13
+2 1
+1 2
+1 1
-4 4
+7 1
-32 10
+38 7
+2 8
-28 12
-1 1
+1 2
+1 1
-4 3
+7 2

fn=(2062)
474 24
+1 2
+2 4
+5 2
-2 8
+2 7
-91 1
+1 1
-1 2
+4 3
+5 2
+5 4
+5 1
+77 1
+1 3
+5 2
-5 3
+5 2
611 1
+1 1
-1 4
+1 4
cob=(4)
cfi=(181)
cfn=(2064)
calls=1 0 
* 23
+3 6
+1 1
+2 5
+9 3
+27 2
+46 18
484 1
+9 1
-9 3
+15 6
+2 6
+3 6
+24 10
+29 2
389 3
549 4
+1 1
-72 2
+31 6
+1 2
+1 6
cfn=(2074)
calls=1 132 
* 106
* 3
+7 6
+1 1
-1 1
+1 1
-1 12
+2 4
+37 3
+10 2
+2 2
+22 2
+14 2
405 4
cfi=(283)
cfn=(1840)
calls=1 24 
* 650
* 4
656 1
-26 1
+26 1
-24 1
+39 2
+7 2
+16 4
+1 1
+3 1
512 2
408 1
+85 2

fl=(86) ./string/../sysdeps/x86_64/multiarch/strcmp.c
fn=(294) strcmp
79 20
-31 40
+1 20
-2 80
+2 40
+3 40
+4 60
+3 60
+20 20

fl=(116) ./wcsmbs/../sysdeps/x86_64/multiarch/wcscpy.c
fn=(364) wcscpy
60 1
-17 2
-1 4
+2 3
+2 2
+4 3
+10 1

fl=(136) ./string/../sysdeps/x86_64/multiarch/strspn.c
fn=(426) strspn
29 4
fi=(401)
+7 20
fe=(136)
-7 4

fl=(182) ./nptl/../sysdeps/unix/sysv/linux/x86/elision-conf.c
fn=(588) __lll_elision_init
92 2
+4 1
-4 2
+4 2
-4 1
+4 1
-4 3
+4 1
cob=(4)
cfi=(181)
cfn=(586)
calls=1 -96 
* 26
+2 4
cob=(4)
cfi=(181)
cfn=(586)
calls=1 -98 
* 26
+2 4
cob=(4)
cfi=(181)
cfn=(586)
calls=1 0 
* 26
+2 4
cob=(4)
cfi=(181)
cfn=(586)
calls=1 0 
* 26
+2 4
cob=(4)
cfi=(181)
cfn=(586)
calls=1 0 
* 26
+3 3
+1 1
+1 6

fl=(286)
fn=(2028)
26 128802
+2 128802
+2 128802
+2 128802
+2 128802
+2 128802
+2 128802
+2 128802
+2 128802
+5 128802
+2 128802
+1 128802
cfi=(287)
cfn=(2030)
calls=128802 +14 
* 4215164
+3 128802
+2 128802
+2 128802
+2 128802
+2 128802
+2 128802
+2 128802
+2 128802
+2 128802

fl=(325)
fn=(2228)
34 16
+14 6
+9 2
fi=(313)
1025 6
+1 4
fe=(325)
57 6
cfi=(305)
cfn=(2252)
calls=2 168 
* 68
+1 6
+13 4
fi=(313)
951 8
+1 8
+6 4
cob=(4)
cfi=(181)
cfn=(2192)
calls=2 0 
* 174
fe=(325)
76 14
-27 2
cfi=(306)
cfn=(2230)
calls=2 +4 
* 226
+2 24
+1 5
+1 4
cfi=(305)
cfn=(2234)
calls=2 +75 
* 383
fi=(313)
979 2
fe=(325)
53 2
fi=(313)
979 6
+1 13
fe=(325)
51 5
fi=(313)
980 6
fe=(325)

fl=(329)
fn=(2304)
158 23
+1 46
+5 23
+1 23
+1 19
+1 19
+1 19
+13 4
+1 4
+2 8
+53 19
+1 19
+6 19
+1 19
+12 19
+3 19
+1 19
+12 15
+1 15
+13 15
+1 15
+2 15
+3 13
+3 13
+3 13
+1 13
+1 13
+1 13
+1 13
+1 13
+1 26
+3 13
+1 13
+1 13
+1 13
+3 26
-6 2
+1 2
+1 2
+1 2
+3 4
+23 4
+9 4
+1 4
+5 4
+1 4
+1 4
+1 4
+1 4
+1 4
+59 4
+1 4
+1 4
+5 4

fl=(353)
fn=(2522)
26 156
+4 13
+1 26
-1 65
+1 13
cfi=(354) ./libio/./libio/vsnprintf.c
cfn=(2524) __vsnprintf_internal
calls=13 +62 
* 6812
+4 65

fl=(396) ./posix/./posix/register-atfork.c
fn=(3124) __unregister_atfork
82 102
+1 102
-1 204
+1 102
fi=(397) ./posix/../malloc/dynarray-skeleton.c
243 51
fe=(396)
71 102
+38 204
+1 153

fl=(345)
fn=(2494)
77 43
+3 129
+2 43
+2 86
-7 172
+11 86
+2 81
-46 27
+1 108
+3 108
+46 81
+85 43
+3 43
+2 43
+3 43
-63 43
+66 129
-93 32
+11 64
+4 16
+3 32
-71 16
+1 64
+85 48
+1 32
-83 64

fl=(348)
fn=(2504)
97 156
+2 26
-19 39
+2 4
cfi=(349)
cfn=(2506)
calls=1 -40 
* 16
+1 4
+3 1
+20 1
-42 1
-11 1
+11 1
-2 1
-9 1
+11 2
-2 1
+2 4
cfi=(350)
cfn=(2508)
calls=1 -12 
* 19
+42 12
-42 12
-11 12
+11 12
-2 12
-9 12
+11 24
-2 12
+2 48
cfi=(350)
cfn=(2508)
calls=12 -12 
* 228
+45 26
+1 104

fl=(143) ./time/../sysdeps/unix/sysv/linux/gettimeofday.c
fn=(448) gettimeofday
42 6
fi=(405)
-2 12
+1 12
fe=(143)
+1 12

fl=(178)
fn=(580)
38 4
+1 14
+1 2

fl=(289)
fn=(2040)
28 14
+2 14
+2 14
cfi=(290)
cfn=(2042)
calls=14 -1 
* 490

fl=(327)
fn=(2296)
23 2
+2 4

fl=(189)
fn=(636)
25 2
+1 4
-1 4
+4 2
cfi=(190)
cfn=(638)
calls=2 +8 
* 77
+1 4
+4 4

fl=(331)
fn=(2378)
27 90820
+2 9082
+4 72656
+37 27246
+4 36328
+5 9082
-1 9082
-30 9082
450 72656

fl=(340)
fn=(2480)
25 130
+4 26
-4 39
+4 26
+9 13
-9 39
+3 13
-3 13
+9 26
+23 26
+1 13
-1 78
+2 143

fl=(127) ./string/../sysdeps/x86_64/multiarch/strlen.c
fn=(398) strlen
29 18
fi=(84)
+11 54
-2 72
fe=(127)
-9 36
fi=(84)
+12 36
+1 54
+3 36
+4 54
+3 90
fe=(127)

fl=(176) ./elf/./elf/libc_early_init.c
fn=(576) __libc_early_init
33 9
+2 1
cfi=(177)
cfn=(578)
calls=1 -6 
* 17
+3 1
fi=(179) ./elf/../sysdeps/nptl/pthread_early_init.h
-5 2
fe=(176)
+8 1
-3 1
+3 1
fi=(179)
-8 1
cfi=(178)
cfn=(580)
calls=1 +5 
* 10
* 3
+1 1
+4 5
+7 1
fi=(411) ./elf/../nptl/nptl-stack.h
+16 3
fi=(179)
-16 1
fi=(411)
+16 2
fi=(179)
-7 1
fi=(411)
+7 3
fi=(179)
-9 1
-6 1
+2 2
+4 4
+1 1
+3 1
cfi=(180)
cfn=(584)
calls=1 -1 
* 104
fe=(176)
-9 3
+2 2
-2 1
cfi=(182)
cfn=(588)
calls=1 +45 
* 169

fl=(326)
fn=(2240)
25 4
+1 16
+1 4

fl=(94) ./debug/../sysdeps/x86_64/multiarch/memcpy_chk.c
fn=(312) __memcpy_chk
29 17
fi=(93)
+28 51
-1 34
+4 51
+14 34
+3 34
+8 34
+8 34
+3 85
fe=(94)

fl=(191)
fn=(640)
36 2
fi=(412) ./misc/../sysdeps/unix/sysv/linux/brk_call.h
-12 4
fe=(191)
+13 4
+1 4
+6 2
+1 2

fl=(352)
fn=(2512)
26 13
+10 39
+8 26

fl=(346)
fn=(3066) __nptl_deallocate_stack
112 26
+1 26
-1 52
+1 39
+4 13
-88 13
fi=(413) ./nptl/../include/list.h
+26 39
+1 13
fe=(346)
+67 13
-86 13
+86 13
-79 39
fi=(413)
-1 13
+1 26
-1 13
+2 13
+2 13
fe=(346)
+58 13
-1 13
-52 13
+52 26
+1 26
+24 52
+1 52
-23 9
cfn=(3082) __nptl_free_stacks
calls=9 -49 
* 3689
* 9

fn=(3082)
58 90
+7 54
+5 27
-41 9
fi=(413)
+26 27
+1 9
fe=(346)
+23 9
-3 9
-7 9
+7 9
-39 9
+39 9
+3 9
cob=(4)
cfi=(181)
cfn=(3084) 0x0000000004df7550
calls=9 -79 
* 3221
+4 27
cfi=(344)
cfn=(2946)
calls=9 +34 
* 54
* 18
+4 18
+4 72

fn=(2496)
43 13
+1 52
fi=(413)
-1 65
+2 13
+2 13
fe=(346)
+5 13
+1 13

fl=(399)
fn=(3240)
25 1
+1 2
-1 6
+1 1
cfi=(359)
cfn=(2556)
calls=1 +5 
* 18
* 11
cfi=(359)
cfn=(2632)
calls=1 +37 
* 15
* 1
+1 2

fl=(271) ./locale/./locale/newlocale.c
fn=(1434) newlocale
43 15
+12 2
277 12
63 2
+3 1
-10 1
+10 2
+7 3
+2 1
-2 1

fl=(100) ./wcsmbs/../sysdeps/x86_64/multiarch/wcscat.c
fn=(328) wcschr
31 3
fi=(101)
+9 9
-2 12
fi=(102) ./wcsmbs/../sysdeps/x86_64/multiarch/wcschr.c
-7 6
fi=(101)
+10 6
+1 9
+3 6
+4 9
+3 15
fe=(100)

fn=(394) wcscat
31 1
fi=(97)
+9 3
-1 4
+2 3
+3 2
+4 4
fe=(100)
-17 1

fl=(108) ./string/../sysdeps/x86_64/multiarch/stpncpy.c
fn=(348) stpncpy
31 1
fi=(109) ./string/../sysdeps/x86_64/multiarch/ifunc-strncpy.h
+4 5
+1 3
+3 2
+4 3
+3 4
fe=(108)
-15 1

fl=(363)
fn=(2576)
25 1
+1 4
+1 1

fl=(391) ./stdlib/./stdlib/cxa_finalize.c
fn=(3104) __cxa_finalize
30 102
+3 102
-3 408
+3 255
+3 204
+4 2256
+1 1352
+2 13
+2 13
+36 13
-5 13
-33 13
+35 39
+3 39
+1 39
cob=(8)
cfi=(208)
cfn=(4120)
calls=1 -82 
* 130
cob=(53)
cfi=(268)
cfn=(3212) std::ios_base::Init::~Init()
calls=1 -82 
* 6601
cob=(53)
cfi=(268)
cfn=(3210) 0x00000000000b8da0
calls=1 -82 
* 8
cob=(53)
cfi=(268)
cfn=(3202) 0x00000000000b8d50
calls=1 -82 
* 822
cob=(53)
cfi=(268)
cfn=(3200) 0x00000000000e75a0
calls=1 -82 
* 2
cob=(53)
cfi=(268)
cfn=(3198) 0x00000000000e8920
calls=1 -82 
* 2
cob=(53)
cfi=(268)
cfn=(3196) 0x00000000000eca30
calls=1 -82 
* 2
cob=(53)
cfi=(268)
cfn=(3194) 0x00000000000eca40
calls=1 -82 
* 2
cob=(53)
cfi=(268)
cfn=(3192) 0x00000000001b4e80
calls=1 -82 
* 2
cob=(53)
cfi=(268)
cfn=(3190) 0x00000000001b4e90
calls=1 -82 
* 2
cob=(53)
cfi=(268)
cfn=(3188) 0x00000000001b4ea0
calls=1 -82 
* 2
cob=(53)
cfi=(268)
cfn=(3184) 0x00000000001d0060
calls=1 -82 
* 5
cfi=(185)
cfn=(3106)
calls=1 463 
* 117595
+1 52
+4 39
-47 40
-4 153
+57 204
+4 306
-4 153
+12 102
cfi=(396)
cfn=(3124)
calls=51 -23 
* 1020
+1 204
+1 408

fl=(398) ./libio/./libio/iofflush.c
fn=(3232) fflush
32 10
+1 20
-1 50
+7 20
+1 10
fi=(313)
1025 30
+1 20
fe=(398)
40 20
cfi=(305)
cfn=(3234)
calls=10 793 
* 373
* 20
fi=(313)
979 20
+1 40
fe=(398)
44 50
-5 140
fi=(313)
980 60
fe=(398)

fl=(206) ./libio/./libio/vtables.c
fn=(688) check_stdfiles_vtables
545 1
+1 4
+1 3
+1 3
+2 1

fl=(306)
fn=(2130)
329 44
+1 18
+5 8
-3 4
+3 8
-2 4
+2 8
+3 24
-7 1
cob=(4)
cfi=(181)
cfn=(2192)
calls=1 0 
* 154
+4 2

fn=(4188)
842 6
-66 1
+66 6
+1 1
cfn=(4190) _IO_flush_all
calls=1 686 
* 198
-67 2
+67 1
-67 3
cfi=(315)
cfn=(2170)
calls=1 24 
* 13
+1 12
+3 3
fi=(313)
1025 1
fe=(306)
785 1
-1 1
+1 4
-1 2
+1 40
+7 3
-7 3
+7 6
+2 6
+2 4
+4 1
-2 1
+3 1
-3 1
+2 2
+5 1
fi=(313)
1025 2
+1 2
fe=(306)
805 4
cfi=(305)
cfn=(4194)
calls=1 382 
* 87
+2 3
+9 1
-2 1
+2 2
-2 2
+2 4
+1 3
-37 9
+41 3
+1 2
cfi=(315)
cfn=(2172)
calls=1 54 
* 9
+33 12
-78 3
+39 27
+5 6

fn=(4196)
452 8
fi=(313)
1025 1
fe=(306)
452 1
+1 1
-1 1
fi=(313)
1025 2
+1 2
fe=(306)
453 2
cfi=(305)
cfn=(3234)
calls=1 793 
* 21
* 2
+4 1
330 1
462 1
-7 2
332 1
466 1
337 1
-4 1
+4 1
467 1
-1 3
+2 6
-11 1
+1 2
-1 1
330 4

fn=(2254)
601 12
+2 6
+6 6
+3 6
54 4
624 6

fn=(2190)
187 12
+1 4
+2 4
cob=(4)
cfi=(181)
cfn=(2192)
calls=2 0 
* 12
+1 2
+1 2
-1 2
+3 6

fn=(2122)
343 2
+1 4
-1 14
+3 6
+1 2
fi=(313)
1025 6
+1 4
fe=(306)
347 4
cfi=(307)
cfn=(2124)
calls=2 78 
* 528
* 4
+3 12

fn=(2218) _IO_sgetn
409 2
fi=(313)
1025 1
fe=(306)
409 3
+2 1
fi=(313)
1025 2
+1 2
fe=(306)
411 1
+1 2
-1 1
cfi=(305)
cfn=(2220)
calls=1 1273 
* 130

fn=(2230)
53 4
+1 8
+28 4
cfn=(2232) __GI__IO_un_link.part.0
calls=2 -30 
* 218

fn=(2232)
52 8
+6 2
-6 4
+6 2
-6 8
+6 8
cfi=(315)
cfn=(2170)
calls=2 -34 
* 26
+1 19
+2 2
-1 1
+1 4
-1 1
+1 21
+13 1
-13 1
+2 1
+13 2
-15 1
+15 1
-13 2
+2 4
+9 4
+2 14
+1 1
+1 9
+1 4
cfi=(315)
cfn=(2172)
calls=2 -25 
* 18
+3 18
-19 1
-2 2
+2 2
+13 3
+2 1
-2 1
+1 1
+1 5
-12 6
-7 3
+17 4
+2 2

fn=(2162)
563 22
+1 2
cfn=(2164) _IO_old_init
calls=2 -33 
* 50
+1 2
+1 4
+2 2
+4 2
+7 2
+2 2
-9 10
+15 2
+1 12

fn=(2236)
937 12
+2 4
+5 6
+2 6

fn=(4190)
686 5
+5 1
-5 1
+5 1
-5 6
+5 4
cfi=(315)
cfn=(2170)
calls=1 24 
* 13
+1 12
+3 3
-8 1
fi=(313)
1025 2
fe=(306)
708 18
+1 3
-14 9
+2 3
+1 45
+2 21
+8 18
+5 3
+1 2
cfi=(315)
cfn=(2172)
calls=1 54 
* 9
+4 12
-5 6

fn=(2134)
371 11
+3 4
fi=(313)
1025 1
fe=(306)
373 2
+24 1
+2 2
-20 4
+2 1
+1 2
+2 2
+2 2
+1 1
-1 1
cob=(4)
cfi=(181)
cfn=(2136)
calls=1 0 
* 16
* 1
+1 1
-12 1
+29 8

fn=(2168)
87 28
+1 20
+18 36
-16 2
+2 6
-2 2
+2 8
cfi=(315)
cfn=(2170)
calls=2 -68 
* 26
+1 19
+2 1
-1 1
+1 2
+6 1
+1 9
+1 4
cfi=(315)
cfn=(2172)
calls=2 -49 
* 18
+3 2
-11 11
+2 1
-2 1
+5 2
-2 1
-3 1
+2 1
+3 7
-5 5
+2 1
-2 1
+3 1
-3 1
+2 1
+3 4
+2 1
-2 1
+1 1
+1 5
-9 2
+1 1
+1 2
+5 4
+2 2

fn=(2164)
531 2
+3 2
-2 2
+2 2
+5 2
-7 2
+2 2
+10 2
-10 2
+16 2
-11 2
-5 2
+16 2
-16 2
+21 2
-16 10
+16 4
+1 4
+2 2

fn=(2498)
518 1
+3 3
1044 1
523 1
+1 3
+1 1
1058 1
524 2
+1 2
1058 2
524 4
+2 1

fl=(376)
fn=(2994)
39 156
+4 78
+5 65
+4 13
+3 13
+2 26
+1 26
+16 65
+10 26
+34 13
-4 13
+7 26
+4 26
cfi=(387) ./nptl/./nptl/nptl_free_tcb.c
cfn=(3064) __nptl_free_tcb
calls=13 25 
* 4474
* 13
+5 13
+3 143
-44 78
cfi=(270)
cfn=(1418)
calls=13 -64 
* 91
+5 13
+8 65
cfi=(358) ./nptl/./nptl/futex-internal.c
cfn=(2552) __futex_abstimed_wait_cancelable64
calls=13 +36 
* 1105
+2 52
-10 78
+17 39
cfi=(270)
cfn=(1436)
calls=13 -71 
* 78
* 13

fl=(387)
fn=(3064)
25 13
+2 26
-2 65
+6 39
+11 13
+2 26
-2 13
cfi=(346)
cfn=(3066)
calls=13 +70 
* 4279

fl=(117) ./string/../sysdeps/x86_64/multiarch/strcat.c
fn=(366) strcat
29 2
fi=(118)
+9 4
+1 2
-1 4
+1 4
+3 4
+4 6
+3 6
fe=(117)
-20 2

fl=(386)
fn=(3050)
29 65
+1 52
+9 39

fl=(139) ./string/../sysdeps/x86_64/multiarch/strncase.c
fn=(436) strncasecmp
31 5
fi=(114)
+6 10
-1 20
fe=(139)
-5 10
fi=(114)
+7 15
+3 10
+4 15
+3 20
fe=(139)

fl=(282) ./stdlib/./stdlib/secure-getenv.c
fn=(1838) secure_getenv
28 1
+1 5
cfi=(283)
cfn=(1840)
calls=1 -5 
* 626

fl=(110) ./wcsmbs/../sysdeps/x86_64/multiarch/wmemchr.c
fn=(352) wmemchr
31 2
fi=(111) ./wcsmbs/../sysdeps/x86_64/multiarch/ifunc-evex.h
+7 6
-1 8
+2 6
+6 4
-3 4
+9 6
+3 8
fe=(110)
-23 2

fl=(194)
fn=(650)
33 210
+2 150
+14 273
-9 4
cob=(4)
cfi=(181)
cfn=(586)
calls=1 -40 
* 26
* 3
+7 1
+1 1

fl=(303) ./stdio-common/./stdio-common/_itoa.c
fn=(2112) _itoa_word
169 31
+3 124
+2 70
+18 8
-8 292
-1 1566
+9 54

fl=(308)
fn=(2128)
30 3
+9 12
+33 3

fl=(356) ./nptl/./nptl/pthread_cond_wait.c
fn=(2546) pthread_cond_wait@@GLIBC_2.3.2
625 182
386 13
fi=(357)
50 26
fe=(356)
404 13
fi=(357)
50 13
fe=(356)
405 13
+4 13
-5 13
+1 13
+4 13
-5 13
+5 13
+10 13
fi=(374)
186 13
fe=(356)
419 13
fi=(374)
186 26
fe=(356)
419 13
cfi=(332)
cfn=(2548) __pthread_mutex_unlock_usercnt
calls=13 48 
* 351
* 13
+1 26
+12 52
+33 39
+4 52
+63 39
fi=(357)
30 26
fe=(356)
540 52
53 65
616 26
cfi=(377)
cfn=(2996)
calls=13 77 
* 390
+2 26
+10 156
484 39
+1 39
fi=(357)
30 13
fe=(356)
486 39
+11 13
+4 65
-3 13
-1 13
+3 26
+1 13
-1 13
-1 13
+2 13
cfi=(270)
cfn=(1418)
calls=13 25 
* 91
+2 78
cfi=(358)
cfn=(2552)
calls=13 138 
* 1111
+3 26
-3 13
+3 13
cfi=(270)
cfn=(1436)
calls=13 40 
* 78
+2 91
152 52
524 13
-59 26

fl=(358)
fn=(2552)
138 208
-61 52
+3 52
+3 78
+1 52
-27 78
+46 208
+10 26
+28 156
fi=(272)
-54 52
fe=(358)
-30 52
cfi=(359)
cfn=(2556)
calls=26 -26 
* 468
* 318
cfi=(359)
cfn=(2632)
calls=26 +6 
* 390
* 26

fl=(95) ./string/../sysdeps/x86_64/multiarch/memrchr.c
fn=(316) memrchr
29 2
fi=(84)
+11 6
-2 8
fe=(95)
-9 4
fi=(84)
+12 4
+1 6
+3 4
+4 6
+3 10
fe=(95)

fl=(204)
fn=(682)
30 1
+1 2
-1 4
+1 4
+2 3
cob=(4)
cfi=(181)
cfn=(684) 0x0000000004df7660
calls=1 -33 
* 24
+4 5
+1 3
+2 4

fl=(332)
fn=(2394)
367 9125
51 27375
+1 18250
367 27375
57 18250
+8 9125
-3 9125
-23 9125
+1 36500
+1 4
+29 4
+2 4
369 8
70 9121
+2 9121
369 18242
43 36510
cfi=(378)
cfn=(2998)
calls=13 +20 
* 91
* 26
+31 32
+6 64
+4 48
+3 32

fn=(2548)
48 13
+3 39
+1 26
-4 39
+9 26
+5 13
+1 26
-24 13
+1 52
+30 13
+2 13
+32 26
-61 52

fl=(299)
fn=(2100) __printf_buffer
600 336
fi=(311) ./stdio-common/./stdio-common/printf-parse.h
82 28
fe=(299)
600 56
fi=(311)
82 28
fe=(299)
600 28
+27 84
+11 28
-11 28
+11 28
-11 28
+11 56
fi=(311)
82 28
cob=(4)
cfi=(181)
cfn=(2102) 0x0000000004df7590
calls=28 -82 
* 588
fe=(299)
653 56
+1 28
fi=(311)
82 56
fe=(299)
654 28
-1 28
cfi=(301)
cfn=(2106)
calls=28 27 
* 1450
+2 84
+4 56
+4 224
-32 28
973 28
642 28
973 56
634 28
+71 200
1044 308
705 100
-13 50
+7 50
+6 100
-14 50
-4 50
+18 50
-10 50
+10 50
-7 50
-4 50
+11 100
-19 50
-1 50
+20 50
-12 50
-9 50
-1 50
+22 50
-15 100
1024 50
fi=(311)
82 50
fe=(299)
1018 50
fi=(311)
82 100
cob=(4)
cfi=(181)
cfn=(2102)
calls=50 -82 
* 1050
fe=(299)
1028 100
+1 50
fi=(311)
82 50
fe=(299)
1029 50
-1 50
cfi=(301)
cfn=(2106)
calls=50 27 
* 2155
+3 166
fi=(302) ./stdio-common/./stdio-common/vfprintf-process-arg.c
501 76
cfi=(301)
cfn=(2106)
calls=19 27 
* 1000
+1 19
-11 19
-88 152
+19 38
-14 38
+47 57
-33 76
+8 38
fe=(299)
757 4
-26 8
+1 8
-1 20
+1 56
-6 4
fi=(311)
55 4
-2 4
+2 4
-2 4
+2 4
-2 4
+2 8
fe=(299)
800 8
+7 8
+3 48
fi=(304)
149 4
fi=(302)
-71 4
fe=(299)
784 4
fi=(302)
126 8
fe=(299)
784 19
fi=(302)
126 38
+1 25
+74 3
92 3
+1 3
+1 3
201 6
-65 6
-9 2
+74 2
92 2
+1 2
+1 2
201 4
-65 4
+65 18
92 18
+1 18
+1 18
201 36
-65 52
+19 403
cfi=(303)
cfn=(2112)
calls=31 +14 
* 2145
+11 62
-11 62
+11 124
-5 248
+25 153
+1 1
+14 2
-4 3
+4 60
-4 90
+2 93
+2 62
+7 31
-2 62
+2 93
+3 62
+19 4
-6 62
fi=(304)
-61 62
fi=(302)
+70 62
+3 62
128 36
+8 31
+2 67
fe=(299)
878 45
-1 5
+1 35
-2 16
-5 54
-1 6
+1 48
+12 19
fi=(302)
66 19
+1 27
-18 8
-1 16
+1 7
201 3
58 2
201 21
58 14
-23 8
+22 16
161 31
+9 62
+17 31
+8 31
-8 31
+12 31
-12 31
+8 124
-8 180
+53 124
cfi=(301)
cfn=(2106)
calls=31 27 
* 1728
* 31
127 8
+3 36
+1 140
fi=(304)
+32 54
fi=(302)
50 14
+2 14
+1 56
435 38
cob=(4)
cfi=(181)
cfn=(726)
calls=19 0 
* 312
* 38
131 4
fi=(311)
-76 8
fe=(299)

fn=(2094)
1522 195
+3 76
+4 75
+11 30
+11 44
+5 44
cfi=(300)
cfn=(2096)
calls=11 108 
* 242
+3 55
cfn=(2100)
calls=11 600 
* 8861
+1 22
cfi=(300)
cfn=(2116)
calls=11 117 
* 605
+3 22
+1 22
+3 165
-42 28
+38 44
-12 44
cfi=(315)
cfn=(2170)
calls=11 24 
* 143
+1 77
-30 22
+30 99
+12 33
cfi=(315)
cfn=(2172)
calls=11 54 
* 99
* 11
+2 11
-3 66
-20 16
cfi=(300)
cfn=(2096)
calls=4 108 
* 90
+1 20
cfn=(2100)
calls=4 600 
* 3900
+1 8
cfi=(300)
cfn=(2116)
calls=4 117 
* 716
* 4

fl=(319)
fn=(2186)
33 3
+1 6
-1 18
+10 12
+1 2
+15 3
fi=(414) ./libio/../libio/libioP.h
1025 9
+1 6
fe=(319)
59 3
+1 3
-1 3
+1 9
-1 3
cfi=(305)
cfn=(2188)
calls=3 901 
* 646

fl=(285)
fn=(2012)
242 13
+69 3
+1 3
cfi=(201)
cfn=(668)
calls=1 67 
* 76
+25 6
+6 2
-3 2
+10 2
cob=(4)
cfi=(181)
cfn=(2034) 0x0000000004df77b0
calls=1 0 
* 7
+2 2
+8 4
cfi=(288)
cfn=(2038)
calls=1 29 
* 180278746
128 2
+6 3
+1 6
cob=(4)
cfi=(181)
cfn=(2014) 0x000000000010e000
calls=1 0 
* 13
* 1
+3 1
+1 2
+3 2
+1 2
-1 1
+2 11
+1 8
cob=(5)
cfi=(184)
cfn=(2032)
calls=1 0 
* 133
cob=(5)
cfi=(184)
cfn=(2026)
calls=1 0 
* 116
* 4
cob=(5)
cfi=(184)
cfn=(2020)
calls=1 0 
* 12
-1 10

fl=(354)
fn=(2524)
93 65
fi=(415) ./libio/../include/printf_buffer.h
+31 13
fe=(354)
-31 26
fi=(415)
+31 13
fe=(354)
-31 78
fi=(415)
+44 13
-13 13
+13 13
-10 13
+1 13
fe=(354)
-65 26
+3 13
+30 39
cfi=(299)
cfn=(2100)
calls=13 600 
* 6071
-21 39
+1 13
+11 26
cfi=(309)
cfn=(2140)
calls=13 -62 
* 247
+11 78

fl=(382)
fn=(3042)
21 52
+1 13
-1 13
+1 13
+2 26
+15 52

fl=(393)
fn=(3112)
25 1
+1 4
+1 1

fl=(279)
fn=(1530)
49 128
+2 512
+3 128

fl=(128) ./string/../sysdeps/x86_64/multiarch/strncpy.c
fn=(402) strncpy
29 7
fi=(109)
+6 35
+1 21
+3 14
+4 21
+3 28
fe=(128)
-17 7

fl=(323)
fn=(2216)
31 7
+1 1
-1 1
+1 1
-1 1
+4 6
+2 10
+1 4
cfi=(306)
cfn=(2218)
calls=1 409 
* 145
fi=(313)
979 2
+1 9
fe=(323)
40 2
+1 9
-1 2

ob=(46) /usr/lib/x86_64-linux-gnu/libXfixes.so.3.1.0
fl=(261) ???
fn=(3404) 0x00000000000023a0
0 5

fn=(1274) 0x0000000000002450
0 12

fn=(3394) 0x0000000000002410
0 9
cob=(4)
cfi=(181)
cfn=(3400) 0x0000000005421190
calls=1 0 
0 144
0 1
cfn=(3404)
calls=1 0 
0 5
0 3

ob=(2)
fl=(323)
fn=(2216)
37 4

ob=(1)
fl=(71) ./malloc/./malloc/scratch_buffer_set_array_size.c
fn=(228) __libc_scratch_buffer_set_array_size
30 663
+4 51
+1 102
+10 102
+18 51
-17 51
+17 255

fl=(390) ./elf/./elf/dl-call_fini.c
fn=(3094) _dl_call_fini
24 424
+4 106
+6 53
-2 53
+3 106
+3 51
+1 51
-1 51
+1 102
+3 204
+1 51
cob=(7)
cfi=(207)
cfn=(4170)
calls=1 -43 
* 162
cob=(8)
cfi=(208)
cfn=(4112)
calls=1 -43 
* 315
cob=(9)
cfi=(217)
cfn=(4094)
calls=1 -43 
* 162
cob=(10)
cfi=(218)
cfn=(4076)
calls=1 -43 
* 162
cob=(11) /usr/lib/x86_64-linux-gnu/liblzma.so.5.4.5
cfi=(219) ???
cfn=(4058) 0x0000000000003520
calls=1 -43 
* 162
cob=(12) /usr/lib/x86_64-linux-gnu/liblz4.so.1.9.4
cfi=(220) ???
cfn=(4040) 0x00000000000031f0
calls=1 -43 
* 162
cob=(13) /usr/lib/x86_64-linux-gnu/libgcrypt.so.20.4.3
cfi=(221) ???
cfn=(4022) 0x000000000000fb40
calls=1 -43 
* 162
cob=(14) /usr/lib/x86_64-linux-gnu/libcap.so.2.66
cfi=(222) ???
cfn=(4000) 0x0000000000003b40
calls=1 -43 
* 162
cob=(3) /usr/lib/x86_64-linux-gnu/libm.so.6
cfi=(225) ???
cfn=(3982) 0x00000000000104a0
calls=1 -43 
* 162
cob=(15) /usr/lib/x86_64-linux-gnu/libmp3lame.so.0.0.0
cfi=(226) ???
cfn=(3964) 0x0000000000006530
calls=1 -43 
* 162
cob=(16) /usr/lib/x86_64-linux-gnu/libmpg123.so.0.48.2
cfi=(227) ???
cfn=(3946) 0x0000000000005260
calls=1 -43 
* 161
cob=(17)
cfi=(228)
cfn=(3928)
calls=1 -43 
* 162
cob=(18)
cfi=(229)
cfn=(3910)
calls=1 -43 
* 162
cob=(19) /usr/lib/x86_64-linux-gnu/libvorbis.so.0.4.9
cfi=(230) ???
cfn=(3892) 0x0000000000003510
calls=1 -43 
* 162
cob=(20) /usr/lib/x86_64-linux-gnu/libvorbisenc.so.2.0.12
cfi=(231) ???
cfn=(3874) 0x0000000000014130
calls=1 -43 
* 162
cob=(21) /usr/lib/x86_64-linux-gnu/libFLAC.so.12.1.0
cfi=(232) ???
cfn=(3856) 0x00000000000088a0
calls=1 -43 
* 162
cob=(22)
cfi=(233)
cfn=(3838)
calls=1 -43 
* 162
cob=(23)
cfi=(234)
cfn=(3820)
calls=1 -43 
* 162
cob=(24)
cfi=(235)
cfn=(3802)
calls=1 -43 
* 162
cob=(25)
cfi=(236)
cfn=(3784)
calls=1 -43 
* 162
cob=(26) /usr/lib/x86_64-linux-gnu/libsystemd.so.0.38.0
cfi=(237) ???
cfn=(3766) 0x0000000000017ec0
calls=1 -43 
* 162
cob=(27) /usr/lib/x86_64-linux-gnu/libX11-xcb.so.1.0.0
cfi=(238) ???
cfn=(3748) 0x00000000000010b0
calls=1 -43 
* 162
cob=(28) /usr/lib/x86_64-linux-gnu/libsndfile.so.1.0.37
cfi=(239) ???
cfn=(3730) 0x0000000000009a50
calls=1 -43 
* 162
cob=(29) /usr/lib/x86_64-linux-gnu/libffi.so.8.1.4
cfi=(240) ???
cfn=(3712) 0x0000000000002530
calls=1 -43 
* 162
cob=(30)
cfi=(241)
cfn=(3694)
calls=1 -43 
* 162
cob=(31) /usr/lib/x86_64-linux-gnu/libxcb.so.1.1.0
cfi=(242) ???
cfn=(3676) 0x000000000000b6e0
calls=1 -43 
* 162
cob=(32) /usr/lib/x86_64-linux-gnu/libX11.so.6.4.0
cfi=(243) ???
cfn=(3650) 0x000000000001a7a0
calls=1 -43 
* 1266
cob=(33)
cfi=(248)
cfn=(3632)
calls=1 -43 
* 162
cob=(34) /usr/lib/x86_64-linux-gnu/libdbus-1.so.3.32.4
cfi=(249) ???
cfn=(3614) 0x000000000000cfb0
calls=1 -43 
* 162
cob=(35)
cfi=(250)
cfn=(3592)
calls=1 -43 
* 5
cob=(36) /usr/lib/x86_64-linux-gnu/libwayland-client.so.0.22.0
cfi=(251) ???
cfn=(3574) 0x00000000000055f0
calls=1 -43 
* 162
cob=(37) /usr/lib/x86_64-linux-gnu/libdecor-0.so.0.200.2
cfi=(252) ???
cfn=(3556) 0x0000000000004540
calls=1 -43 
* 162
cob=(38) /usr/lib/x86_64-linux-gnu/libxkbcommon.so.0.0.0
cfi=(253) ???
cfn=(3538) 0x0000000000005610
calls=1 -43 
* 162
cob=(39)
cfi=(254)
cfn=(3520)
calls=1 -43 
* 162
cob=(40)
cfi=(255)
cfn=(3502)
calls=1 -43 
* 162
cob=(41) /usr/lib/x86_64-linux-gnu/libdrm.so.2.125.0
cfi=(256) ???
cfn=(3484) 0x00000000000057d0
calls=1 -43 
* 162
cob=(42)
cfi=(257)
cfn=(3466)
calls=1 -43 
* 162
cob=(43) /usr/lib/x86_64-linux-gnu/libXext.so.6.4.0
cfi=(258) ???
cfn=(3448) 0x0000000000004860
calls=1 -43 
* 162
cob=(44)
cfi=(259)
cfn=(3430)
calls=1 -43 
* 162
cob=(45)
cfi=(260)
cfn=(3412)
calls=1 -43 
* 162
cob=(46)
cfi=(261)
cfn=(3394)
calls=1 -43 
* 162
cob=(47)
cfi=(262)
cfn=(3376)
calls=1 -43 
* 162
cob=(48) /usr/lib/x86_64-linux-gnu/libXcursor.so.1.0.2
cfi=(263) ???
cfn=(3358) 0x00000000000026d0
calls=1 -43 
* 162
cob=(49)
cfi=(264)
cfn=(3340)
calls=1 -43 
* 162
cob=(50)
cfi=(265)
cfn=(3322)
calls=1 -43 
* 162
cob=(51) /usr/lib/x86_64-linux-gnu/libasound.so.2.0.0
cfi=(266) ???
cfn=(3302) snd_shm_area_destructor
calls=1 -43 
* 13
cob=(52) /usr/lib/x86_64-linux-gnu/libgcc_s.so.1
cfi=(267) ???
cfn=(3272) 0x0000000000004940
calls=1 -43 
* 42
cob=(53)
cfi=(268)
cfn=(3176) 0x00000000000b7aa0
calls=1 -43 
* 7865
cob=(54)
cfi=(284)
cfn=(3158)
calls=1 -43 
* 162
cob=(6)
cfi=(202)
cfn=(3140)
calls=1 -43 
* 162
cob=(5)
cfi=(184)
cfn=(3096)
calls=1 -43 
* 117780
* 5
cob=(14)
cfi=(222)
cfn=(4016) 0x00000000000039d0
calls=1 -43 
* 5
cob=(32)
cfi=(243)
cfn=(3658) 0x000000000001a830
calls=1 -43 
* 162
cob=(35)
cfi=(250)
cfn=(3596)
calls=1 -43 
* 162
cob=(51)
cfi=(266)
cfn=(3304) 0x000000000002c5d0
calls=1 -43 
* 162
cob=(52)
cfi=(267)
cfn=(3284) 0x0000000000005ad0
calls=1 -43 
* 162
-1 224
+5 53
+1 106
+1 102
+1 255
-1 51
cob=(4)
cfi=(181)
cfn=(4186) 0x0000000005cc9a7c
calls=1 -49 
* 4
cob=(4)
cfi=(181)
cfn=(4168) 0x0000000005cb3d74
calls=1 -49 
* 4
cob=(4)
cfi=(181)
cfn=(4110) 0x0000000005c934f8
calls=1 -49 
* 4
cob=(4)
cfi=(181)
cfn=(4092) 0x0000000005c727b4
calls=1 -49 
* 4
cob=(4)
cfi=(181)
cfn=(4074) 0x0000000005bba5d0
calls=1 -49 
* 4
cob=(4)
cfi=(181)
cfn=(4056) 0x0000000005b91e8c
calls=1 -49 
* 4
cob=(4)
cfi=(181)
cfn=(4038) 0x0000000005b2e0e0
calls=1 -49 
* 4
cob=(4)
cfi=(181)
cfn=(4020) 0x0000000005a27518
calls=1 -49 
* 4
cob=(4)
cfi=(181)
cfn=(3998) 0x0000000004d463a8
calls=1 -49 
* 4
cob=(4)
cfi=(181)
cfn=(3980) 0x00000000059dd784
calls=1 -49 
* 4
cob=(4)
cfi=(181)
cfn=(3962) 0x000000000598ab5c
calls=1 -49 
* 4
cob=(4)
cfi=(181)
cfn=(3944) 0x000000000594561c
calls=1 -49 
* 4
cob=(4)
cfi=(181)
cfn=(3926) 0x000000000592ea18
calls=1 -49 
* 4
cob=(4)
cfi=(181)
cfn=(3908) 0x0000000005821060
calls=1 -49 
* 4
cob=(4)
cfi=(181)
cfn=(3890) 0x000000000584d620
calls=1 -49 
* 4
cob=(4)
cfi=(181)
cfn=(3872) 0x00000000057fc0b0
calls=1 -49 
* 4
cob=(4)
cfi=(181)
cfn=(3854) 0x000000000579ea8c
calls=1 -49 
* 4
cob=(4)
cfi=(181)
cfn=(3836) 0x0000000005797044
calls=1 -49 
* 4
cob=(4)
cfi=(181)
cfn=(3818) 0x000000000578cf98
calls=1 -49 
* 4
cob=(4)
cfi=(181)
cfn=(3800) 0x000000000577bb2c
calls=1 -49 
* 4
cob=(4)
cfi=(181)
cfn=(3782) 0x000000000573b6c0
calls=1 -49 
* 4
cob=(4)
cfi=(181)
cfn=(3764) 0x0000000005693120
calls=1 -49 
* 4
cob=(4)
cfi=(181)
cfn=(3746) 0x0000000005672d5c
calls=1 -49 
* 4
cob=(4)
cfi=(181)
cfn=(3728) 0x000000000560607c
calls=1 -49 
* 4
cob=(4)
cfi=(181)
cfn=(3710) 0x00000000055f0474
calls=1 -49 
* 4
cob=(4)
cfi=(181)
cfn=(3692) 0x00000000055b8ec0
calls=1 -49 
* 4
cob=(4)
cfi=(181)
cfn=(3674) 0x0000000005355fe0
calls=1 -49 
* 4
cob=(4)
cfi=(181)
cfn=(3648) 0x00000000055cc788
calls=1 -49 
* 4
cob=(4)
cfi=(181)
cfn=(3630) 0x00000000055877bc
calls=1 -49 
* 4
cob=(4)
cfi=(181)
cfn=(3612) 0x0000000005529a34
calls=1 -49 
* 4
cob=(4)
cfi=(181)
cfn=(3590) 0x0000000005468b84
calls=1 -49 
* 4
cob=(4)
cfi=(181)
cfn=(3572) 0x00000000054c7944
calls=1 -49 
* 4
cob=(4)
cfi=(181)
cfn=(3554) 0x000000000549c674
calls=1 -49 
* 4
cob=(4)
cfi=(181)
cfn=(3536) 0x0000000005471d8c
calls=1 -49 
* 4
cob=(4)
cfi=(181)
cfn=(3518) 0x000000000545a24c
calls=1 -49 
* 4
cob=(4)
cfi=(181)
cfn=(3500) 0x00000000054497c4
calls=1 -49 
* 4
cob=(4)
cfi=(181)
cfn=(3482) 0x00000000054530cc
calls=1 -49 
* 4
cob=(4)
cfi=(181)
cfn=(3464) 0x00000000053f8bd0
calls=1 -49 
* 4
cob=(4)
cfi=(181)
cfn=(3446) 0x0000000005435fbc
calls=1 -49 
* 4
cob=(4)
cfi=(181)
cfn=(3428) 0x000000000542feec
calls=1 -49 
* 4
cob=(4)
cfi=(181)
cfn=(3410) 0x0000000005423a4c
calls=1 -49 
* 4
cob=(4)
cfi=(181)
cfn=(3392) 0x000000000541ab9c
calls=1 -49 
* 4
cob=(4)
cfi=(181)
cfn=(3374) 0x00000000054055ec
calls=1 -49 
* 4
cob=(4)
cfi=(181)
cfn=(3356) 0x0000000005144bc4
calls=1 -49 
* 4
cob=(4)
cfi=(181)
cfn=(3338) 0x00000000051295ac
calls=1 -49 
* 4
cob=(4)
cfi=(181)
cfn=(3320) 0x00000000050acd58
calls=1 -49 
* 4
cob=(4)
cfi=(181)
cfn=(3300) 0x0000000004dc8748
calls=1 -49 
* 4
cob=(4)
cfi=(181)
cfn=(3270) 0x0000000004c1ece4
calls=1 -49 
* 4
cob=(4)
cfi=(181)
cfn=(3174) 0x00000000049bd9e4
calls=1 -49 
* 4
cob=(4)
cfi=(181)
cfn=(3156) 0x000000000483d294
calls=1 -49 
* 4
cob=(4)
cfi=(181)
cfn=(3136) 0x0000000000143530
calls=1 -49 
* 4
+1 12

fl=(169) ./elf/./elf/dl-find_object.c
fn=(556) _dlfo_process_initial
474 2
+3 2
-3 6
+1 2
+3 4
+26 14
+1 6
+1 106
-1 212
+3 420
+3 416
-7 10
+27 2
-2 2
+2 6
-18 312
+3 104
-1 104
cfi=(170) ./elf/./dl-find_object.h
cfn=(554) _dl_find_object_from_map
calls=52 95 
* 3051
+2 208

fn=(558) _dlfo_sort_mappings
536 1
+1 2
+3 4
+4 1
+1 1
-1 1
+1 2
-1 50
+1 50
-1 50
+1 202
+1 6630
+3 23
-1 23
-3 3978
+8 153
+1 102
-1 51
-13 102
+14 153
+1 102
-15 102
+17 1

fn=(552) _dl_find_object_init
561 2
+3 1
-3 3
+5 2
+13 1
cfn=(556)
calls=1 474 
* 865
+1 1
-1 1
+1 1
fi=(28) ./elf/../include/rtld-malloc.h
56 1
cfi=(27) ./elf/./elf/dl-minimal-malloc.c
cfn=(78) __minimal_malloc
calls=1 -20 
* 30
fe=(169)
580 1
fi=(28)
56 1
fe=(169)
582 2
+3 2
+5 1
+1 1
cfn=(556)
calls=1 474 
* 4124
+3 3
+10 4
-37 2
cfi=(170)
cfn=(554)
calls=1 95 
* 73
* 1
+29 2
cfn=(558)
calls=1 -60 
* 11784
+3 6
+2 1

fl=(379) ./elf/../sysdeps/x86_64/tls_get_addr.S
fn=(3014) __tls_get_addr
29 15
+1 15
+1 15
+2 15
+1 15
+1 15
+3 15
+1 15
+4 15
+1 15
+1 15
+1 15

fl=(26) ./elf/./elf/dl-object.c
fn=(84) _dl_add_to_namespace_list
31 208
+2 52
-2 104
+2 52
-2 156
+2 52
cfi=(24) ./elf/../sysdeps/nptl/dl-tls_init_tp.c
cfn=(86) rtld_mutex_dummy
calls=52 +9 
* 156
+2 467
+3 5508
+2 51
+2 51
+4 51
+4 51
-4 102
+1 102
+1 102
+3 255
-1 51
cfi=(24)
cfn=(86)
calls=51 -8 
* 153
-4 1
+4 1
-4 2
+1 2
+1 2
+3 5
-1 1
cfi=(24)
cfn=(86)
calls=1 -8 
* 3
-5 2

fn=(72) _dl_new_object
59 780
+3 104
+18 102
+3 51
cfi=(22) ./string/../sysdeps/x86_64/multiarch/../multiarch/strlen-sse2.S
cfn=(62) strlen
calls=51 -26 
* 1065
+4 51
-4 51
+4 51
+5 51
-9 153
fi=(28)
-39 102
cfi=(27)
cfn=(74) __minimal_calloc
calls=51 +36 
* 2687
fe=(26)
+39 1
fi=(28)
-39 2
cfi=(27)
cfn=(74)
calls=1 +36 
* 47
* 52
fe=(26)
+51 104
+5 52
+4 52
-6 52
+2 52
+4 52
-5 52
+4 52
+1 52
-1 52
+1 104
cfi=(29) ./string/../sysdeps/x86_64/multiarch/memmove-vec-unaligned-erms.S
cfn=(82) memcpy
calls=52 210 
* 583
* 52
+15 52
-15 52
+2 52
+13 104
+6 1
+2 7
+3 2
-3 357
+3 102
+2 52
+4 52
+3 108
+2 12
-2 8
+2 8
-2 16
+16 104
-5 52
+5 52
-6 52
+6 52
-6 52
+6 104
+2 102
+3 102
-3 102
+7 652
+4 153
+8 1
+13 1
-10 2
+10 54
-10 102
+10 153
+2 51
cfi=(22)
cfn=(62)
calls=51 57 
* 1813
+21 51
-21 153
+17 51
-13 153
+50 153
cfi=(29)
cfn=(126) mempcpy
calls=51 -48 
* 1055
* 51
+5 102
+1 102
-1 1542
+1 1542
+4 102
+1 51
+3 51
+4 468
131 104
-8 51
-4 102
+34 1
+7 4
+8 204
fi=(28)
56 102
cfi=(27)
cfn=(78)
calls=51 -20 
* 1530
* 51
fe=(26)
200 102
-1 102
64 2
+2 3
+1 2
+4 6
+6 2

fl=(1) ???
fn=(0) 0x000000000001f540
0 2
cfi=(2) ./elf/./elf/rtld.c
cfn=(2) _dl_start
calls=1 517 
0 6371441
0 8
cfi=(76) ./elf/../sysdeps/x86_64/dl-cet.c
cfn=(602) _dl_cet_setup_features
calls=1 331 
0 4
0 10
cfi=(183) ./elf/./elf/dl-init.c
cfn=(606) _dl_init
calls=1 81 
0 105223
0 3
cob=(5)
cfi=(184)
cfn=(2010)
calls=1 0 
0 180279205

fl=(48) ./elf/./elf/dl-audit.c
fn=(592) _dl_audit_activity_nsid
41 3
+4 12
+1 3
+1 15

fn=(198) _dl_audit_objopen
77 51
+1 204

fn=(152) _dl_audit_activity_map
29 2
+2 1
-2 5
+1 1
+1 2
+6 6

fn=(3138) _dl_audit_objclose
97 53
+1 212

fn=(2036) _dl_audit_preinit
118 1
+1 4

fl=(7) ./elf/./elf/dl-minimal.c
fn=(564) lookup_malloc_symbol
61 8
+3 4
-3 12
+3 4
-3 12
+3 4
-3 4
+2 4
+1 16
cfi=(78) ./elf/./elf/dl-lookup.c
cfn=(274) _dl_lookup_symbol_x
calls=4 772 
* 3064
+4 28
+1 28
+2 4
fi=(172) ./elf/./dl-sym-post.h
-30 8
+12 12
fe=(7)
+19 24

fn=(560) __rtld_malloc_init_real
76 2
+10 1
fi=(171) ./elf/../sysdeps/generic/dl-hash.h
-41 1
-1 1
fe=(7)
+32 8
+11 1
-1 1
fi=(171)
-43 1
+5 3
+14 4
-17 3
+3 15
+14 20
-17 15
fe=(7)
+46 2
fi=(171)
-24 1
fe=(7)
+22 1
+2 2
fi=(171)
-19 1
fe=(7)
+19 1
cfn=(564)
calls=1 -30 
* 782
+1 3
-1 1
+1 1
cfn=(564)
calls=1 -31 
* 819
+1 3
-1 1
+1 1
cfn=(564)
calls=1 -32 
* 880
+1 3
-1 1
+1 1
cfn=(564)
calls=1 -33 
* 755
+5 1
+1 1
+1 1
+1 1
+1 8

fn=(134) strsep
239 4
+3 8
+2 4
+1 8
+4 6
-2 4
+4 100
+5 192
-2 128
+13 2
+4 8
-22 50
+15 50
-15 104

fn=(12) __rtld_malloc_init_stubs
42 1
+1 2
+1 2
+1 2
+1 2
+1 1

fl=(32) ./string/../sysdeps/x86_64/multiarch/../multiarch/strcmp-sse2.S
fn=(248) strncmp
98 1
+27 1
+1 1
+1 1
+1 1
+1 1
+2 1
+1 1
+2 1
+1 1
+21 1
+1 1
+1 1
+1 1
+1 1
+1 1
+1 1
+1 1
+17 1
+1 1
+1 1
+1 1
+1 1
+1 1
+1 1
2104 1
+3 1
+1 1
+2 1
+1 1
+8 1
+1 1

fn=(94) strcmp
98 16275
+33 16275
+1 16275
+2 16275
+1 16275
+21 16275
+1 16275
+1 13589
+1 13589
+1 10908
+1 10908
+1 10908
+1 10908
+17 10908
+1 10908
+1 10908
+1 10908
+1 10908
+1 10908
+1 10908
+5 534
+1 1602
+9 534
+1 534
+1 534
+1 534
+1 534
+1 534
+1 534
+1 534
-7 5367
+1 5367
+1 5367
+1 5367
+1 5367
+1 5367
+1 5367
+1 5367
+1 5531
+1 3122
+1 3122
+1 3122
+2 3122
+1 3122
+1 3122
+1 3122
+1 3122
+1 3122
-5 2409
+1 2409
+1 2409
+1 2409
+1 2409
+1 2409
+10 370
+1 370
+1 370
+2 370
+6 370
+1 370
+1 370
+1 370
+1 370
+5 370
+2 147
+1 147
+1 294
+8 147
+1 147
+3 147
+1 147
+1 147
+1 147
+1 147
+1 147
-9 1
+1 1
+3 1
+1 1
+1 1
+1 1
+1 1
+1 1
+6 7
+1 7
+1 7
+3 7
+1 7
+1 7
+1 7
+1 7
+1 7
+5 1
+1 1
+9 204
+1 204
+1 204
+1 204
+1 204
+2 204
+1 204
+1 204
+1 204
+1 204
+1 204
+1 204
+1 167
+3 167
+1 167
+1 167
+6 167
+1 167
+1 334
+4 167
+1 167
-1 2
+1 2
+3 169
+1 169
+1 169
+2 169
+1 169
+1 169
+4 169
+1 169
+1 169
+1 169
+1 169
+1 169
+6 6
+1 6
+2 6
+1 6
+2 6
+1 6
+1 6
+2 6
+1 6
+1 6
+4 6
+1 6
+1 6
+1 6
+1 6
+1 6
+6 2
+1 2
+1 2
+40 63
+1 63
+1 63
+1 63
+1 63
+2 63
+1 63
+1 63
+1 63
+1 63
+1 63
+1 63
+1 62
+3 62
+1 62
+1 62
+6 62
+1 62
+1 124
+4 62
+1 62
-1 2
+1 2
+3 64
+1 64
+1 64
+2 64
+1 64
+1 64
+4 64
+1 64
+1 64
+1 64
+1 64
+1 64
+7 11
+1 11
+2 11
+1 11
+2 11
+1 11
+1 11
+2 11
+1 11
+1 11
+4 11
+1 11
+1 11
+1 11
+1 11
+1 11
+7 2
+1 2
+1 2
+32 146
+1 146
+1 146
+1 146
+1 146
+2 146
+1 146
+1 146
+1 146
+1 146
+1 146
+1 146
+1 82
+4 82
+1 82
+1 82
+6 82
+1 82
+1 164
+4 82
+1 82
-1 3
+1 3
+3 85
+1 85
+1 85
+2 85
+1 85
+1 85
+4 85
+1 85
+1 85
+1 85
+1 85
+1 85
+7 7
+1 7
+2 7
+1 7
+2 7
+1 7
+1 7
+2 7
+1 7
+1 7
+4 7
+1 7
+1 7
+1 7
+1 7
+1 7
+7 3
+1 3
+1 3
+32 204
+1 204
+1 204
+1 204
+1 204
+2 204
+1 204
+1 204
+1 204
+1 204
+1 204
+1 204
+1 75
+4 75
+1 75
+1 75
+6 75
+1 75
+1 150
+4 75
+1 75
-1 5
+1 5
+3 80
+1 80
+1 80
+2 80
+1 80
+1 80
+4 80
+1 80
+1 80
+1 80
+1 80
+1 80
+7 9
+1 9
+2 9
+1 9
+2 9
+1 9
+1 9
+2 9
+1 9
+1 9
+4 9
+1 9
+1 9
+1 9
+1 9
+1 9
+7 5
+1 5
+1 5
+32 207
+1 207
+1 207
+1 207
+1 207
+2 207
+1 207
+1 207
+1 207
+1 207
+1 207
+1 207
+1 90
+4 90
+1 90
+1 90
+6 90
+1 90
+1 180
+4 90
+1 90
-1 4
+1 4
+3 93
+1 93
+1 93
+2 93
+1 93
+1 93
+4 93
+1 93
+1 93
+1 93
+1 93
+1 93
+7 20
+1 20
+2 20
+1 20
+2 20
+1 20
+1 20
+2 20
+1 20
+1 20
+4 20
+1 20
+1 20
+1 20
+1 20
+1 20
+7 4
+1 4
+1 4
+4 1
+1 1
+1 1
+1 1
+13 1
+1 1
+1 1
+1 1
+9 128
+1 128
+1 128
+1 128
+1 128
+2 128
+1 128
+1 128
+1 128
+1 128
+1 128
+1 128
+1 91
+4 91
+1 91
+1 91
+6 91
+1 91
+1 182
+4 91
+1 91
-1 2
+1 2
+3 93
+1 93
+1 93
+2 93
+1 93
+1 93
+4 93
+1 93
+1 93
+1 93
+1 93
+1 93
+7 15
+1 15
+2 15
+1 15
+2 15
+1 15
+1 15
+2 15
+1 15
+1 15
+4 15
+1 15
+1 15
+1 15
+1 15
+1 15
+7 2
+1 2
+1 2
+32 241
+1 241
+1 241
+1 241
+1 241
+2 241
+1 241
+1 241
+1 241
+1 241
+1 241
+1 241
+1 146
+4 146
+1 146
+1 146
+6 146
+1 146
+1 292
+4 146
+1 146
+3 144
+1 144
+1 144
+2 144
+1 144
+1 144
+4 144
+1 144
+1 144
+1 144
+1 144
+1 144
+7 15
+1 15
+2 15
+1 15
+2 15
+1 15
+1 15
+2 15
+1 15
+1 15
+4 15
+1 15
+1 15
+1 15
+1 15
+1 15
+13 2
+1 2
+1 2
+1 2
+13 2
+1 2
+1 2
+1 2
+9 336
+1 336
+1 336
+1 336
+1 336
+2 336
+1 336
+1 336
+1 336
+1 336
+1 336
+1 336
+1 143
+4 143
+1 143
+1 143
+6 143
+1 143
+1 286
+4 143
+1 143
-1 4
+1 4
+3 147
+1 147
+1 147
+2 147
+1 147
+1 147
+4 147
+1 147
+1 147
+1 147
+1 147
+1 147
+7 22
+1 22
+2 22
+1 22
+2 22
+1 22
+1 22
+2 22
+1 22
+1 22
+4 22
+1 22
+1 22
+1 22
+1 22
+1 22
+7 4
+1 4
+1 4
+4 1
+1 1
+1 1
+1 1
+7 1
+1 1
+1 1
+16 395
+1 395
+1 395
+1 395
+1 395
+2 395
+1 395
+1 395
+1 395
+1 395
+1 395
+1 395
+1 190
+4 190
+1 190
+1 190
+6 190
+1 190
+1 380
+4 190
+1 190
-1 4
+1 4
+3 194
+1 194
+1 194
+2 194
+1 194
+1 194
+4 194
+1 194
+1 194
+1 194
+1 194
+1 194
+7 25
+1 25
+2 25
+1 25
+2 25
+1 25
+1 25
+2 25
+1 25
+1 25
+4 25
+1 25
+1 25
+1 25
+1 25
+1 25
+7 4
+1 4
+1 4
+32 472
+1 472
+1 472
+1 472
+1 472
+2 472
+1 472
+1 472
+1 472
+1 472
+1 472
+1 472
+1 195
+4 195
+1 195
+1 195
+6 195
+1 195
+1 390
+4 195
+1 195
-1 7
+1 7
+3 202
+1 202
+1 202
+2 202
+1 202
+1 202
+4 202
+1 202
+1 202
+1 202
+1 202
+1 202
+7 22
+1 22
+2 22
+1 22
+2 22
+1 22
+1 22
+2 22
+1 22
+1 22
+4 22
+1 22
+1 22
+1 22
+1 22
+1 22
+7 7
+1 7
+1 7
+4 4
+1 4
+1 4
+1 4
+7 4
+1 4
+1 4
+16 582
+1 582
+1 582
+1 582
+1 582
+2 582
+1 582
+1 582
+1 582
+1 582
+1 582
+1 582
+1 267
+4 267
+1 267
+1 267
+6 267
+1 267
+1 534
+4 267
+1 267
-1 2
+1 2
+3 269
+1 269
+1 269
+2 269
+1 269
+1 269
+4 269
+1 269
+1 269
+1 269
+1 269
+1 269
+7 19
+1 19
+2 19
+1 19
+2 19
+1 19
+1 19
+2 19
+1 19
+1 19
+4 19
+1 19
+1 19
+1 19
+1 19
+1 19
+7 2
+1 2
+1 2
+4 2
+1 2
+1 2
+1 2
+7 2
+1 2
+1 2
+16 607
+1 607
+1 607
+1 607
+1 607
+2 607
+1 607
+1 607
+1 607
+1 607
+1 607
+1 607
+1 197
+4 197
+1 197
+1 197
+6 197
+1 197
+1 394
+4 197
+1 197
-1 11
+1 11
+3 208
+1 208
+1 208
+2 208
+1 208
+1 208
+4 208
+1 208
+1 208
+1 208
+1 208
+1 208
+7 27
+1 27
+2 27
+1 27
+2 27
+1 27
+1 27
+2 27
+1 27
+1 27
+4 27
+1 27
+1 27
+1 27
+1 27
+1 27
+7 11
+1 11
+1 11
+32 638
+1 638
+1 638
+1 638
+1 638
+2 638
+1 638
+1 638
+1 638
+1 638
+1 638
+1 638
+1 211
+4 211
+1 211
+1 211
+6 211
+1 211
+1 422
+4 211
+1 211
-1 5
+1 5
+3 215
+1 215
+1 215
+2 215
+1 215
+1 215
+4 215
+1 215
+1 215
+1 215
+1 215
+1 215
+7 23
+1 23
+2 23
+1 23
+2 23
+1 23
+1 23
+2 23
+1 23
+1 23
+4 23
+1 23
+1 23
+1 23
+1 23
+1 23
+7 5
+1 5
+1 5
+4 3
+1 3
+1 3
+1 3
+7 2
+1 2
+1 2
+4 1
+1 1
+1 1
+1 1
+9 674
+1 674
+1 674
+1 674
+1 674
+2 674
+1 674
+1 674
+1 674
+1 674
+1 674
+1 674
+1 193
+4 193
+1 193
+1 193
+6 193
+1 193
+1 386
+4 193
+1 193
-1 7
+1 7
+3 199
+1 199
+1 199
+2 199
+1 199
+1 199
+4 199
+1 199
+1 199
+1 199
+1 199
+1 199
+7 19
+1 19
+2 19
+1 19
+2 19
+1 19
+1 19
+2 19
+1 19
+1 19
+4 19
+1 19
+1 19
+1 19
+1 19
+1 19
+7 7
+1 7
+1 7
+4 2
+1 2
+1 2
+1 2
+7 1
+1 1
+1 1
+4 1
+1 1
+1 1
+1 1
+9 634
+1 634
+1 634
+1 634
+1 634
+2 634
+1 634
+1 634
+1 634
+1 634
+1 634
+1 634
+2 207
+4 207
+1 207
+1 207
+6 207
+1 207
+2 414
+4 207
+1 207
-1 4
+1 4
+3 211
+1 211
+1 211
+2 211
+1 211
+1 211
+4 211
+1 211
+1 211
+1 211
+1 211
+1 211
+7 27
+1 27
+2 27
+1 27
+2 27
+1 27
+1 27
+2 27
+1 27
+1 27
+4 27
+1 27
+1 27
+1 27
+1 27
+1 27
+7 4
+1 4
+1 4
+4 1
+1 1
+1 1
+1 1
+7 1
+1 1
+1 1
+11 5
+1 5
+1 5
+1 10
+4 5
+2 5
+1 5
+1 5
+1 5
-5 2458
+2 2458
+1 2458
+1 2458
+1 2458
-3 3438
+1 3438
+1 3438
+1 3438
+1 6244
+5 3122
+6 3122
+1 3122
+8 3122
+1 3122
-16 13153
+6 13153
+1 13153
+8 13153
+1 13153

fl=(244) ./elf/../sysdeps/x86_64/dl-trampoline.h
fn=(1098) _dl_runtime_resolve_xsave
71 102
+5 102
+3 102
+2 102
+10 102
+6 102
+1 102
+1 102
+1 102
+1 102
+1 102
+1 102
+4 102
+1 102
+3 102
+1 102
+2 102
+1 102
+1 102
+1 102
+1 102
+1 102
+2 102
+7 102
+1 102
+1 102
cfi=(245) ./elf/./elf/dl-runtime.c
cfn=(1100) _dl_fixup
calls=102 -84 
* 88774
+1 102
+5 102
+1 102
+1 102
+2 102
+1 102
+1 102
+1 102
+1 102
+1 102
+1 102
+2 102
+2 102
+4 102
+2 102

fl=(140) ./misc/../sysdeps/unix/syscall-template.S
fn=(440) mprotect
117 265
+5 53

fn=(596) munmap
117 5
+5 1

fl=(170)
fn=(554)
95 106
+1 106
+1 53
+6 265
+1 1408
+1 974
+2 159
+5 53

fl=(78)
fn=(274)
772 28944
+3 4824
-3 14472
+3 4824
-3 19296
fi=(79) ./elf/../sysdeps/generic/dl-new-hash.h
74 4824
+3 9648
-8 4824
+1 9648
+10 4824
+1 9648
-1 56448
+1 112896
+20 58937
-2 58937
+6 58937
-3 117874
+2 58937
-30 58937
+3 117874
fe=(78)
774 4824
+1 4824
+3 4824
-4 4824
+1 4824
+7 17562
+5 4824
-2 4824
+2 4824
-2 4824
+6 68101
+1 67536
cfn=(278) do_lookup_x
calls=4824 347 
* 3312550
* 14472
+28 4824
-23 14472
+23 4824
-23 9648
+24 28250
+7 4711
-7 4711
+35 18844
+34 18844
-20 14133
+3 9422
-57 4824
+76 43416
fi=(79)
87 2335
+1 2335
+1 4670
+1 2335
fe=(78)
871 2
-72 678
+18 339
+11 452

fn=(280) check_match
70 73020
+3 29106
+13 4817
-13 4817
+13 4817
-13 4817
+13 14451
+3 21246
cfi=(32)
cfn=(94)
calls=2903 +9 
* 152583
* 5806
+4 4817
+1 9634
+2 8126
+19 8126
+1 32504
+2 214
+1 2
+42 4710
+1 38944
-18 1508
+2 1508
+1 754
-1 1508
+1 2262
-1 1508
+4 2
+1 7
+2 3
-75 214
+39 11868
cfi=(32)
cfn=(94)
calls=3956 -19 
* 123783
* 7912
-44 204
+5 102

fn=(278)
347 43416
+1 4824
-1 19296
+6 4824
-6 4824
+65 4824
-58 4824
+11 4824
+50 4824
-3 9648
+3 9648
-50 4824
+50 19296
-19 143541
+8 47847
-4 47847
+1 47847
+3 191388
+1 95694
+3 47847
-3 47847
+4 95694
+4 95694
-2 47847
+5 191388
+3 334929
+99 129450
358 95722
+3 95722
+4 95870
+21 95694
+4 95694
+71 37680
fi=(4) ./elf/../sysdeps/generic/ldsodefs.h
139 9420
+1 14130
fe=(78)
476 9420
fi=(4)
139 2
+1 3
fe=(78)
476 2
fi=(80) ./elf/../sysdeps/generic/dl-protected.h
29 18844
fe=(78)
483 29676
+16 9258
+1 4629
+22 4629
-21 4629
+21 32485
-21 82
+21 574
-99 20991
-1 13994
+2 13994
+2 6391
+6 25564
-6 6391
+6 44737
+7 29856
-10 73310
+2 4868
+1 14604
-1 4868
+1 9736
-1 4868
+1 4868
+1 4868
-1 4868
+1 4868
-1 34076
cfn=(280)
calls=4868 70 
* 575700
+4 14604
+3 316
+31 13449
+2 2
+50 113
-1 113
+1 791
222 82
+2 82
-2 246
+2 82
-2 82
+2 82
-2 82
+2 246
+2 82
-2 246
cfi=(24)
cfn=(86)
calls=82 42 
* 246
+2 82
+2 82
-1 82
+1 246
+2 162
+1 81
-1 567
+1 81
-1 162
+1 162
-1 162
+1 162
-1 1640
+24 352
+3 95
+1 285
-23 176
-1 352
487 5886
+4 1
fi=(28)
44 4
cfi=(27)
cfn=(74)
calls=1 +36 
* 41
* 1
fe=(78)
302 2
-72 1
+70 2
+5 1
+2 1
-7 1
+6 1
+1 1
170 12
+1 9
311 6
-1 2
+1 486
-1 162
+19 246
+2 82
-2 328
+2 82
cfi=(24)
cfn=(86)
calls=82 42 
* 246
+2 164
+1 82
-1 82
+1 82
176 518
-2 84
+1 252
-3 332
+7 82
+1 82
+1 82
+1 82
318 328
-56 1377
+7 10
cfi=(52) ./elf/./elf/dl-misc.c
cfn=(542) _dl_higher_prime_number
calls=2 87 
* 159
fi=(28)
44 2
fe=(78)
269 2
fi=(28)
44 4
cfi=(27)
cfn=(74)
calls=2 +36 
* 82
* 2
fe=(78)
272 4
171 4
279 2
171 4
279 296
+1 276
+1 140
170 70
281 140
170 70
281 70
170 70
+1 70
-1 70
+1 210
+1 440
+2 14
+1 42
-3 168
+7 70
+3 70
-2 70
+3 70
+76 322
-83 12
285 10
+2 2
-2 10
cfi=(27)
cfn=(142) __minimal_free
calls=2 97 
* 10
170 2
288 2
-2 2
+3 4
-1 2
+1 4
170 4
+1 2
-1 2
+1 8

fl=(174) ./elf/./elf/dl-lookup-direct.c
fn=(570) _dl_lookup_direct
74 30
+2 3
-2 6
+4 3
-4 3
+2 3
+2 9
+37 3
-37 9
+1 6
+2 12
+3 25
+2 6
-54 3
+54 3
-54 3
+54 3
-54 9
+1 9
+2 6
+1 6
+12 9
+3 3
+2 6
-2 3
+2 9
cfi=(32)
cfn=(94)
calls=3 +45 
* 209
* 6
+4 6
+1 3
-1 3
+1 18
+1 9
cfi=(32)
cfn=(94)
calls=3 +39 
* 198
* 6
+57 27
-23 6

fl=(64) ./elf/./elf/dl-deps.c
fn=(206) openaux
61 840
+7 140
-4 420
+1 140
-1 980
cfi=(30) ./elf/./elf/dl-load.c
cfn=(166) _dl_map_object
calls=140 1967 
* 589377
* 140
+5 420

fn=(202) _dl_map_object_deps
143 4
+1 2
-1 1
+1 1
-1 2
+1 1
-1 1
+1 1
-1 4
+1 3
-1 1
+1 7
-8 1
+8 2
-8 1
-6 1
-2 1
+16 1
-8 1
-7 1
+1 1
+6 1
+24 4
-28 3
-2 1
+31 1
-33 2
+2 2
+30 2
-30 1
-1 4
+7 4
+24 3
+28 3
-6 1
+46 1
fi=(72) ./elf/../include/scratch_buffer.h
77 1
fe=(64)
+87 1
fi=(72)
-87 1
+1 1
fe=(64)
184 1
+44 4
-31 1
-4 1
+4 54
-4 52
+4 104
+11 112
-18 3
+18 6
417 106
+2 51
+3 51
-3 153
+3 51
-3 51
fi=(28)
56 51
cfi=(27)
cfn=(78)
calls=51 -20 
* 1530
fe=(64)
423 153
fi=(28)
56 51
fe=(64)
423 51
+6 51
+1 255
cfi=(29)
cfn=(82)
calls=51 210 
* 689
+1 255
cfi=(29)
cfn=(82)
calls=51 210 
* 688
+3 51
+1 102
+4 159
188 104
442 156
-1 53
+1 106
183 6
+27 200
+7 50
+4 50
-6 50
+1 50
+1 50
+1 100
+3 150
-2 50
-29 250
+32 2766
+6 560
cfi=(30)
cfn=(204) _dl_dst_count
calls=140 +10 
* 7070
* 420
+4 280
-2 140
+2 280
cfi=(50) ./elf/./elf/dl-catch.c
cfn=(160) _dl_catch_exception
calls=140 -28 
* 601697
+1 280
+9 140
+2 280
+5 255
+6 51
+2 51
-8 102
+3 51
+1 51
+1 51
+1 51
+4 51
-3 51
+3 153
+4 420
+1 405
-43 5682
+7 280
+38 3729
fi=(72)
85 3
fe=(64)
448 5
+1 1
+3 4
+11 5
fi=(28)
56 1
cfi=(27)
cfn=(78)
calls=1 -20 
* 30
fe=(64)
465 3
fi=(28)
56 1
fe=(64)
465 1
+5 2
+1 1
-1 3
+4 3
-2 2
+13 52
+5 52
-16 156
+11 52
-7 52
+7 52
-2 104
-5 1
+7 1
-2 2
+2 1
-11 1
+11 1
+5 1
-16 3
+21 3
+37 2
+15 2
-14 2
+20 1
-1 4
+1 4
-1 5
cfi=(13) ./elf/./elf/dl-sort-maps.c
cfn=(236) _dl_sort_maps
calls=1 298 
* 3725
+5 1
+2 1
+1 1
+1 2
-2 1
+2 1
+7 3
+3 2
+3 8
198 368
+3 51
fi=(72)
-70 204
cfi=(71)
cfn=(228)
calls=51 30 
* 1275
fe=(64)
+70 153
+4 102
547 4
cfi=(29)
cfn=(82)
calls=1 210 
* 107
* 3
-53 2
144 2

fl=(11) ./elf/./elf/dl-tunables.c
fn=(58) __GI___tunable_set_val
153 15
-81 40
+81 15
-81 10
+10 5
fi=(416) ./elf/./dl-tunable-types.h
+2 5
fe=(11)
+9 40
+1 25
fi=(12) ./elf/./elf/dl-tunables.h
+47 10
fe=(11)
-26 25
+1 5
+1 5
+1 5
+39 15
fi=(12)
-15 10
fe=(11)
-45 10
+3 5
fi=(12)
+51 5
fe=(11)
-51 5
+4 10
+7 10
+1 10
-12 25

fn=(22) __GI___tunables_init
261 8
+22 1
-22 1
128 1
283 1
-22 1
+6 4
42 315
+6 62
-3 62
+3 5979
+4 124
+4 124
fi=(12)
160 62
fe=(11)
56 124
fi=(12)
161 28
-1 146
+1 214
-1 124
fe=(11)
281 10168
+6 18414
fi=(12)
160 620
+1 1240
-1 41
+1 164
-1 205
fe=(11)
304 8

fn=(28) __tunable_get_val
387 87
+3 174
-3 87
+3 696
+9 84
-9 168
+19 70
+7 522
+2 87
-19 17
+1 17
+9 6

fl=(29)
fn=(82)
210 277
+1 277
+6 277
+1 277
+2 233
+1 233
+1 233
+2 105
+1 105
+1 105
+2 105
+80 44
+1 44
+2 3
+4 3
+1 2
+1 2
+1 2
+1 2
+4 2
+2 2
+6 1
+1 1
+1 1
+1 1
+1 1
+29 41
+1 41
+1 41
+1 41
+1 41
+7 113
+1 113
+1 113
+1 113
+1 113
+1 113
+1 113
+11 128
+1 128
+2 123
+1 123
+1 123
+2 10
+1 10
+1 10
+1 10
+1 10
+1 10
+1 10
+1 10
+1 10
+1 10
+1 10
+1 10
+1 10
+1 10
+1 10
+4 5
+1 5
+4 5
+2 5
+16 5
+3 5
+2 5
+2 5
+4 5
+1 5
+9 4
+1 4
+2 4
+2 4
+1 4
+1 4
+3 4
+2 4
+2 4
+2 4
+6 4
+1 4
+1 4
+1 4
+1 4
+1 4
+1 4
+1 4
+1 4
+1 4
+1 4
+1 4
-11 16
+1 16
+1 16
+1 16
+1 16
+1 16
+1 16
+1 16
+1 16
+1 16
+1 16
+1 16
+2 4
+1 4
+1 4
+1 4
+2 4
+4 4
+13 1
+1 1
+2 1
+1 1
+1 1
+2 1
+2 1
+2 2
+6 1
+1 1
+1 1
+1 1
+1 1
+1 1
+1 1
+1 1
+1 1
+1 1
+1 1
+1 1
-11 1
+1 1
+1 1
+1 1
+1 1
+1 1
+1 1
+1 1
+1 1
+1 1
+1 1
+1 1
+2 1
+1 1
+1 1
+1 1
+2 1
+1 1

fn=(126)
197 303
+1 303
+1 303
+1 303
+17 303
+1 303
+2 110
+1 110
+1 110
+2 44
+1 44
+1 44
+2 44
+80 193
+1 193
+2 108
+4 108
+1 108
+1 108
+8 108
+39 85
+1 85
+1 85
+1 85
+1 85
+7 66
+1 66
+1 66
+1 66
+1 66
+1 66
+1 66
+11 66
+1 66
+2 66
+1 66
+1 66

fl=(370) ./elf/./elf/dl-open.c
fn=(2860) _dl_find_dso_for_object
214 2
+4 1
-4 8
+4 2
+1 3
+1 4
+1 2
+3 2
+4 7

fl=(175) ./elf/./elf/dl-call-libc-early-init.c
fn=(574) _dl_call_libc_early_init
27 1
+2 2
-2 1
+6 3
-6 3
+6 1
-6 2
+6 1
cfi=(174)
cfn=(570)
calls=1 +41 
* 225
+4 2
+2 3
+2 1
-1 1
-1 1
+2 2
-1 1
cob=(2)
cfi=(176)
cfn=(576)
calls=1 -7 
* 353

fl=(183)
fn=(608) call_init.part.0
26 636
+17 53
+3 53
-3 106
+3 106
+5 104
+8 156
+1 300
cob=(4)
cfi=(181)
cfn=(1996) 0x000000000488a000
calls=1 -60 
* 13
cob=(4)
cfi=(181)
cfn=(1354) 0x0000000004ad7000
calls=1 -60 
* 13
cob=(4)
cfi=(181)
cfn=(1340) 0x0000000004da5000
calls=1 -60 
* 13
cob=(4)
cfi=(181)
cfn=(1328) 0x000000000500e000
calls=1 -60 
* 13
cob=(4)
cfi=(181)
cfn=(1316) 0x00000000050f9000
calls=1 -60 
* 13
cob=(4)
cfi=(181)
cfn=(1304) 0x0000000005140000
calls=1 -60 
* 13
cob=(4)
cfi=(181)
cfn=(1292) 0x0000000005400000
calls=1 -60 
* 13
cob=(4)
cfi=(181)
cfn=(1280) 0x000000000540f000
calls=1 -60 
* 13
cob=(4)
cfi=(181)
cfn=(1268) 0x0000000005421000
calls=1 -60 
* 13
cob=(4)
cfi=(181)
cfn=(1256) 0x0000000005429000
calls=1 -60 
* 13
cob=(4)
cfi=(181)
cfn=(1244) 0x0000000005435000
calls=1 -60 
* 13
cob=(4)
cfi=(181)
cfn=(1232) 0x00000000053ee000
calls=1 -60 
* 13
cob=(4)
cfi=(181)
cfn=(1220) 0x0000000005452000
calls=1 -60 
* 13
cob=(4)
cfi=(181)
cfn=(1208) 0x000000000543e000
calls=1 -60 
* 13
cob=(4)
cfi=(181)
cfn=(1196) 0x000000000545a000
calls=1 -60 
* 13
cob=(4)
cfi=(181)
cfn=(1184) 0x0000000005470000
calls=1 -60 
* 13
cob=(4)
cfi=(181)
cfn=(1172) 0x000000000547d000
calls=1 -60 
* 13
cob=(4)
cfi=(181)
cfn=(1160) 0x00000000054c5000
calls=1 -60 
* 13
cob=(4)
cfi=(181)
cfn=(1148) 0x0000000005463000
calls=1 -60 
* 13
cob=(4)
cfi=(181)
cfn=(1136) 0x00000000054e0000
calls=1 -60 
* 13
cob=(4)
cfi=(181)
cfn=(1124) 0x0000000005558000
calls=1 -60 
* 13
cob=(4)
cfi=(181)
cfn=(1112) 0x00000000055c6000
calls=1 -60 
* 13
cob=(4)
cfi=(181)
cfn=(1076) 0x00000000052c6000
calls=1 -60 
* 13
cob=(4)
cfi=(181)
cfn=(1064) 0x00000000055a6000
calls=1 -60 
* 13
cob=(4)
cfi=(181)
cfn=(1052) 0x00000000055d4000
calls=1 -60 
* 13
cob=(4)
cfi=(181)
cfn=(1040) 0x0000000005600000
calls=1 -60 
* 13
cob=(4)
cfi=(181)
cfn=(1028) 0x0000000005612000
calls=1 -60 
* 13
cob=(4)
cfi=(181)
cfn=(1016) 0x0000000005693000
calls=1 -60 
* 13
cob=(4)
cfi=(181)
cfn=(1004) 0x00000000056ad000
calls=1 -60 
* 13
cob=(4)
cfi=(181)
cfn=(992) 0x0000000005779000
calls=1 -60 
* 13
cob=(4)
cfi=(181)
cfn=(980) 0x0000000005784000
calls=1 -60 
* 13
cob=(4)
cfi=(181)
cfn=(968) 0x0000000005796000
calls=1 -60 
* 13
cob=(4)
cfi=(181)
cfn=(956) 0x000000000579d000
calls=1 -60 
* 13
cob=(4)
cfi=(181)
cfn=(944) 0x00000000057ab000
calls=1 -60 
* 13
cob=(4)
cfi=(181)
cfn=(932) 0x000000000584b000
calls=1 -60 
* 13
cob=(4)
cfi=(181)
cfn=(920) 0x000000000580a000
calls=1 -60 
* 13
cob=(4)
cfi=(181)
cfn=(908) 0x00000000058e5000
calls=1 -60 
* 13
cob=(4)
cfi=(181)
cfn=(896) 0x0000000005943000
calls=1 -60 
* 13
cob=(4)
cfi=(181)
cfn=(884) 0x0000000005950000
calls=1 -60 
* 13
cob=(4)
cfi=(181)
cfn=(872) 0x00000000059ad000
calls=1 -60 
* 13
cob=(4)
cfi=(181)
cfn=(860) 0x0000000004cc8000
calls=1 -60 
* 13
cob=(4)
cfi=(181)
cfn=(826) 0x0000000005a22000
calls=1 -60 
* 13
cob=(4)
cfi=(181)
cfn=(814) 0x0000000005a3b000
calls=1 -60 
* 13
cob=(4)
cfi=(181)
cfn=(802) 0x0000000005b77000
calls=1 -60 
* 13
cob=(4)
cfi=(181)
cfn=(782) 0x0000000005b99000
calls=1 -60 
* 13
cob=(4)
cfi=(181)
cfn=(770) 0x0000000005bcc000
calls=1 -60 
* 13
cob=(4)
cfi=(181)
cfn=(758) 0x0000000005c88000
calls=1 -60 
* 13
cob=(4)
cfi=(181)
cfn=(702) 0x0000000005c9e000
calls=1 -60 
* 13
cob=(4)
cfi=(181)
cfn=(690) 0x0000000005cc1000
calls=1 -60 
* 13
cob=(4)
cfi=(181)
cfn=(610) 0x000000000483d000
calls=1 -60 
* 2400
+3 52
+1 104
+6 102
+2 102
-2 51
+3 328
+1 88
cob=(53)
cfi=(268)
cfn=(1994) 0x00000000000b7a10
calls=1 -74 
* 83
cob=(53)
cfi=(268)
cfn=(1988) 0x00000000000b79b0
calls=1 -74 
* 255
cob=(53)
cfi=(268)
cfn=(1962) 0x00000000000b78f0
calls=1 -74 
* 50
cob=(53)
cfi=(268)
cfn=(1936) 0x00000000000b7830
calls=1 -74 
* 50
cob=(53)
cfi=(268)
cfn=(1918) 0x00000000000b77b0
calls=1 -74 
* 34
cob=(53)
cfi=(268)
cfn=(1900) 0x00000000000b7730
calls=1 -74 
* 34
cob=(53)
cfi=(268)
cfn=(1896) 0x00000000000b76e0
calls=1 -74 
* 173
cob=(53)
cfi=(268)
cfn=(1894) 0x00000000000b76c0
calls=1 -74 
* 83
cob=(53)
cfi=(268)
cfn=(1892) 0x00000000000b76a0
calls=1 -74 
* 83
cob=(53)
cfi=(268)
cfn=(1890) 0x00000000000b7530
calls=1 -74 
* 48
cob=(53)
cfi=(268)
cfn=(1864) 0x00000000000b7400
calls=1 -74 
* 78
cob=(53)
cfi=(268)
cfn=(1832) 0x00000000000b71e0
calls=1 -74 
* 2829
cob=(53)
cfi=(268)
cfn=(1822) 0x00000000000b71c0
calls=1 -74 
* 801
cob=(53)
cfi=(268)
cfn=(1820) 0x00000000000b71b0
calls=1 -74 
* 3
cob=(53)
cfi=(268)
cfn=(1806) 0x00000000000b7120
calls=1 -74 
* 991
cob=(53)
cfi=(268)
cfn=(1800) 0x00000000000b7ae0
calls=1 -74 
* 12
cob=(52)
cfi=(267)
cfn=(1348) 0x0000000000005b10
calls=1 -74 
* 12
cob=(32)
cfi=(243)
cfn=(1088) 0x000000000001a7b0
calls=1 -74 
* 2730
cob=(14)
cfi=(222)
cfn=(838) _libcap_initialize
calls=1 -74 
* 388
cob=(11)
cfi=(219)
cfn=(794) 0x0000000000003470
calls=1 -74 
* 19
cob=(8)
cfi=(208)
cfn=(714)
calls=1 -74 
* 550
cob=(2)
cfi=(206)
cfn=(688)
calls=1 545 
* 12
* 204
cob=(54)
cfi=(284)
cfn=(2002)
calls=1 -74 
* 12
cob=(53)
cfi=(268)
cfn=(1360) 0x00000000000b74f0
calls=1 -74 
* 87772
cob=(52)
cfi=(267)
cfn=(1346) __cpu_indicator_init
calls=1 -74 
* 364
cob=(51)
cfi=(266)
cfn=(1334) 0x000000000002c610
calls=1 -74 
* 12
cob=(50)
cfi=(265)
cfn=(1322)
calls=1 -74 
* 12
cob=(49)
cfi=(264)
cfn=(1310)
calls=1 -74 
* 12
cob=(48)
cfi=(263)
cfn=(1298) 0x0000000000002710
calls=1 -74 
* 12
cob=(47)
cfi=(262)
cfn=(1286)
calls=1 -74 
* 12
cob=(46)
cfi=(261)
cfn=(1274)
calls=1 -74 
* 12
cob=(45)
cfi=(260)
cfn=(1262)
calls=1 -74 
* 12
cob=(44)
cfi=(259)
cfn=(1250)
calls=1 -74 
* 12
cob=(43)
cfi=(258)
cfn=(1238) 0x00000000000048a0
calls=1 -74 
* 12
cob=(42)
cfi=(257)
cfn=(1226)
calls=1 -74 
* 12
cob=(41)
cfi=(256)
cfn=(1214) 0x0000000000005810
calls=1 -74 
* 12
cob=(40)
cfi=(255)
cfn=(1202)
calls=1 -74 
* 12
cob=(39)
cfi=(254)
cfn=(1190)
calls=1 -74 
* 12
cob=(38)
cfi=(253)
cfn=(1178) 0x0000000000005650
calls=1 -74 
* 12
cob=(37)
cfi=(252)
cfn=(1166) 0x0000000000004580
calls=1 -74 
* 12
cob=(36)
cfi=(251)
cfn=(1154) 0x0000000000005630
calls=1 -74 
* 12
cob=(35)
cfi=(250)
cfn=(1142)
calls=1 -74 
* 12
cob=(34)
cfi=(249)
cfn=(1130) 0x000000000000cff0
calls=1 -74 
* 12
cob=(33)
cfi=(248)
cfn=(1118)
calls=1 -74 
* 12
cob=(32)
cfi=(243)
cfn=(1082) 0x000000000001a870
calls=1 -74 
* 12
cob=(31)
cfi=(242)
cfn=(1070) 0x000000000000b720
calls=1 -74 
* 12
cob=(30)
cfi=(241)
cfn=(1058)
calls=1 -74 
* 12
cob=(29)
cfi=(240)
cfn=(1046) 0x0000000000002570
calls=1 -74 
* 12
cob=(28)
cfi=(239)
cfn=(1034) 0x0000000000009a90
calls=1 -74 
* 12
cob=(27)
cfi=(238)
cfn=(1022) 0x00000000000010f0
calls=1 -74 
* 12
cob=(26)
cfi=(237)
cfn=(1010) 0x0000000000017f00
calls=1 -74 
* 12
cob=(25)
cfi=(236)
cfn=(998)
calls=1 -74 
* 12
cob=(24)
cfi=(235)
cfn=(986)
calls=1 -74 
* 12
cob=(23)
cfi=(234)
cfn=(974)
calls=1 -74 
* 12
cob=(22)
cfi=(233)
cfn=(962)
calls=1 -74 
* 12
cob=(21)
cfi=(232)
cfn=(950) 0x00000000000088e0
calls=1 -74 
* 12
cob=(20)
cfi=(231)
cfn=(938) 0x0000000000014170
calls=1 -74 
* 12
cob=(19)
cfi=(230)
cfn=(926) 0x0000000000003550
calls=1 -74 
* 12
cob=(18)
cfi=(229)
cfn=(914)
calls=1 -74 
* 12
cob=(17)
cfi=(228)
cfn=(902)
calls=1 -74 
* 12
cob=(16)
cfi=(227)
cfn=(890) 0x00000000000052a0
calls=1 -74 
* 12
cob=(15)
cfi=(226)
cfn=(878) 0x0000000000006570
calls=1 -74 
* 12
cob=(3)
cfi=(225)
cfn=(866) 0x00000000000104e0
calls=1 -74 
* 12
cob=(14)
cfi=(222)
cfn=(832) 0x0000000000003b80
calls=1 -74 
* 12
cob=(13)
cfi=(221)
cfn=(820) 0x000000000000fb80
calls=1 -74 
* 12
cob=(12)
cfi=(220)
cfn=(808) 0x0000000000003230
calls=1 -74 
* 12
cob=(11)
cfi=(219)
cfn=(788) 0x0000000000003560
calls=1 -74 
* 12
cob=(10)
cfi=(218)
cfn=(776)
calls=1 -74 
* 12
cob=(9)
cfi=(217)
cfn=(764)
calls=1 -74 
* 12
cob=(8)
cfi=(208)
cfn=(708)
calls=1 -74 
* 12
cob=(7)
cfi=(207)
cfn=(696)
calls=1 -74 
* 12
cob=(2)
cfi=(203)
cfn=(680)
calls=1 -28 
* 72
cob=(6)
cfi=(202)
cfn=(674)
calls=1 -74 
* 12
-1 219
+3 424
-29 2

fn=(606)
81 13
+1 1
+1 1
+3 3
+8 2
+25 1
+1 8
+1 106
-92 106
+6 159
+2 262
+83 104
cfn=(608)
calls=52 -94 
* 101859
* 104
+7 8
-98 2
+60 2
-54 3
+2 7
cfn=(608)
calls=1 -11 
* 2470
* 2

fl=(173) ./elf/../sysdeps/nptl/dl-mutex.c
fn=(568) __rtld_mutex_init
30 2
+10 3
-10 3
+10 1
-10 1
+10 1
-10 1
+7 1
+3 2
cfi=(174)
cfn=(570)
calls=1 +34 
* 233
+4 2
+1 8
+2 3
-2 1
+2 3
cfi=(174)
cfn=(570)
calls=1 +27 
* 223
+4 2
+1 7
+1 6

fl=(9) ./elf/../sysdeps/unix/sysv/linux/dl-sysdep.c
fn=(16) _dl_sysdep_start
102 5
+4 1
-4 1
+1 1
+3 1
cfn=(18) _dl_sysdep_parse_arguments
calls=1 -28 
* 480
+4 2
cfi=(11)
cfn=(22)
calls=1 261 
* 38241
+3 1
cfi=(13)
cfn=(26) _dl_sort_maps_init
calls=1 289 
* 38
+2 2
cfi=(14) ./elf/../sysdeps/unix/sysv/linux/brk.c
cfn=(30) brk
calls=1 -79 
* 8
fi=(6) ./elf/../sysdeps/x86_64/dl-machine.h
220 1
cfi=(15) ./elf/../sysdeps/x86/dl-get-cpu-features.c
cfn=(34) _dl_x86_init_cpu_features
calls=1 37 
* 7349
fe=(9)
-98 3
+1 1
cfi=(22)
cfn=(62)
calls=1 -66 
* 17
* 1
+2 2
cfi=(23) ./elf/../misc/sbrk.c
cfn=(64) sbrk
calls=1 -88 
* 16
* 3
+12 3
+3 5
cfi=(2)
cfn=(66) dl_main
calls=1 1346 
* 6324582
+3 4

fn=(590) _dl_sysdep_start_cleanup
147 1
+1 1

fn=(18)
78 1
+2 1
-2 6
+1 1
+1 1
-1 1
+2 2
+2 1
-2 1
+2 2
-1 1
+1 2
-1 61
+1 122
+7 56
fi=(10) ./elf/../sysdeps/unix/sysv/linux/dl-parse_auxv.h
-49 1
fe=(9)
+45 1
fi=(10)
-54 1
fe=(9)
+54 1
fi=(10)
-54 1
+1 1
+1 1
+7 3
+1 44
+1 22
-2 22
+2 22
-2 67
fe=(9)
+52 3
+1 1
+1 2
fi=(10)
-49 1
+1 1
fe=(9)
+46 1
fi=(10)
-45 1
+3 1
+1 1
+1 1
+1 1
+2 1
-5 1
-4 1
+1 1
+4 1
+1 1
+3 1
-7 1
-4 1
+1 1
+8 1
fe=(9)
+40 1
-1 1
+2 1
+1 6

fl=(66) ./io/../sysdeps/unix/sysv/linux/fstatat64.c
fn=(212) fstatat
146 10
-55 10
+70 11
+1 1
-2 8
+1 8

fl=(77) ./elf/./elf/dl-reloc.c
fn=(266) _dl_relocate_object
207 594
+1 108
+12 53
+4 212
-4 53
+6 159
+3 53
-1 53
+1 106
+22 265
+4 58
+7 87
fi=(6)
81 168
+6 104
+4 78
+17 26
-11 26
+11 52
+21 52
+5 104
-2 52
fi=(4)
-53 26
fe=(77)
301 52
fi=(4)
79 52
fe=(77)
301 52
fi=(4)
79 27
fe=(77)
301 54
fi=(4)
79 54
fe=(77)
301 10072
fi=(4)
79 2
fe=(77)
301 2
fi=(4)
79 4
fe=(77)
301 2529
-80 106
fi=(6)
393 106
fe=(77)
190 53
+31 53
-31 53
fi=(6)
393 159
fi=(5) ./elf/./elf/do-rel.h
49 53
fe=(77)
301 53
fi=(5)
50 53
+30 53
-31 106
+4 53
-3 53
+3 53
-3 53
+3 159
+27 106
-31 53
fe=(77)
301 53
fi=(5)
50 53
+30 53
-31 106
+4 53
-3 53
+3 53
-3 53
+3 159
+27 106
-7 26
-1 26
+11 208
fi=(6)
514 4154
+4 4154
+3 6231
+1 2077
fi=(5)
83 6231
+2 8308
+11 156
fe=(77)
301 318
fi=(5)
51 53
fi=(4)
+28 265
fi=(6)
730 106
+4 50
fe=(77)
304 265
+24 53
+3 106
+17 159
+2 432
-98 106
+3 48
+7 24
-9 24
+9 48
fi=(6)
81 48
fi=(5)
+33 240
+9 206
+1 50
fi=(6)
498 50
fi=(5)
124 50
fi=(6)
498 100
fi=(5)
124 18492
fi=(6)
498 18492
fi=(5)
124 18492
fi=(6)
498 36984
+5 37084
+1 18542
fi=(5)
123 18542
fi=(6)
504 18542
-5 18542
fi=(5)
123 37084
+3 240
+3 304
+2 279
fe=(77)
+59 102
fi=(5)
73 51
fe=(77)
190 51
fi=(5)
72 51
fe=(77)
190 459
fi=(5)
-57 102
+1 51
+1 51
-2 51
+2 51
+3 51
-5 51
+2 51
-2 51
+1 102
+2 51
-2 51
+2 153
+2 102
-5 12906
+1 6453
+1 6453
-2 6453
+2 6453
+3 6453
-5 6453
+2 6453
-2 6453
+1 12906
+2 6453
-2 6453
+2 19359
+2 12906
+9 6436
fi=(6)
267 12872
+7 12872
+4 12872
fe=(77)
170 25744
fi=(4)
-30 19251
fe=(77)
+31 12834
+3 12834
+8 9416
-8 42306
+12 9380
-3 4690
+1 4690
+2 18796
-3 18
+1 18
+2 4780
+1 4708
-1 4708
+2 9416
-1 18832
+3 28248
cfi=(78)
cfn=(274)
calls=4708 772 
* 4437509
+3 4708
+1 9416
-4 4708
+4 23540
fi=(6)
+93 25559
+3 6308
-3 18943
+3 6327
-3 6327
+5 13176
+25 38616
423 8760
fi=(5)
150 8760
fi=(6)
423 6954
fi=(5)
150 10523
-19 26169
+33 204
+1 72
+1 252
+3 136
+4 68
-1 68
-3 68
+2 136
+2 68
-2 136
fe=(77)
-1 272
fi=(6)
287 68
+3 68
-3 68
+4 136
476 136
+2 68
cfi=(15)
cfn=(572) __x86_cpu_features
calls=1 71 
* 6
cob=(3)
cfi=(165) ./math/../sysdeps/x86_64/fpu/multiarch/s_sincos.c
cfn=(528) sincos
calls=1 26 
* 8
cob=(3)
cfi=(149) ./math/../sysdeps/x86_64/fpu/multiarch/s_sin.c
cfn=(524) sin
calls=1 27 
* 9
cob=(3)
cfi=(164) ./math/../sysdeps/x86_64/fpu/multiarch/e_atan2.c
cfn=(520) __atan2_finite@GLIBC_2.15
calls=1 26 
* 9
cob=(3)
cfi=(163) ./math/../sysdeps/x86_64/fpu/multiarch/e_exp2f.c
cfn=(516) exp2f@@GLIBC_2.27
calls=1 27 
* 9
cob=(3)
cfi=(162) ./math/../sysdeps/x86_64/fpu/multiarch/s_expm1.c
cfn=(512) expm1
calls=1 26 
* 9
cob=(3)
cfi=(159) ./math/../sysdeps/x86_64/fpu/multiarch/e_asin.c
cfn=(508) __asin_finite@GLIBC_2.15
calls=1 27 
* 8
cob=(3)
cfi=(161) ./math/../sysdeps/x86_64/fpu/multiarch/s_fma.c
cfn=(506) fma
calls=1 49 
* 6
cob=(3)
cfi=(160) ./math/../sysdeps/x86_64/fpu/multiarch/s_sinf.c
cfn=(502) sinf
calls=1 26 
* 9
cob=(3)
cfi=(159)
cfn=(498) __acos_finite@GLIBC_2.15
calls=1 35 
* 8
cob=(3)
cfi=(158) ./math/../sysdeps/x86_64/fpu/multiarch/e_log.c
cfn=(494) __log_finite@GLIBC_2.15
calls=1 27 
* 9
cob=(3)
cfi=(157) ./math/../sysdeps/x86_64/fpu/multiarch/s_log1p.c
cfn=(490) __log1p
calls=1 26 
* 9
cob=(3)
cfi=(156) ./math/../sysdeps/x86_64/fpu/multiarch/e_log2f.c
cfn=(486) log2f@@GLIBC_2.27
calls=1 27 
* 9
cob=(3)
cfi=(154) ./math/../sysdeps/x86_64/fpu/multiarch/e_pow.c
cfn=(482) __pow_finite@GLIBC_2.15
calls=1 27 
* 8
cob=(3)
cfi=(153) ./math/../sysdeps/x86_64/fpu/multiarch/e_powf.c
cfn=(478) powf@@GLIBC_2.27
calls=1 30 
* 9
cob=(3)
cfi=(152) ./math/../sysdeps/x86_64/fpu/multiarch/s_sincosf.c
cfn=(474) sincosf
calls=1 26 
* 9
cob=(3)
cfi=(151) ./math/../sysdeps/x86_64/fpu/multiarch/e_log2.c
cfn=(470) log2@@GLIBC_2.29
calls=1 27 
* 9
cob=(3)
cfi=(150) ./math/../sysdeps/x86_64/fpu/multiarch/e_logf.c
cfn=(466) logf@@GLIBC_2.27
calls=1 27 
* 9
cob=(3)
cfi=(149)
cfn=(462) cos
calls=1 34 
* 9
cob=(3)
cfi=(148) ./math/../sysdeps/x86_64/fpu/multiarch/e_expf.c
cfn=(458) expf@@GLIBC_2.27
calls=1 27 
* 9
cob=(3)
cfi=(146) ./math/../sysdeps/x86_64/fpu/multiarch/e_exp.c
cfn=(454) __exp_finite@GLIBC_2.15
calls=1 27 
* 9
cob=(3)
cfi=(144) ./math/../sysdeps/x86_64/fpu/multiarch/s_cosf.c
cfn=(450) cosf
calls=1 26 
* 9
cob=(2)
cfi=(139)
cfn=(436)
calls=1 31 
* 21
cob=(2)
cfi=(138)
cfn=(432)
calls=1 33 
* 22
cob=(2)
cfi=(137)
cfn=(428)
calls=1 31 
* 18
cob=(2)
cfi=(136)
cfn=(426)
calls=1 29 
* 7
cob=(2)
cfi=(134)
cfn=(422)
calls=1 29 
* 23
cob=(2)
cfi=(133)
cfn=(418)
calls=1 29 
* 22
cob=(2)
cfi=(132)
cfn=(414)
calls=1 33 
* 17
cob=(2)
cfi=(131)
cfn=(410)
calls=1 29 
* 22
cob=(2)
cfi=(129)
cfn=(406)
calls=1 29 
* 24
cob=(2)
cfi=(128)
cfn=(402)
calls=1 29 
* 19
cob=(2)
cfi=(127)
cfn=(398)
calls=1 29 
* 25
cob=(2)
cfi=(100)
cfn=(394)
calls=1 31 
* 18
cob=(2)
cfi=(126)
cfn=(390)
calls=1 31 
* 21
cob=(2)
cfi=(125)
cfn=(386)
calls=1 29 
* 17
cob=(2)
cfi=(123)
cfn=(382)
calls=2 31 
* 20
cob=(2)
cfi=(121)
cfn=(378)
calls=1 29 
* 24
cob=(2)
cfi=(120)
cfn=(374)
calls=1 31 
* 25
cob=(2)
cfi=(119)
cfn=(370)
calls=1 31 
* 21
cob=(2)
cfi=(117)
cfn=(366)
calls=1 29 
* 17
cob=(2)
cfi=(116)
cfn=(364)
calls=1 60 
* 16
cob=(2)
cfi=(115)
cfn=(362)
calls=1 29 
* 7
cob=(2)
cfi=(113)
cfn=(358)
calls=1 31 
* 21
cob=(2)
cfi=(112)
cfn=(356)
calls=1 67 
* 21
cob=(2)
cfi=(110)
cfn=(352)
calls=2 31 
* 46
cob=(2)
cfi=(108)
cfn=(348)
calls=1 31 
* 19
cob=(2)
cfi=(107)
cfn=(344)
calls=1 30 
* 25
cob=(2)
cfi=(106)
cfn=(340)
calls=1 28 
* 25
cob=(2)
cfi=(104)
cfn=(336)
calls=1 29 
* 24
cob=(2)
cfi=(103)
cfn=(334)
calls=1 65 
* 19
cob=(2)
cfi=(100)
cfn=(328)
calls=2 31 
* 50
cob=(2)
cfi=(98)
cfn=(324)
calls=1 29 
* 22
cob=(2)
cfi=(96)
cfn=(320)
calls=1 31 
* 18
cob=(2)
cfi=(95)
cfn=(316)
calls=1 29 
* 25
cob=(2)
cfi=(94)
cfn=(312)
calls=1 29 
* 22
cob=(2)
cfi=(92)
cfn=(308)
calls=1 29 
* 22
cob=(2)
cfi=(91)
cfn=(304)
calls=1 29 
* 19
cob=(2)
cfi=(89)
cfn=(300)
calls=1 29 
* 24
cob=(2)
cfi=(87)
cfn=(296)
calls=1 30 
* 19
cob=(2)
cfi=(86)
cfn=(294)
calls=1 79 
* 19
cob=(2)
cfi=(85)
cfn=(292)
calls=1 29 
* 7
cob=(2)
cfi=(83)
cfn=(288)
calls=2 31 
* 50
cob=(2)
cfi=(81)
cfn=(284)
calls=1 86 
* 28
fi=(5)
165 68
fi=(6)
479 68
fi=(5)
165 145
-14 6615
fi=(6)
460 42
+5 28
-1 42
+1 28
-1 14
cfi=(29)
cfn=(82)
calls=14 210 
* 255
+2 70
+1 28
-67 51
+2 68
+4 17
+9 17
-9 34
+9 17
fi=(5)
150 34
fi=(6)
320 2205
+3 2205
+29 6
+11 2
-9 4
+9 2
fi=(5)
150 4
fi=(6)
346 12
+1 18
fi=(5)
150 12
fi=(6)
287 95
fi=(5)
141 68
+1 68
-1 204
+2 68
fi=(6)
287 340
fe=(77)
175 15379
+3 1709
-1 1709
+19 1709
-18 3418
fi=(6)
295 522
+1 783
+11 522
+7 261
cob=(3)
cfi=(150)
cfn=(466)
calls=1 27 
* 9
cob=(3)
cfi=(148)
cfn=(458)
calls=1 27 
* 9
cob=(2)
cfi=(107)
cfn=(344)
calls=1 30 
* 25
cob=(3)
cfi=(160)
cfn=(502)
calls=1 26 
* 9
cob=(2)
cfi=(168)
cfn=(544)
calls=1 32 
* 25
cob=(2)
cfi=(96)
cfn=(320)
calls=1 31 
* 18
cob=(2)
cfi=(131)
cfn=(410)
calls=3 29 
* 66
cob=(2)
cfi=(138)
cfn=(432)
calls=1 33 
* 22
cob=(2)
cfi=(92)
cfn=(308)
calls=1 29 
* 22
cob=(2)
cfi=(83)
cfn=(288)
calls=2 31 
* 50
cob=(2)
cfi=(120)
cfn=(374)
calls=2 31 
* 50
cob=(2)
cfi=(139)
cfn=(436)
calls=4 31 
* 84
cob=(2)
cfi=(106)
cfn=(340)
calls=8 28 
* 200
cob=(3)
cfi=(144)
cfn=(450)
calls=2 26 
* 18
cob=(3)
cfi=(165)
cfn=(528)
calls=2 26 
* 16
cob=(3)
cfi=(152)
cfn=(474)
calls=2 26 
* 18
cob=(2)
cfi=(117)
cfn=(366)
calls=1 29 
* 17
cob=(3)
cfi=(149)
cfn=(524)
calls=4 27 
* 36
cob=(3)
cfi=(153)
cfn=(478)
calls=2 30 
* 18
cob=(3)
cfi=(167) ./math/../sysdeps/x86_64/fpu/multiarch/s_tan.c
cfn=(536) tan
calls=2 26 
* 18
cob=(3)
cfi=(149)
cfn=(462)
calls=3 34 
* 27
cob=(3)
cfi=(166) ./math/../sysdeps/x86_64/fpu/multiarch/s_atan.c
cfn=(532) atan
calls=3 26 
* 27
cob=(2)
cfi=(143)
cfn=(448)
calls=6 42 
* 42
cob=(2)
cfi=(104)
cfn=(336)
calls=11 29 
* 264
cob=(2)
cfi=(100)
cfn=(328)
calls=1 31 
* 25
cob=(2)
cfi=(121)
cfn=(378)
calls=12 29 
* 288
cob=(2)
cfi=(91)
cfn=(304)
calls=2 29 
* 38
cob=(2)
cfi=(142)
cfn=(446)
calls=7 64 
* 70
cob=(2)
cfi=(95)
cfn=(316)
calls=1 29 
* 25
cob=(2)
cfi=(133)
cfn=(418)
calls=16 29 
* 352
cob=(2)
cfi=(85)
cfn=(292)
calls=5 29 
* 35
cob=(2)
cfi=(141)
cfn=(444)
calls=3 38 
* 21
cob=(2)
cfi=(94)
cfn=(312)
calls=16 29 
* 352
cob=(2)
cfi=(86)
cfn=(294)
calls=19 79 
* 361
cob=(2)
cfi=(134)
cfn=(422)
calls=7 29 
* 161
cob=(2)
cfi=(115)
cfn=(362)
calls=6 29 
* 42
cob=(2)
cfi=(136)
cfn=(426)
calls=3 29 
* 21
cob=(2)
cfi=(89)
cfn=(300)
calls=18 29 
* 432
cob=(2)
cfi=(103)
cfn=(334)
calls=12 65 
* 228
cob=(2)
cfi=(127)
cfn=(398)
calls=17 29 
* 425
cob=(2)
cfi=(132)
cfn=(414)
calls=3 33 
* 51
cob=(2)
cfi=(125)
cfn=(386)
calls=4 29 
* 68
cob=(2)
cfi=(112)
cfn=(356)
calls=12 67 
* 252
cob=(2)
cfi=(128)
cfn=(402)
calls=6 29 
* 114
cob=(2)
cfi=(113)
cfn=(358)
calls=7 31 
* 147
cob=(2)
cfi=(98)
cfn=(324)
calls=19 29 
* 418
* 1044
fe=(77)
-13 78
+55 265
+3 53
-3 53
+3 53
+4 106
+1 212
cfi=(140)
cfn=(440)
calls=53 117 
* 318
* 106
-63 72
fi=(5)
180 14
fe=(77)
+10 4
fi=(5)
73 2
fe=(77)
190 6
fi=(6)
436 14
fi=(5)
182 4
+1 4
-1 2
+3 2
-3 8
+3 4
-3 16
+1 16
-1 8
+3 8
-3 32
+3 16
+8 10
fi=(6)
+74 20
+7 20
+4 20
fe=(77)
170 40
fi=(4)
-30 30
fe=(77)
+31 20
+3 20
+8 20
-8 90
+12 20
-3 10
+1 10
+2 60
+4 40
-4 10
+4 30
cfi=(78)
cfn=(274)
calls=10 772 
* 14547
+3 10
+1 20
-4 10
+4 50
fi=(6)
+93 36
+3 6
-3 18
+3 6
-3 6
+5 12
+25 60
423 10
fi=(5)
196 30
-16 40
+31 14
fe=(77)
-33 1707
-3 5121

fl=(63) ./io/../sysdeps/unix/sysv/linux/access.c
fn=(200) access
25 1
+2 7
+4 1

fl=(30)
fn=(132) fillin_rpath.isra.0
468 18
+4 2
-4 16
+6 6
cfi=(7)
cfn=(134)
calls=2 239 
* 652
* 6
cfi=(7)
cfn=(134)
calls=2 239 
* 16
* 12
+7 4
+2 6
cfn=(136) expand_dynamic_string_token
calls=2 -98 
* 300
* 2
+4 4
+5 4
cfi=(22)
cfn=(62)
calls=2 57 
* 52
* 2
+1 4
+7 10
+9 33
+1 18
fi=(28)
50 4
cfi=(27)
cfn=(142)
calls=2 +47 
* 10
+1 2
fe=(30)
528 10
cfi=(22)
cfn=(62)
calls=1 57 
* 35
* 2
+4 4
fi=(28)
56 1
cfi=(27)
cfn=(78)
calls=1 -20 
* 30
fe=(30)
532 4
fi=(28)
56 1
cfi=(27)
cfn=(78)
calls=1 -20 
* 30
* 2
fe=(30)
534 4
+5 2
+1 4
-1 2
-1 2
+2 2
cfi=(29)
cfn=(126)
calls=2 197 
* 34
+3 2
-3 2
+1 2
+2 2
+1 1
+5 1
+1 1
-1 3
+1 2
-1 1
+1 1
-1 3
+1 8
+1 2
-1 2
+1 2
-1 6
+1 2
-1 4
+1 2
+2 4
+1 6
+2 1
-1 4
cfi=(29)
cfn=(82)
calls=1 210 
* 19
* 2
+6 4
+1 2
+3 6
-60 4
-22 4
+88 2
+3 16
-24 4

fn=(208) open_path
1812 416
+1 52
-1 156
+1 52
+6 104
+5 884
+67 104
-74 52
+7 156
+57 52
-65 52
+65 52
+10 104
-64 104
+8 312
+7 104
-11 52
+12 52
-1 208
cfi=(29)
cfn=(126)
calls=52 197 
* 692
+1 520
+50 100
-2 200
-48 569
+3 312
+5 392
cfi=(29)
cfn=(126)
calls=56 197 
* 728
* 224
cfi=(29)
cfn=(126)
calls=56 197 
* 728
+3 112
+6 168
+3 392
cfn=(170) open_verify.constprop.0
calls=56 1572 
* 3186
* 56
+2 168
+2 12
+1 4
+25 1
fi=(28)
56 2
cfi=(27)
cfn=(78)
calls=1 -20 
* 30
fe=(30)
1919 2
-1 1
fi=(28)
56 1
fe=(30)
1919 1
+2 3
cfi=(29)
cfn=(82)
calls=1 210 
* 19
+1 1
+38 468
-88 10
+1 35
+6 5
+2 10
-2 10
+2 5
cfi=(65) ./io/../sysdeps/unix/sysv/linux/stat64.c
cfn=(210) stat
calls=5 28 
* 78
* 5
+3 5
-3 10
+1 2
+9 8
+2 1
-2 4
+2 55
+44 408
+6 102
-2 51
+2 102
+3 153
1822 102
+2 104

fn=(230) decompose_rpath
580 12
+11 1
-9 1
+9 2
+31 2
+7 1
cfi=(44) ./string/./string/strdup.c
cfn=(138) strdup
calls=1 40 
* 103
* 1
+1 2
+8 4
-1 2
+3 2
-2 1
+2 2
-2 3
+2 70
-2 35
+2 70
-2 105
+6 1
fi=(28)
56 1
cfi=(27)
cfn=(78)
calls=1 -20 
* 30
fe=(30)
646 2
+8 8
cfn=(132)
calls=1 468 
* 898
fi=(28)
50 2
cfi=(27)
cfn=(142)
calls=1 +47 
* 5
fe=(30)
661 3
+7 1
+3 1
-1 1
+2 8

fn=(176) _dl_map_object_from_fd
944 510
+15 51
-15 102
+15 51
-15 102
+15 102
+77 204
+10 102
+7 357
cfi=(26)
cfn=(72)
calls=51 59 
* 19187
* 51
+1 102
+11 51
+5 51
-4 51
-1 51
+2 51
+2 51
-2 51
+2 102
+1 153
+1 100
+19 100
-2 50
+2 502
-2 1
+2 469
+10 51
-10 51
+10 153
+27 51
-33 51
-3 51
+2 51
-1 51
+35 51
+9 51
-50 51
+41 51
+9 51
-36 51
+63 255
-62 1952
+26 1428
+8 408
+1 204
-1 204
+1 816
+1 204
-1 204
+1 204
+2 204
-2 204
+2 204
+2 204
-4 204
+1 204
+3 204
-4 204
+4 1020
+2 408
+13 408
+1 765
+5 153
+1 1377
-28 306
-35 459
+62 51
+1 459
-28 102
-35 1092
+1 2977
1213 51
1100 51
1213 102
1100 153
1218 357
+10 153
+1 51
-1 51
+1 51
-1 153
+1 153
-1 153
+1 153
-1 459
1066 102
1235 102
+10 204
+7 204
fi=(59) ./elf/./dl-map-segments.h
28 51
fe=(30)
1252 153
fi=(59)
28 102
+1 408
cfi=(57) ./misc/../sysdeps/unix/sysv/linux/mmap64.c
cfn=(182) mmap
calls=51 +18 
* 1428
+73 102
-1 51
-72 51
+73 51
+3 102
+1 51
+2 51
-3 51
+1 51
+2 51
+17 51
-44 51
fi=(60) ./elf/./dl-load.h
+10 408
fi=(59)
+58 816
+6 51
+2 51
-2 51
+1 51
+2 102
-1 102
+3 102
+5 102
+3 153
+8 306
cfi=(43) ./string/../sysdeps/x86_64/multiarch/../multiarch/memset-vec-unaligned-erms.S
cfn=(130) memset
calls=51 -44 
* 3765
* 51
+6 102
+12 204
-59 1224
+2 612
+2 1224
cfi=(57)
cfn=(182)
calls=153 -92 
* 3213
* 306
fe=(30)
1264 51
fi=(56) ./elf/../sysdeps/posix/dl-fileid.h
37 102
cfi=(55) ./io/../sysdeps/unix/sysv/linux/fstat64.c
cfn=(178) fstat
calls=51 -7 
* 306
* 102
fe=(30)
989 102
fi=(56)
40 153
fe=(30)
989 51
fi=(56)
40 51
fe=(30)
989 4335
+1 2754
fi=(56)
49 5304
fe=(30)
1519 459
1074 13
+1 2
-1 1
+1 1
-1 1
+1 1
cfi=(70) ./io/../sysdeps/unix/sysv/linux/pread64_nocancel.c
cfn=(226) __pread64_nocancel
calls=1 25 
* 7
* 2
+46 4
+1 2
-15 102
+7 51
+2 51
-2 51
+1 51
+1 51
-1 102
+1 408
+60 15
+5 5
-1 10
+5 5
-5 10
-66 5
+71 20
+1 5
+3 5
-3 5
+8 20
+15 102
+1 51
1008 102
1268 204
+1 153
fi=(61) ./elf/./elf/get-dynamic-info.h
39 102
+6 51
-2 51
+11 51
+1 51
-10 102
+8 6
+15 6
-23 24
+23 1381
-23 5524
+4 2774
+3 313
-1 626
+3 1228
+1 1024
+1 255
+16 204
+12 155
+1 204
+1 204
+1 204
+1 155
+1 202
+1 202
+1 204
+12 51
+7 51
-7 357
+7 104
+5 98
+7 98
+1 153
+6 153
+1 6
+17 153
+5 46
+2 46
+2 46
+2 46
+4 153
+2 72
+1 48
+9 48
+6 48
+4 102
+2 1
fe=(30)
1275 2
+1 2
-1 100
+1 100
+2 102
+10 153
+19 153
+2 306
+52 153
+1 10
+6 459
+1 934
+6 200
cfn=(88) _dl_process_pt_gnu_property
calls=50 868 
* 3252
-7 1186
+1 568
+6 568
-6 1136
fi=(31) ./elf/../sysdeps/x86/dl-prop.h
149 204
fe=(30)
1380 102
cfi=(62) ./io/../sysdeps/unix/sysv/linux/close_nocancel.c
cfn=(194) __GI___close_nocancel
calls=51 25 
* 306
* 102
+13 102
+2 204
+2 102
+16 102
cfi=(8) ./elf/./elf/dl-setup_hash.c
cfn=(14) _dl_setup_hash
calls=51 25 
* 1377
+4 102
+1 102
+17 102
+1 1
+3 1
+5 1
-5 1
+5 1
-5 50
+5 50
-5 50
+5 50
+5 102
+12 408
+10 102
+1 20
+5 10
cfi=(46)
cfn=(224) _dl_assign_tls_modid
calls=5 125 
* 60
+7 153
cfi=(26)
cfn=(84)
calls=51 31 
* 7701
+3 102
+4 102
cfi=(45) ./elf/./elf/dl-debug.c
cfn=(196) _dl_debug_update
calls=51 38 
* 357
* 51
+1 153
+22 357
+1 153
cfi=(48)
cfn=(198)
calls=51 77 
* 255
* 51
fi=(60)
92 196
+2 49
-1 49
+1 49
-1 49
+1 49
-1 49
+1 49
-1 98
+3 196
fi=(61)
-37 204
+3 204
+2 204
181 69
-15 4
-7 46
fe=(30)
1510 102
1074 2
fi=(59)
186 64
cfi=(57)
cfn=(182)
calls=8 47 
* 168
+3 16
fe=(30)
1462 18
+2 5
-1 25
+1 5
-1 5
+1 5
-1 5
cfi=(32)
cfn=(94)
calls=5 98 
* 145
* 10
+2 5
1275 54

fn=(166)
1967 1692
+8 282
+1 564
+3 8229
+5 16212
+2 6948
cfi=(52)
cfn=(168) _dl_name_match_p
calls=2316 68 
* 221118
* 4632
+4 4452
+1 6678
+4 1951
-1 9755
+1 1951
+1 1951
-1 1951
+1 3902
cfi=(32)
cfn=(94)
calls=1951 98 
* 71509
* 3902
2270 1320
2011 153
-1 102
+9 51
-50 51
+50 102
+17 102
-2 51
+2 51
cfi=(41) ./string/../sysdeps/x86_64/multiarch/../multiarch/strchr-sse2.S
cfn=(118) index
calls=51 32 
* 1464
* 102
2202 2
-1 3
cfn=(136)
calls=1 385 
* 175
+6 1
-7 1
+1 1
+2 2
+4 7
cfn=(170)
calls=1 1572 
* 106
+3 2
-3 1
+3 1
+12 4
+45 1
+1 5
-1 1
+1 8
cfn=(176)
calls=1 944 
* 1940
-1 50
+1 250
-1 50
+1 400
cfn=(176)
calls=50 944 
* 114676
* 153
2040 100
cfi=(22)
cfn=(62)
calls=50 57 
* 1030
* 100
+2 100
+7 200
+50 4
+1 650
cfn=(208)
calls=50 1812 
* 12536
+6 50
-6 50
+6 100
+88 2
+28 200
+46 100
682 50
2107 50
682 100
+3 28
2109 26
cfn=(208)
calls=2 1812 
* 889
* 4
+4 4
+2 1
+14 2
+2 3
+4 98
cfi=(67) ./elf/./elf/dl-cache.c
cfn=(214) _dl_load_cache_lookup
calls=49 403 
* 75809
* 49
+2 98
+4 98
+31 49
-23 98
+23 343
cfn=(170)
calls=49 1572 
* 5231
+4 98
-4 49
+4 49
+1 49
+17 98
2074 240
682 48
2075 48
682 144
2099 96
+1 96
-47 48
+1 48
696 240
2058 468
682 156
2059 156
682 312
+3 26
+3 39
+3 13
+1 13
2073 240
+1 96
688 39
+8 5
+1 1
-1 3
+1 1
-1 1
cfn=(230)
calls=1 580 
* 1380
2107 4
+8 36
+14 72
+2 144
-47 96
691 12
2115 12
+14 24

fn=(170)
1572 1060
+32 106
-32 212
+32 212
+19 424
cfi=(53) ./io/../sysdeps/unix/sysv/linux/open64_nocancel.c
cfn=(172) __open_nocancel
calls=106 28 
* 2285
* 106
+2 212
+8 51
+1 102
+5 51
-5 51
+5 255
cfi=(54) ./io/../sysdeps/unix/sysv/linux/read_nocancel.c
cfn=(174) __read_nocancel
calls=51 25 
* 306
+2 102
+2 102
+2 102
+6 102
+17 663
+81 102
+5 102
+6 204
+6 102
+6 51
+1 51
-1 153
+1 153
+26 954
-22 13
+1 2
-1 1
+1 1
cfi=(70)
cfn=(226)
calls=1 25 
* 7
* 2
1668 9
-59 110
1777 2

fn=(106) _dl_init_paths
706 11
+14 1
-14 2
+14 2
cfi=(37) ./elf/./elf/dl-hwcaps.c
cfn=(108) _dl_important_hwcaps
calls=1 172 
* 1244
fi=(28)
56 1
fe=(30)
720 1
fi=(28)
56 1
cfi=(27)
cfn=(78)
calls=1 -20 
* 30
fe=(30)
725 1
+2 3
+8 2
-1 3
+5 3
fi=(28)
56 1
cfi=(27)
cfn=(78)
calls=1 -20 
* 30
fe=(30)
739 1
+2 4
+7 1
+8 1
+2 1
+12 2
-23 1
+9 1
+11 1
-4 1
-5 1
+3 2
+7 2
+2 2
-11 1
+11 3
-8 1
+4 1
+1 3
+1 16
cfi=(43)
cfn=(130)
calls=4 132 
* 56
+2 15
-14 3
+10 3
+4 9
-12 3
-2 3
+2 3
+4 3
-3 3
+3 3
+1 3
-2 3
+5 9
+1 6
+3 1
+15 1
-8 1
+5 1
-6 1
+9 2
+2 4
+2 3
+36 5
+2 2
cfi=(22)
cfn=(62)
calls=1 57 
* 17
* 9
-19 1
-2 1
+2 2
+19 9
cfi=(29)
cfn=(82)
calls=1 210 
* 11
* 1
+5 4
-1 2
+2 1
+1 2
-2 4
+1 13
+1 26
-2 52
+5 1
fi=(28)
56 1
cfi=(27)
cfn=(78)
calls=1 -20 
* 30
fe=(30)
836 1
fi=(28)
56 1
fe=(30)
838 2
+6 6
cfn=(132)
calls=1 468 
* 581
+3 3
+6 1
+4 8
-35 2
+5 2

fn=(88)
868 51
+8 51
-8 102
+8 51
-6 51
+12 102
-13 51
+13 51
-13 51
+13 102
+3 153
+1 102
+1 102
+3 153
+1 153
+4 51
+1 102
+22 50
+2 50
-2 100
+2 150
-20 106
+1 53
+3 106
+3 53
+1 212
fi=(31)
95 212
+7 106
+16 53
-3 106
254 100
+1 50
+2 200
+3 50
-8 6
+5 3
-4 3
+4 9
+3 3
-2 48
fe=(30)

fn=(204)
238 280
+3 140
-3 700
+7 140
-7 280
+3 140
cfi=(41)
cfn=(118)
calls=140 32 
* 3850
+3 280
+20 1260

fn=(136)
385 27
241 6
385 3
241 3
cfi=(41)
cfn=(118)
calls=3 32 
* 120
+3 6
410 3
-11 3
+11 18
-11 3
cfi=(44)
cfn=(138)
calls=3 40 
* 283

fl=(38) ./elf/../sysdeps/x86_64/dl-hwcaps-subdirs.c
fn=(110) _dl_hwcaps_subdirs_active
29 1
fi=(19) ./elf/../sysdeps/x86/get-isa-level.h
+2 1
fe=(38)
+7 1
fi=(19)
-8 4
fe=(38)
+22 1
fi=(19)
-20 3
+4 1
fe=(38)
+2 1
fi=(19)
-2 2
+3 4
+1 4
+5 1
fe=(38)
-7 1
fi=(19)
+7 3
fe=(38)
-2 1
fi=(19)
+5 2
+3 5
+2 4
+1 2
+1 2
+3 1
fe=(38)
-10 1
fi=(19)
+10 3
fe=(38)

fl=(20) ./elf/../sysdeps/x86/dl-cacheinfo.h
fn=(52) intel_check_word.constprop.0
123 48
-4 72
+10 24
-10 96
+10 48
-10 24
+10 24
-10 24
+10 24
+2 48
+71 48
fi=(21) ./elf/../bits/stdlib-bsearch.h
32 24
fe=(20)
202 120
-71 96
+2 60
+2 120
+8 120
+51 96
+22 48
fi=(21)
28 48
-1 96
+2 216
+2 168
+1 84
fe=(20)
+78 168
+3 324
fi=(21)
-78 264
-6 528
+2 480
+1 240
fe=(20)
+78 480
+15 12
246 144
fi=(21)
37 120
fe=(20)
155 36
+3 36
-6 12
+3 39
+9 18
+23 21
-32 63
+3 63
+4 58
+2 116
+3 84
+1 48
+1 48
+1 30
+2 11
+2 22
+6 14
+3 8
+1 12
-20 15
+12 4
+2 4
+1 4
-2 4
-1 4
+2 8
-2 4
+3 4
-2 12
+2 12
+11 2
-9 12

fn=(56) get_common_cache_info.constprop.0
571 11
+17 1
+1 1
+9 1
-12 1
+2 1
+2 1
+8 1
-11 1
+3 1
+11 2
-5 3
+17 1
+5 3
+4 2
770 5
+1 5
+4 2
+8 1
-1 1
+1 1
+1 1
+1 7
627 5
+3 6
-32 5
+75 4
+8 5
+2 2
-2 1
+6 3
+3 1
+1 5
-4 4
+21 2
-21 4
+2 1
+2 4
-4 1
+6 4
+3 2
+5 1
+2 2
+1 1
+1 1
-2 2
+1 1
-19 4
+46 2
+1 1
+1 2
+1 1
+25 3
630 3
+10 6
+14 2
+4 1
+3 1
+1 1
-4 2
+3 3
+6 4
-37 12
+7 6
-7 3
+7 2
+3 20
+5 2
+4 1
+1 1
-1 2
+1 1
+61 2
+7 1
+2 2
-16 1
+22 1
-6 2
+1 1
+5 1
-30 5

fn=(50) handle_intel.constprop.0
255 24
-5 12
+17 12
-17 96
+11 12
+1 12
+5 36
+4 24
+34 96
-29 12
+3 24
-3 12
+3 36
cfn=(52)
calls=12 123 
* 4092
+2 24
+3 60
cfn=(52)
calls=12 123 
* 1272
+2 24

fl=(46)
fn=(256) _dl_allocate_tls_storage
417 7
+2 1
+11 1
+1 1
fi=(28)
56 1
cfi=(27)
cfn=(78)
calls=1 -20 
* 86
fe=(46)
432 2
+8 3
fi=(28)
44 1
fe=(46)
440 2
+5 1
-5 1
+1 1
+4 304
+19 1
-99 1
+4 1
+1 1
fi=(28)
44 1
cfi=(27)
cfn=(74)
calls=1 +36 
* 41
fe=(46)
371 2
+3 1
+6 2
+90 7

fn=(550) _dl_allocate_tls_init
523 11
+1 2
+4 1
+6 1
-6 1
+6 1
cfi=(24)
cfn=(86)
calls=1 42 
* 3
+3 3
+12 1
-18 1
+42 3
-19 12
+9 18
+1 12
+6 18
+3 6
-2 6
+2 6
-2 6
+2 24
+4 6
-4 6
+4 6
-1 12
+4 12
+1 24
+2 12
+1 12
+17 6
-8 6
+8 6
+2 24
cfi=(29)
cfn=(126)
calls=6 197 
* 86
* 36
cfi=(43)
cfn=(130)
calls=6 132 
* 3769
-49 6
+55 6
-55 24
+6 15
+55 2
cfi=(24)
cfn=(86)
calls=1 42 
* 3
+3 2
+3 9

fn=(146) _dl_count_modids
192 1
+2 2
+1 1
+15 2

fn=(442) _dl_add_to_slotinfo
1017 48
+9 6
-9 6
+6 6
+4 6
+4 18
+34 12
+3 12
+1 18
+3 36

fn=(252) _dl_tls_static_surplus_init
97 2
+3 1
-3 3
+3 1
-3 1
+3 1
-3 1
+3 1
-3 1
+3 1
cfi=(11)
cfn=(28)
calls=1 387 
* 23
* 1
+1 4
cfi=(11)
cfn=(28)
calls=1 387 
* 23
+1 1
+2 1
-3 1
+1 2
+2 3
+3 1
+2 1
-26 3
+28 3
+1 6

fn=(224)
125 5
+16 5
-13 5
-3 15
+3 5
+55 5
-2 5
+5 5
+1 10

fn=(254) _dl_determine_tlsoffset
216 9
+6 4
+3 2
+36 3
+2 1
-2 1
-2 1
-40 1
-1 1
-1 1
+46 2
+23 18
+3 6
-3 30
+2 12
+4 1
-1 1
+1 1
+2 1
-33 2
+20 1
-20 5
+33 5
-33 10
+20 5
-20 25
+2 12
+3 6
-1 6
+5 12
-5 6
+1 6
-1 6
+3 12
+2 18
+32 2
-1 1
+53 1
-52 5
+2 2
+51 8

fn=(3086) _dl_deallocate_tls
636 81
+1 9
+3 36
+1 27
fi=(28)
50 18
cob=(2)
cfi=(186)
cfn=(2194)
calls=9 3359 
* 36
fe=(46)
641 513
fi=(28)
50 342
cob=(2)
cfi=(186)
cfn=(2194)
calls=171 3359 
* 684
fe=(46)
640 360
+4 18
+1 9
fi=(28)
50 9
cob=(2)
cfi=(186)
cfn=(2194)
calls=9 3359 
* 989
fe=(46)
647 18
+2 54

fn=(2492) _dl_allocate_tls
626 130
+1 26
365 13
fi=(28)
44 13
fe=(46)
369 13
+1 13
fi=(28)
44 13
cob=(2)
cfi=(186)
cfn=(622)
calls=13 3699 
* 3471
fe=(46)
371 26
+9 13
-6 13
+6 26
534 26
cob=(2)
cfi=(345)
cfn=(2494)
calls=13 77 
* 572
+3 39
+12 13
+24 13
-42 13
-1 26
+24 104
+9 234
+1 156
+6 234
+3 78
-2 78
+6 78
-6 78
+2 78
+4 78
-4 234
+3 156
+4 156
+1 312
+2 156
+1 78
+19 312
-19 78
+19 78
-10 78
+10 156
cfi=(29)
cfn=(126)
calls=78 197 
* 1118
* 468
cfi=(43)
cfn=(130)
calls=78 132 
* 48997
-49 78
+55 234
-55 312
+6 182
+55 26
cob=(2)
cfi=(332)
cfn=(2394)
calls=13 367 
* 481
+3 13
+2 13
+10 104

fn=(3116)
972 1
+1 2
+4 1
+3 1
+1 2
+5 1
-5 1
+24 2
+1 2
+6 1

fl=(67)
fn=(594) _dl_unload_cache
525 1
+1 4
-1 1
+3 1
-3 1
+3 1
cfi=(140)
cfn=(596)
calls=1 117 
* 6
+7 1
-6 1
+4 1
+2 1

fn=(222) _dl_cache_libcmp
357 542
+1 542
+32 542
-33 542
+1 1232
+2 3229
+2 3229
-2 6458
+20 6296
+2 6290
-12 2668
+2 2668
+14 2668
+1 2668
-29 5336
+32 165
-28 162
+6 74
+2 74
-2 74
+1 74
-1 74
+1 74
-1 74
+2 229
+1 21
-1 28
+1 3
-1 4
+2 74
-3 74
+3 229
+1 21
-1 28
+1 3
-1 4
+2 148
+7 3
+10 3
-8 1431
-5 14

fn=(214)
403 490
+2 98
+3 147
+69 144
+5 49
205 49
482 98
+3 147
fi=(69) ./elf/../sysdeps/x86/dl-procinfo.h
39 98
+3 147
cfi=(32)
cfn=(94)
calls=49 +56 
* 1225
* 196
fe=(67)
208 294
cfi=(11)
cfn=(28)
calls=49 387 
* 1127
* 49
+12 49
-10 49
-2 49
+12 98
-7 245
+9 245
+1 49
-32 98
+36 49
-4 49
+4 98
-5 2190
+1 438
-32 876
+36 438
-4 438
+4 876
+4 1461
cfn=(222)
calls=487 357 
* 42439
+1 974
346 438
+3 200
220 400
347 238
220 574
+2 490
+20 108
+3 108
+2 216
cfn=(222)
calls=54 357 
* 5487
* 108
+2 5
-9 108
-30 147
+1 49
fi=(417) ./elf/../sysdeps/x86/dl-isa-level.h
28 98
fe=(67)
210 98
fi=(417)
28 49
fe=(67)
210 49
+1 49
-1 147
+76 147
fi=(417)
28 147
fe=(67)
342 16
-83 106
+4 4
+1 4
cfn=(222)
calls=1 +93 
* 146
* 2
+5 159
+1 196
+16 49
fi=(68) ./elf/../sysdeps/generic/dl-cache.h
125 49
fe=(67)
286 147
+9 98
+3 98
+3 49
+1 147
+28 98
500 98
+12 98
cfi=(22)
cfn=(62)
calls=49 57 
* 1715
+1 49
-1 49
+1 588
+1 49
-1 49
+1 49
-1 49
+1 49
cfi=(29)
cfn=(82)
calls=49 210 
* 915
* 49
+1 49
cfi=(44)
cfn=(138)
calls=49 40 
* 5031
+1 392
411 4
cfi=(52)
cfn=(216) _dl_sysdep_read_whole_file
calls=1 36 
* 103
* 1
+8 5
+1 8
+3 3
+1 1
-1 3
fi=(68)
194 1
+1 5
fe=(67)
431 1
+1 2

fl=(39) ./elf/./elf/dl-hwcaps_split.c
fn=(120) _dl_hwcaps_split
25 5
+1 3
+21 1
-20 1
+20 3

fn=(114) _dl_hwcaps_split_masked
51 110
-25 44
+36 5
-7 5
+7 35
-26 24
+5 27
cfi=(41)
cfn=(118)
calls=9 -9 
* 216
* 9
+1 18
+3 6
+11 12
+1 18
+1 12
-2 6
+1 9
+1 6
-28 24
+4 48
+1 12
-1 30
+24 6
+9 12
-5 6
-2 6
+2 42
-19 6
cfi=(22)
cfn=(62)
calls=3 +14 
* 51
* 6

fl=(53)
fn=(172)
28 214
+3 107
-3 214
+3 642
+8 749
+2 104
-2 165
+2 110

fl=(16) ./elf/../sysdeps/x86/cpu-features.c
fn=(36) init_cpu_features.constprop.0
682 1
+17 1
-17 7
+3 1
+1 1
+1 1
+3 1
+9 2
+3 6
1001 3
+1 2
+3 2
+1 2
+6 1
+1 1
+1 1
+1 1
fi=(20)
792 1
+1 1
+2 1
+14 2
+85 1
+1 1
+15 1
-5 1
+5 1
-10 1
-6 1
+2 1
+14 1
-15 1
+2 1
-1 1
+2 1
-1 1
+2 1
-1 1
+1 1
+2 1
+1 1
+1 1
+1 1
+35 2
-15 3
+8 2
+27 6
+9 2
+19 2
+8 6
cfi=(11)
cfn=(28)
calls=1 387 
* 23
* 1
+2 2
+3 4
cfi=(11)
cfn=(28)
calls=1 387 
* 23
* 1
+2 2
+3 4
cfi=(11)
cfn=(28)
calls=1 387 
* 23
* 1
+1 5
+16 2
-12 5
cfi=(11)
cfn=(28)
calls=1 387 
* 23
* 1
+1 3
+6 3
+3 1
-3 2
cfi=(11)
cfn=(28)
calls=1 387 
* 23
* 1
+3 5
-3 1
+3 5
cfi=(11)
cfn=(58)
calls=1 153 
* 62
+1 10
cfi=(11)
cfn=(58)
calls=1 153 
* 62
+1 11
cfi=(11)
cfn=(58)
calls=1 153 
* 62
+3 10
cfi=(11)
cfn=(58)
calls=1 153 
* 62
+2 10
cfi=(11)
cfn=(58)
calls=1 153 
* 62
+13 1
+2 1
fe=(16)
-23 1
fi=(20)
+21 1
+3 1
fe=(16)
-24 1
fi=(20)
+26 1
-5 1
+2 1
-2 1
+3 1
fe=(16)
-24 1
fi=(20)
+25 1
+3 1
-1 1
fe=(16)
-27 1
cfi=(11)
cfn=(28)
calls=1 387 
* 22
+3 4
cfi=(11)
cfn=(28)
calls=1 387 
* 24
+6 3
+54 1
-1 1
+1 1
+45 4
cfi=(11)
cfn=(28)
calls=1 387 
* 22
+2 4
cfi=(11)
cfn=(28)
calls=1 387 
* 22
+6 4
cfi=(11)
cfn=(28)
calls=1 387 
* 24
+7 8
fi=(20)
974 12
fe=(16)
+68 1
-1 2
+1 3
+44 3
+27 2
-10 2
+1 2
+2 3
+1 2
+2 3
+1 2
fi=(20)
811 2
cfn=(50)
calls=1 255 
* 455
+1 1
-1 1
+1 1
cfn=(50)
calls=1 255 
* 503
+1 1
-1 1
+1 1
cfn=(50)
calls=1 255 
* 530
+4 1
-4 1
+1 2
+3 1
cfn=(50)
calls=1 255 
* 476
+2 1
-2 1
+2 1
cfn=(50)
calls=1 255 
* 468
+3 1
-3 1
+1 2
+2 1
cfn=(50)
calls=1 255 
* 446
+2 1
-2 1
+2 1
cfn=(50)
calls=1 255 
* 447
+3 1
-2 1
-1 1
+3 1
cfn=(50)
calls=1 255 
* 494
+2 1
-2 1
+2 1
cfn=(50)
calls=1 255 
* 495
+1 1
+2 1
-3 1
+1 1
+2 1
cfn=(50)
calls=1 255 
* 521
+2 1
-2 1
+2 1
cfn=(50)
calls=1 255 
* 522
+2 1
-2 1
+2 1
cfn=(50)
calls=1 255 
* 523
+2 4
-2 1
+2 1
cfn=(56)
calls=1 571 
* 223
+93 1
-6 3
+6 1
-6 2
+6 2
-6 2
+6 2
-1 2
fe=(16)
708 6
cfn=(38) get_common_indices.constprop.0
calls=1 398 
* 74
376 3
+1 2
+1 6
+5 2
713 1
cfn=(42) update_active.constprop.0
calls=1 72 
* 222
+2 1
+2 1
1015 1
715 2
878 2
+7 2
+2 2
+4 2
+6 2
+2 1
706 2
-3 1
384 6
+5 2
+1 7
717 1
fi=(20)
987 1
-48 1
fe=(16)
717 1
fi=(20)
987 2
fe=(16)
717 6
+4 7
+78 1
-25 3
+92 2
+3 2
fi=(20)
+38 1
fe=(16)
-37 1
-89 2
+51 2

fn=(42)
72 8
+4 1
+10 1
+9 1
+9 1
-19 1
-1 1
+29 1
-4 1
-24 1
+9 1
+9 1
+9 1
-28 2
+25 1
-15 1
-9 1
+9 1
+9 1
+9 1
-3 1
+7 1
-13 1
+9 1
+4 2
-22 1
+22 2
-13 1
+6 1
+3 1
+5 1
+12 1
-8 1
-4 1
+7 1
-3 4
+1 1
+2 1
-2 2
+1 3
+5 1
+2 1
-2 4
+1 1
+1 1
-1 2
+1 1
-1 1
+3 2
+1 4
+14 2
356 2
+4 3
fi=(18) ./elf/../sysdeps/unix/sysv/linux/x86/dl-hwcap2.h
25 2
fi=(19)
+5 1
-2 1
+2 3
fe=(16)
369 1
+1 8
151 2
+1 2
-1 5
+1 2
+2 3
+90 1
+1 1
-1 2
+17 4
+16 2
+5 1
-1 2
+4 4
+4 2
+4 3
+1 2
+3 1
-1 1
+9 1
-5 1
+2 1
-2 1
+5 1
+51 1
fi=(19)
31 1
fe=(16)
356 2
fi=(19)
32 3
+4 3
fe=(16)
158 4
+3 1
+3 2
+14 1
+2 1
+10 3
-12 1
+12 1
-12 1
+2 2
-2 1
+2 1
+8 1
-8 1
+6 3
+2 1
-2 1
+2 3
+7 5
fi=(19)
39 2
+1 4
-2 1
+7 4
+2 1
+1 2
+3 5
+2 4
+1 2
+1 2
+3 1
-1 1
+1 3
fe=(16)
171 1
-5 2
+4 1

fn=(38)
398 3
+4 4
+3 3
+5 2
-5 1
+5 1
-5 1
+4 1
+1 1
+1 4
+1 4
+1 3
+1 2
+7 2
+2 5
+5 1
-5 1
+5 1
-5 1
+5 1
-5 2
+5 1
+7 1
-7 4
+7 1
+1 3
+6 1
-6 4
+6 1
fi=(17) ./elf/../sysdeps/unix/sysv/linux/x86/dl-minsigstacksize.h
24 2
+3 2
+1 2
+37 3
+7 1
+2 1
fe=(16)
457 3

fl=(51) ./setjmp/../sysdeps/x86_64/setjmp.S
fn=(162) __sigsetjmp
31 141
+2 141
+9 141
+1 282
+1 141
+4 141
+1 141
+1 141
+1 141
+1 141
+2 282
+2 141
+1 141
+1 141
+2 282
+2 141
+8 141
+3 141
+1 141
+7 141
+1 141

fl=(41)
fn=(118)
32 203
+1 203
+1 203
+1 203
+1 203
+1 203
+1 203
+1 203
+1 203
+1 201
+1 201
+1 201
+1 201
+1 201
+1 201
+1 201
+1 201
+1 201
+1 171
+4 171
+1 171
+1 171
+1 171
+2 171
+4 30
+1 30
+1 30
+1 30
+1 30
+1 30
+1 30
+1 30
+1 30
+1 30
+1 30
+1 30
+1 30
+1 30
+1 30
+1 30
+1 30
+1 30
+1 30
+1 30
+1 30
+1 30
+1 30
+1 30
+52 32
+4 32
+1 32
+1 32
+1 32
+2 32
+4 2
+1 2
+1 2
+1 2
+1 2
+1 2
+1 2
+1 2
+1 2
+1 2
+1 2
+1 2
+1 2
+1 2
+1 2
+1 2
+1 2
+1 2
+1 2
+1 2
+1 2
+1 2
+1 2
+1 2
+1 2
+1 2
+1 2
+1 2
+1 2
+1 2
+1 2
+1 2
+1 2
+1 2
+1 2
+1 2
+1 2
+1 2

fl=(2)
fn=(154) handle_preload_list
869 11
+5 1
-5 2
+5 2
-4 3
+7 3
cfi=(49) ./string/../string/strcspn.c
cfn=(156) strcspn
calls=1 32 
* 254
* 1
+1 3
+9 1
183 1
889 2
183 2
891 2
-80 1
+5 1
-6 1
-4 1
+10 2
-6 1
+4 1
+2 2
-5 1
+1 1
+4 1
cfi=(50)
cfn=(158) _dl_catch_error
calls=1 254 
* 2754
+1 3
+8 3
+67 1
-18 2
+21 9
-15 4
cfi=(29)
cfn=(82)
calls=1 210 
* 19
+1 2

fn=(2)
517 16
85 1
547 4
85 1
543 1
fi=(6)
55 1
fe=(2)
+30 1
546 1
85 1
fi=(3) ./elf/./get-dynamic-info.h
-40 1
fe=(2)
546 1
fi=(3)
45 2
+23 18
-23 72
+4 36
+3 5
-1 10
+3 20
+1 16
+1 5
fi=(4)
+23 1
fi=(3)
+31 1
-38 3
+12 4
+1 3
+1 4
+1 4
+1 5
+1 3
+1 4
+1 4
+12 7
+7 2
-51 4
+64 3
+6 3
+1 3
+3 2
+1 3
+5 5
+3 5
fe=(2)
563 154
fi=(4)
79 1
fe=(2)
563 1
fi=(4)
79 2
fe=(2)
563 27
fi=(6)
287 3
fi=(5)
49 1
fe=(2)
563 1
fi=(5)
50 1
-1 2
+4 1
-3 1
+3 4
+3 2
-7 1
fe=(2)
563 1
fi=(5)
50 1
-1 2
+4 1
-3 1
+3 4
+3 2
+7 3
+2 3
-2 6
fi=(6)
278 3
fi=(5)
64 6
fi=(6)
278 6
+9 24
+3 6
+1 6
+26 8
+6 2
fi=(5)
61 13
fe=(2)
563 6
fi=(5)
51 1
fi=(4)
+28 2
fi=(3)
-17 4
+2 4
fe=(2)
565 1
+13 1
cfi=(7)
cfn=(12)
calls=1 42 
* 10
458 2
85 1
476 2
85 3
476 1
cfi=(8)
cfn=(14)
calls=1 25 
* 27
+2 1
+16 2
-17 1
+11 1
-10 1
+16 1
cfi=(9)
cfn=(16)
calls=1 102 
* 6370768
* 1
+2 2
+89 9
fi=(3)
103 3
fe=(2)

fn=(66)
1346 2
197 1
1346 11
199 1
302 1
+1 1
197 1
+99 3
1357 1
cfi=(24)
cfn=(68) __tls_pre_init_tp
calls=1 53 
* 17
2749 1
2538 1
2749 2
2598 1
+2 2
+15 1
-13 2
cfi=(25) ./elf/./elf/dl-environ.c
cfn=(70) _dl_next_ld_env_entry
calls=1 28 
* 53
* 4
cfi=(25)
cfn=(70)
calls=2 28 
* 353
* 9
+4 6
-2 2
+2 6
+1 2
-1 6
+1 17
-1 89
+9 12
2727 3
1373 1
+1 2
-1 2
+1 2
2687 3
-47 2
+10 2
1637 9
cfi=(26)
cfn=(72)
calls=1 59 
* 210
* 1
+2 2
+1 3
+6 1
-5 2
+1 3
+4 1
cfi=(26)
cfn=(84)
calls=1 31 
* 42
+1 2
1116 1
-1 1
1351 1
1143 1
-21 2
+21 2
-19 1
+1 1
-3 1
+21 2
+57 1
-82 1
+25 1
-3 1
+4 1
+19 1
+37 4
-56 112
+56 4
-1 4
+1 8
-1 4
+2 8
+1 1
+2 12
+1 14
+4 8
+1 8
+1 4
+4 12
-72 27
1253 2
+1 24
+6 4
cfi=(30)
cfn=(88)
calls=1 868 
* 56
-7 28
+1 14
+6 14
-6 28
fi=(31)
235 4
+1 2
-87 4
fe=(2)
1221 3
+7 1
-1 2
+6 1
-6 2
-79 1
+85 3
-90 2
+91 1
+1 1
-1 1
+4 2
-95 2
+5 1
-5 1
+5 2
-5 2
+30 1
-9 2
+2 1
-3 1
+10 2
+18 2
-38 2
-10 1
+10 1
+1 9
-11 2
+1 14
1247 1
1143 1
1247 2
1143 3
1266 4
+2 3
+1 3
+2 3
1672 3
+2 2
-1 1
+1 1
+1 3
-2 2
cfi=(32)
cfn=(94)
calls=1 98 
* 25
* 2
+7 1
+3 1
-5 1
+3 1
+2 1
+1 2
+4 2
+2 2
fi=(3)
39 4
+4 1
+2 1
+9 1
+1 1
-10 2
+23 30
-23 120
+4 60
+3 6
-1 12
+3 24
+1 20
fe=(2)
1243 1
1143 1
1243 1
1143 2
fi=(3)
72 4
+43 2
+7 3
+1 4
+6 3
+18 4
+5 2
+2 2
+2 2
+2 2
+1 2
+3 4
+2 3
+1 2
+9 2
+6 2
+1 3
+3 3
fe=(2)
1698 4
+7 2
cfi=(8)
cfn=(14)
calls=1 25 
* 27
+3 2
fi=(33) ./elf/./setup-vdso.h
24 2
fi=(36) ./elf/./dl-main.h
+85 2
fi=(35) ./elf/../sysdeps/unix/sysv/linux/dl-vdso-setup.h
-64 1
fi=(36)
+64 3
cfi=(30)
cfn=(106)
calls=1 706 
* 2322
fe=(2)
1733 3
cfi=(45)
cfn=(144) _dl_debug_initialize
calls=1 56 
* 34
+7 1
-5 1
-2 1
+7 1
+4 1
+1 1
+2 1
-3 3
+1 2
+3 1
+11 1
-13 1
+13 1
+1 2
+5 1
-3 2
+2 1
+1 2
+5 3
+1 5
-1 2
224 1
+1 1
-1 1
+1 3
+1 2
1788 2
+5 1
-1 1
1352 1
1793 1
+24 1
cfi=(46)
cfn=(146)
calls=1 192 
* 6
* 1
fi=(47) ./elf/../sysdeps/generic/dl-debug.h
29 4
+1 1
fe=(2)
1823 1
+1 1
cfi=(45)
cfn=(150) _dl_debug_state
calls=1 116 
* 2
+1 1
+4 3
cfi=(48)
cfn=(152)
calls=1 29 
* 17
+5 3
+2 1
+2 2
+9 2
+16 4
cfi=(63)
cfn=(200)
calls=1 25 
* 9
* 2
+76 4
+16 3
85 1
1965 1
85 2
1965 1
85 1
1965 5
85 1
1965 2
cfi=(64)
cfn=(202)
calls=1 143 
* 638369
92 1
+9 1
1971 1
92 2
+9 2
1971 2
+1 6
-1 4
+1 104
-1 208
+4 3
+1 2
+1 1
+2 98
+1 48
+46 1
-42 2
+8 3
+1 2
+2 1
+2 4
+2 1
-4 1
+5 1
-1 2
+14 2
+1 2
+1 3
+2 2
+1 2
-28 1
+36 2
+2 1
-2 1
+2 2
-2 1
+1 2
+1 1
-1 2
+1 1
cfi=(50)
cfn=(240) _dl_receive_error
calls=1 186 
* 227244
+10 1
+1 1
-1 1
+1 1
+3 2
837 1
fi=(418) ./elf/../sysdeps/unix/sysv/linux/dl-osinfo.h
39 2
fe=(2)
839 1
fi=(418)
52 1
fe=(2)
848 1
+7 1
-5 1
2047 3
2246 2
+4 1
-4 1
+10 1
-6 1
+6 1
-6 1
+9 2
+8 2
fi=(31)
36 2
+1 3
+3 3
+13 55
-13 52
+9 104
-9 1
+9 212
+4 208
-16 159
+34 1
fe=(2)
2279 1
fi=(31)
71 1
cfi=(76)
cfn=(264) _dl_cet_check
calls=1 361 
* 33
fe=(2)
2282 1
-3 2
+5 1
-2 2
+2 2
+1 6
cfi=(77)
cfn=(266)
calls=1 207 
* 96483
85 2
2292 1
85 2
2292 1
+1 149
+2 106
+5 106
+2 106
+6 53
+2 106
+1 416
cfi=(77)
cfn=(266)
calls=52 207 
* 5321620
+4 118
+1 12
-23 6
+23 6
cfi=(46)
cfn=(442)
calls=6 1017 
* 168
-23 13
92 3
+1 1
2325 1
93 1
2325 1
+4 4
+2 1
+7 4
cfi=(46)
cfn=(550)
calls=1 523 
* 4226
+3 2
+4 3
+2 2
+33 3
cfi=(175)
cfn=(574)
calls=1 27 
* 603
+7 1
cfi=(9)
cfn=(590)
calls=1 147 
* 2
+3 3
cfi=(48)
cfn=(592)
calls=1 41 
* 11
+4 2
cfi=(45)
cfn=(196)
calls=1 38 
* 7
+1 1
-1 1
+2 1
cfi=(45)
cfn=(150)
calls=1 116 
* 2
+1 1
+4 1
cfi=(67)
cfn=(594)
calls=1 525 
* 19
+5 8
2304 1
+1 1
-3 2
226 2
-2 1
+1 1
1773 1
+6 1
-6 2
+6 1
fi=(3)
56 5
+3 4
fi=(34) ./elf/../sysdeps/unix/sysv/linux/dl-vdso.h
-19 2
+1 5
fi=(35)
-11 1
+3 1
+3 1
+3 1
fi=(34)
+16 2
fi=(3)
+17 3
+12 3
+1 5
+1 5
+1 5
+1 4
+1 5
+1 5
+1 5
+12 2
+7 1
-7 7
+7 2
fe=(2)
1743 4
2357 1
cfi=(169)
cfn=(552)
calls=1 561 
* 16916
+5 3
cfi=(7)
cfn=(560)
calls=1 76 
* 3347
+3 1
cfi=(173)
cfn=(568)
calls=1 30 
* 503
85 1
2371 1
+1 3
85 3
2372 2
cfi=(77)
cfn=(266)
calls=1 207 
* 3529
92 3
+9 3
2687 2
+2 1
+1 1
-1 1
+1 1
+1 1
2040 2
cfn=(250) init_tls
calls=1 734 
* 1270
* 2
2650 2
+2 2
+1 1
fi=(3)
62 4
+2 4
fe=(2)
1943 10
85 1
1842 2
85 3
1842 2
cfn=(154)
calls=1 869 
* 3098
* 1
92 3
+9 3
1943 6
+1 1
-1 1
+4 3
+1 1
+1 2
+1 2
-7 2

fn=(242) version_check_doit
674 2
+2 1
-2 4
+2 3
cfi=(73) ./elf/./elf/dl-version.c
cfn=(244) _dl_check_all_versions
calls=1 392 
* 227207
* 2
+4 3

fn=(250)
734 1
+6 1
-6 3
+2 2
+4 2
+11 1
fi=(28)
44 1
fe=(2)
746 1
+4 1
fi=(28)
44 1
cfi=(27)
cfn=(74)
calls=1 +36 
* 41
fe=(2)
761 1
-12 1
+6 1
-9 1
+11 1
+4 1
+2 3
-1 2
+3 106
+4 6
+2 6
-2 12
-5 6
-1 12
+10 3
+3 2
cfi=(46)
cfn=(252)
calls=1 97 
* 86
+3 1
cfi=(46)
cfn=(254)
calls=1 216 
* 252
+7 1
cfi=(46)
cfn=(256)
calls=1 417 
* 470
* 1
+1 2
+6 1
fi=(74) ./elf/../sysdeps/generic/dl-call_tls_init_tp.h
31 2
fe=(2)
793 1
fi=(74)
31 6
+2 1
cfi=(24)
cfn=(260) __tls_init_tp
calls=1 +35 
* 79
fe=(2)
800 1
-3 1
+3 4
-36 47
-1 95

fn=(164) map_doit
641 2
+2 1
-2 4
+2 1
+1 2
-1 2
+1 3
cfi=(30)
cfn=(166)
calls=1 1967 
* 2643
* 1
+2 3

fl=(14)
fn=(30)
36 1
fi=(419) ./elf/../sysdeps/unix/sysv/linux/brk_call.h
-12 2
fe=(14)
+13 1
+1 2
+6 1
+1 1

fl=(8)
fn=(14)
25 53
+3 53
-3 53
+3 106
+3 159
+1 106
+2 53
-1 53
+3 159
+1 53
+1 106
+7 53
-5 53
-2 53
+3 106
+2 53
+2 106
+5 53

fl=(42) ./string/../sysdeps/x86_64/multiarch/../multiarch/memcmp-sse2.S
fn=(122) bcmp
59 1
+12 1
+1 1
+22 1
+1 1
+45 1
+1 1
+2 1
+1 1
+2 1
+1 1
+2 1
+1 1
+47 1
+1 1
+1 1
+1 1
+1 1
+1 1

fl=(389)
fn=(3092)
26 5
+17 1
-17 6
+20 13
+3 2
cob=(2)
cfi=(345)
cfn=(2494)
calls=1 +28 
* 44
+2 1
+3 2
+2 5
+7 3
-2 1
+2 1
cfi=(48)
cfn=(592)
calls=1 -22 
* 11
+5 15
+5 1
-5 1
+5 3
+2 106
+2 106
+2 106
+1 53
+1 53
+4 53
-12 159
+14 6
+1 4
+6 6
cfi=(13)
cfn=(236)
calls=1 298 
* 4208
+9 2
cob=(2)
cfi=(332)
cfn=(2394)
calls=1 367 
* 37
+5 6
+2 1
+2 2
-2 52
+2 104
+2 212
cfi=(390)
cfn=(3094)
calls=53 -90 
* 137330
+3 106
cfi=(48)
cfn=(3138)
calls=53 -20 
* 265
-9 106
+14 53
-14 159
+18 3
cfi=(48)
cfn=(592)
calls=1 -85 
* 11
* 2
+6 4
+2 1
-2 2
+6 2
+7 8
-77 2

fl=(13)
fn=(238) dfs_traversal.part.0
135 792
+10 88
-2 88
+2 176
+2 348
-7 754
+7 1452
+9 172
+15 264
+1 88
+1 570
cfn=(239) dfs_traversal.part.0'2
calls=14 -38 
* 846
-26 70
+9 137

fn=(239)
135 162
+10 18
-2 18
+2 36
+2 64
-7 96
+7 176
+9 32
+15 54
+1 18
+1 120
cfn=(239)
calls=4 -38 
* 162
-26 20
+9 32

fn=(236)
298 24
+8 2
-8 2
+8 4
+4 16
-99 2
-28 2
-2 2
+1 4
+29 2
-28 8
+1 2
-1 2
+1 2
-1 4
+1 104
-1 104
+1 104
-1 208
+28 30
+8 6
-3 2
+2 2
+1 4
-3 2
+5 320
+2 106
-83 476
cfn=(238)
calls=88 -5 
* 5845
+86 300
+18 8
+32 8
+7 2
+27 2
-47 6
cfi=(29)
cfn=(82)
calls=2 -53 
* 214
* 2

fn=(26)
289 2
+1 2
-1 2
+1 2
cfi=(11)
cfn=(28)
calls=1 +97 
* 24
+2 3
-1 1
+2 2

fl=(25)
fn=(70)
28 3
+1 3
+3 70
+13 60
-13 120
+2 124
+1 18
+5 2
-3 2
+3 2
+2 2

fl=(57)
fn=(182)
47 227
+3 454
-3 1362
+6 454
+5 1362
+2 908
-7 432

fl=(22)
fn=(62)
57 262
+44 262
+1 262
+1 262
+1 262
+1 262
+1 262
+1 262
+2 262
+2 262
+31 261
+1 261
+1 261
+1 261
+1 261
+1 87
+2 87
+4 174
+1 174
+1 174
+1 174
+1 174
+1 174
+1 174
+1 174
+1 174
+1 174
+1 174
+1 174
+5 1392
+4 1
+1 14
+1 6
+15 1
+1 1
+1 2
+51 1
+1 1
+1 1
+1 1
+1 1
+1 1
+1 1
+1 1
+16 1
+2 1
+1 14
+2 1
+1 1
+1 1
+2 1

fl=(245)
fn=(1100)
46 1122
+2 510
+1 102
+6 102
fi=(420) ./elf/../sysdeps/x86_64/dl-runtime.h
-27 102
fe=(245)
+21 102
+5 102
+1 102
-6 102
+6 204
+1 102
+2 102
-2 102
+2 102
-2 510
+7 204
+4 204
+4 102
-2 102
+2 204
+4 306
+1 408
+1 306
+8 102
-1 102
+1 204
+2 38
+1 38
+7 380
cfi=(78)
cfn=(274)
calls=38 772 
* 28943
* 640
cfi=(78)
cfn=(274)
calls=64 772 
* 49196
* 102
+4 510
+10 1020
+15 408
+9 306
+26 306
fi=(6)
+75 102
fe=(245)
-71 816
-63 152
fi=(330) ./elf/../sysdeps/x86_64/dl-irel.h
-68 4
cob=(2)
cfi=(89)
cfn=(300)
calls=1 -3 
* 24
cob=(2)
cfi=(134)
cfn=(422)
calls=1 -3 
* 23
cob=(2)
cfi=(121)
cfn=(378)
calls=1 -3 
* 24
cob=(2)
cfi=(98)
cfn=(324)
calls=1 -3 
* 22
fe=(245)
+93 8

fl=(55)
fn=(178)
30 52
+9 208
+33 52

fl=(65)
fn=(210)
28 10
+1 20
cfi=(66)
cfn=(212)
calls=5 146 
* 48

fl=(24)
fn=(260)
68 2
fi=(421) ./elf/../include/list.h
-24 1
fe=(24)
+24 3
fi=(421)
-25 1
fe=(24)
+26 1
+3 1
fi=(421)
-29 1
+1 1
+1 1
+2 1
fe=(24)
+28 4
+1 2
+1 1
+5 2
+5 1
+6 1
-3 1
+3 1
-6 3
+6 1
+12 4
cfi=(11)
cfn=(28)
calls=1 387 
* 24
fi=(75) ./elf/../sysdeps/unix/sysv/linux/rseq-internal.h
-73 3
+8 1
fe=(24)
+81 3
+7 2
+1 3
fi=(75)
-95 7
+3 2
fe=(24)

fn=(68)
53 3
+3 8
+5 1
-5 1
+5 1
+1 1
-6 1
+8 1

fn=(86)
42 270
+2 540

fl=(23)
fn=(64)
37 4
+3 1
-3 2
+21 2
+4 2
+16 5

fl=(73)
fn=(244)
392 7
+4 5
-2 1
+4 318
cfn=(246) _dl_check_map_versions
calls=53 155 
* 226498
-2 53
+2 159
-1 53
-1 106
+5 7

fn=(246)
155 530
+15 159
+2 265
+2 53
+1 53
+2 106
+3 100
-16 100
+20 50
-4 50
-24 50
+28 350
+16 100
36 50
200 50
36 350
200 74
36 37
200 37
36 259
+1 1010
-1 2020
+2 3291
cfi=(52)
cfn=(168)
calls=1097 +30 
* 105148
* 2281
208 261
+5 87
fi=(422) ./elf/../sysdeps/generic/_itoa.h
76 261
fe=(73)
213 174
+4 174
+1 174
-1 174
+4 87
-3 87
+3 87
-3 261
-1 662
+1 662
-1 662
+4 331
-3 331
+3 331
-3 1148
56 1672
+8 1254
+6 1254
+16 418
+1 836
+2 418
+5 2926
+14 12412
+12 17364
+4 5788
-30 11576
231 1672
+3 1254
+5 331
-24 331
110 418
+3 2090
cfi=(32)
cfn=(94)
calls=418 -15 
* 17351
* 1254
224 1254
+1 3
cfi=(32)
cfn=(94)
calls=1 98 
* 71
* 2
+3 176
+15 261
+5 37
-50 37
+59 250
+3 38
+3 133
+3 76
+4 19
-7 76
+3 57
+4 208
-7 832
+3 643
+8 57
+6 102
fi=(28)
44 51
fe=(73)
280 102
fi=(28)
44 51
cfi=(27)
cfn=(74)
calls=51 +36 
* 2258
fe=(73)
281 102
-2 51
fi=(28)
44 51
fe=(73)
281 51
+13 51
-3 51
+3 204
+2 102
+3 200
+4 261
+7 418
+1 418
-1 1254
+1 418
+1 418
-2 418
+2 836
+1 1254
+3 1254
+5 331
-15 331
+2 331
-2 331
+2 331
-2 331
+2 662
-2 87
+2 87
-2 87
+2 87
-2 87
+2 174
+16 261
+5 37
-28 37
+33 100
+3 38
+4 227
+6 227
+1 227
+1 227
-1 681
+1 227
-1 227
+1 227
+1 227
+3 681
+4 227
-14 492
+10 57
+12 38
+1 100
+1 100
+1 4
+19 477
164 3
-8 3
257 8
+17 96
+60 2
-40 2
+76 4
+2 4
+4 2
-4 120
+1 60
+2 1
+1 2
-1 1
+1 1
cfi=(32)
cfn=(248)
calls=1 98 
* 32
* 2

fl=(27)
fn=(78)
36 2200
+1 825
+11 822
+3 274
-3 274
+3 548
-3 2
+3 1
-3 1
+3 1046
+19 275
+1 275
+2 1650
-17 56
+1 28
+2 14
+1 98
cfi=(57)
cfn=(182)
calls=14 -13 
* 364
* 14
+2 28
+2 56
cfi=(58) ./misc/../sysdeps/unix/sysv/linux/setvmaname.c
cfn=(184) __set_vma_name
calls=14 -31 
* 116
+1 42
+2 11
+4 11
-4 22
-24 1
-1 1
+1 1
+1 2
-2 2
+28 3
-3 6
+4 6

fn=(74)
80 108
+4 108
-4 432
+7 108
+1 324
fi=(28)
-32 108
cfi=(27)
cfn=(78)
calls=108 -20 
* 4009
fe=(27)

fn=(142)
97 5
+2 20

fl=(62)
fn=(194)
25 52
+1 208
+1 52

fl=(54)
fn=(174)
25 51
+1 204
+1 51

fl=(49)
fn=(156)
32 6
+1 3
+1 2
+5 6
+1 4
+1 4
+1 4
+2 1
+3 3
+1 2
-1 6
+1 4
+3 4
+1 4
+1 4
+1 4
+2 3
+6 1
-1 1
+1 1
+2 2
-1 2
+2 1
+2 6
-5 12
-1 12
+1 12
+2 24
-1 24
+2 12
+2 72
+2 1
+1 3
+1 2
-1 1
+1 1

fl=(52)
fn=(168)
68 23891
+1 6826
cfi=(32)
cfn=(94)
calls=3413 +29 
* 110373
* 6826
+3 3413
+2 6826
+6 3395
-6 6790
+1 10716
cfi=(32)
cfn=(94)
calls=3572 +23 
* 123001
* 7144
+8 177
-13 177
+13 3767
-1 3236
+1 9708

fn=(216)
36 2
+3 1
-3 7
+3 1
-3 2
+3 1
cfi=(53)
cfn=(172)
calls=1 -11 
* 20
+1 2
+23 8
-21 4
cfi=(55)
cfn=(178)
calls=1 -12 
* 6
* 2
+2 2
+3 2
+13 2
cfi=(62)
cfn=(194)
calls=1 -35 
* 6
* 1
-11 6
cfi=(57)
cfn=(182)
calls=1 -2 
* 26
* 2

fn=(542)
87 2
+38 2
-1 2
+3 2
+2 80
+1 30
+3 7
-6 24
+18 2
+1 2
-15 6

fl=(58)
fn=(184)
33 14
+2 55
-2 4
+7 1
-7 2
+7 1
-7 2
+7 1
-7 1
+7 1
cfi=(11)
cfn=(28)
calls=1 387 
* 24
* 3
+7 1
+2 6

fl=(37)
fn=(108)
172 6
+3 1
-3 3
+3 1
-3 5
+2 1
cfi=(38)
cfn=(110)
calls=1 29 
* 49
+1 1
fi=(40) ./elf/./dl-hwcaps.h
43 1
fe=(37)
174 1
fi=(40)
45 2
+32 1
+1 1
+1 1
fe=(37)
-27 2
cfi=(39)
cfn=(114)
calls=1 -1 
* 23
* 2
fi=(40)
-9 1
+2 1
-2 1
+34 2
+1 2
+1 1
fe=(37)
-24 2
-1 2
+1 2
+1 2
+1 2
-5 4
cfi=(39)
cfn=(114)
calls=2 -1 
* 130
* 2
cfi=(39)
cfn=(114)
calls=1 -1 
* 125
* 6
+48 4
fi=(28)
-44 2
cfi=(27)
cfn=(78)
calls=1 -20 
* 30
fe=(37)
+46 2
-2 1
+2 1
+3 1
+3 1
fi=(40)
-65 1
+2 1
fe=(37)
+67 1
fi=(40)
-66 1
fe=(37)
+66 2
cfi=(39)
cfn=(120)
calls=1 -87 
* 13
* 2
fi=(40)
-69 1
+2 1
-2 1
+34 2
+1 2
+1 1
fe=(37)
+48 10
+1 4
+1 2
+1 2
-1 2
-4 4
cfi=(39)
cfn=(114)
calls=2 -74 
* 130
* 2
cfi=(39)
cfn=(114)
calls=1 -74 
* 125
* 6
+8 3
+9 5
+3 8
-2 6
+14 1
+4 1
+1 1
+1 1
-20 3
+19 1
+1 1
-20 2
+8 2
+4 2
-4 3
+4 2
cfi=(42)
cfn=(122)
calls=1 -96 
* 19
+1 3
-14 8
+47 1
-4 2
+4 2
-3 1
+7 1
-7 2
+7 1
fi=(28)
56 1
cfi=(27)
cfn=(78)
calls=1 -20 
* 30
* 1
fe=(37)
194 2
+8 1
fi=(40)
43 1
fe=(37)
201 1
80 1
fi=(40)
-35 1
fe=(37)
+35 1
202 1
fi=(40)
77 1
+1 1
fe=(37)
202 3
fi=(40)
79 1
fe=(37)
-2 2
cfi=(39)
cfn=(114)
calls=1 -26 
* 23
* 2
fi=(40)
-34 1
+2 1
fe=(37)
+35 2
fi=(40)
-37 1
+34 2
+1 2
+1 3
fe=(37)
+1 4
+7 2
-7 8
cfi=(29)
cfn=(126)
calls=2 197 
* 26
+4 2
+2 2
+2 2
-2 4
-9 4
cfi=(39)
cfn=(114)
calls=2 -26 
* 130
* 2
cfi=(39)
cfn=(114)
calls=1 -26 
* 125
* 6
213 2
-5 1
+1 1
-1 1
+5 1
+3 9

fl=(45)
fn=(144)
56 3
+3 2
+4 1
+22 1
+10 1
-32 2
+1 1
+21 2
+5 2
+1 1
+4 1
-4 1
-1 1
+2 1
+3 1
+4 2
+8 2
-50 1
+4 2
+35 6

fn=(196)
38 52
+3 52
-1 104
+4 104
+4 52

fn=(150)
116 2
+1 2

fl=(44)
fn=(138)
40 318
+1 53
cfi=(22)
cfn=(62)
calls=53 +16 
* 1837
* 53
fi=(423) ./string/../include/rtld-malloc.h
+15 106
cfi=(27)
cfn=(78)
calls=53 -20 
* 1590
fe=(44)
-12 106
+3 159
+1 159
-1 53
cfi=(29)
cfn=(82)
calls=53 210 
* 983

fl=(70)
fn=(226)
25 4
+1 8
+1 2

fl=(15)
fn=(34)
37 1
+2 3
+2 1
cfi=(16)
cfn=(36)
calls=1 682 
* 7344

fn=(572)
71 1
-32 3
+32 2

fl=(76)
fn=(602)
331 1
+3 2

ob=(32)
fl=(243)
fn=(3652) XFreeThreads
0 7
cob=(4)
cfi=(181)
cfn=(3654) 0x00000000052c6900
calls=1 0 
0 1009
0 5
cob=(4)
cfi=(181)
cfn=(3654)
calls=1 0 
0 117
0 5
cob=(4)
cfi=(181)
cfn=(3654)
calls=1 0 
0 117
0 4

fn=(1082)
0 12

fn=(3658)
0 9
cob=(4)
cfi=(181)
cfn=(3664) 0x00000000052c6890
calls=1 0 
0 144
0 1
cfn=(3668) 0x000000000001a7c0
calls=1 0 
0 5
0 3

fn=(1090) XInitThreads
0 19
cob=(4)
cfi=(181)
cfn=(1092) 0x00000000052c6de0
calls=1 0 
0 1146
0 6
cob=(4)
cfi=(181)
cfn=(1092)
calls=1 0 
0 192
0 6
cob=(4)
cfi=(181)
cfn=(1092)
calls=1 0 
0 192
0 8
cob=(4)
cfi=(181)
cfn=(1104) 0x00000000052c7060
calls=1 0 
0 1031
0 6
cob=(4)
cfi=(181)
cfn=(1104)
calls=1 0 
0 47
0 6
cob=(4)
cfi=(181)
cfn=(1104)
calls=1 0 
0 47
0 22

fn=(1088)
0 2
cfn=(1090)
calls=1 0 
0 2728

ob=(1)
fl=(76)
fn=(602)
350 1

fn=(264)
361 8
-76 1
-10 2
+2 2
-1 1
+6 1
+3 1
+8 1
-11 1
+1 1
-1 1
+1 1
-1 1
+1 1
+10 4
+70 6

fl=(50)
fn=(240)
186 2
58 1
186 4
+2 1
-2 1
58 1
+1 1
+11 1
192 1
+2 1
cfi=(2)
cfn=(242)
calls=1 674 
* 227222
69 2
+1 1
198 1
-1 1
+1 3

fn=(160)
204 846
58 141
204 282
+3 282
+22 141
-1 141
+1 141
58 282
235 423
cfi=(51)
cfn=(162)
calls=141 31 
* 3384
* 423
+2 423
cfi=(64)
cfn=(206)
calls=140 61 
* 592457
cfi=(2)
cfn=(164)
calls=1 641 
* 2662
69 141
+1 141
-1 141
+1 141
239 564
-25 141
+34 423
59 282
+11 423

fn=(158)
254 6
+2 1
-2 6
+2 1
cfn=(160)
calls=1 -52 
* 2728
+1 2
+1 1
+1 1
-1 1
+1 1
+2 6

fl=(43)
fn=(130)
132 139
+1 695
+5 139
+1 139
+3 87
+1 87
+2 19
+1 19
+1 19
+34 6
+1 6
+2 6
+60 68
+1 68
+12 68
+3 68
+1 68

ob=(32)
fl=(243)
fn=(3650)
0 2
cfn=(3652)
calls=1 0 
0 1264

fn=(3668)
0 4

ob=(1)
fl=(43)
fn=(130)
273 62
+1 62
+13 62
+1 62
+2 62
+3 46
+3 92
+3 46
+1 46
+1 46
+1 46
+1 46
+1 46
+1 46
-6 7642
+1 7642
+1 7642
+1 7642
+1 7642
+1 7642
+1 7642

ob=(32)
fl=(243)
fn=(3668)
0 1

ob=(1)
fl=(43)
fn=(130)
308 62
+1 62
+1 62
+1 62
+5 62
+34 52
+2 52
+1 52
+39 52
+1 52
+2 52

ob=(31)
fl=(242)
fn=(3686) 0x000000000000b670
0 5

fn=(1070)
0 9

ob=(27)
fl=(238)
fn=(3758) 0x0000000000001040
0 5

fn=(3748)
0 9
cob=(4)
cfi=(181)
cfn=(3754) 0x0000000005693030
calls=1 0 
0 144
0 1
cfn=(3758)
calls=1 0 
0 5
0 3

ob=(31)
fl=(242)
fn=(1070)
0 3

fn=(3676)
0 9
cob=(4)
cfi=(181)
cfn=(3682) 0x00000000055a6340
calls=1 0 
0 144

ob=(27)
fl=(238)
fn=(1022)
0 9

ob=(31)
fl=(242)
fn=(3676)
0 1
cfn=(3686)
calls=1 0 
0 5
0 3

ob=(27)
fl=(238)
fn=(1022)
0 3

ob=(14)
fl=(222)
fn=(4010) 0x0000000000003ad0
0 5

fn=(832)
0 12

fn=(4016)
0 5

fn=(838)
0 11
cob=(4)
cfi=(181)
cfn=(840) 0x0000000005a22520
calls=1 0 
0 6
0 25
cob=(4)
cfi=(181)
cfn=(844) 0x0000000005a22660
calls=1 0 
0 13
0 49
cob=(4)
cfi=(181)
cfn=(852) 0x0000000005a226a0
calls=6 0 
0 254
0 30

fn=(4000)
0 9
cob=(4)
cfi=(181)
cfn=(4006) 0x0000000005a224d0
calls=1 0 
0 144
0 1
cfn=(4010)
calls=1 0 
0 5
0 3

fn=(850) psx_load_syscalls
0 3

fn=(854) cap_get_bound
0 36
cob=(4)
cfi=(181)
cfn=(856) 0x0000000005a22790
calls=6 0 
0 206

fn=(846) cap_set_syscall
0 6
cob=(4)
cfi=(181)
cfn=(848) 0x0000000005a22530
calls=1 0 
0 5

ob=(4)
fl=(181)
fn=(3356)
0 4

fn=(610)
0 6
cob=(5)
cfi=(184)
cfn=(614)
calls=1 0 
0 2392
0 2

fn=(1578) 0x0000000004add300
0 2
cob=(53)
cfi=(268)
cfn=(1582) std::__timepunct<wchar_t>::_M_initialize_timepunct(__locale_struct*)
calls=1 0 
0 154
cob=(1)
cfi=(244)
cfn=(1098)
calls=1 71 
0 1065
0 5

fn=(1622) 0x0000000004adf050
0 2
cob=(53)
cfi=(268)
cfn=(1626) std::moneypunct<char, true>::_M_initialize_moneypunct(__locale_struct*, char const*)
calls=1 0 
0 115
cob=(1)
cfi=(244)
cfn=(1098)
calls=1 71 
0 1061
0 5

fn=(1136)
0 6
cob=(5)
cfi=(184)
cfn=(614)
calls=1 0 
0 5
0 2

fn=(1016)
0 6
cob=(5)
cfi=(184)
cfn=(614)
calls=1 0 
0 5
0 2

fn=(1028)
0 6
cob=(5)
cfi=(184)
cfn=(614)
calls=1 0 
0 5
0 2

fn=(1544)
0 98
cob=(2)
cfi=(281)
cfn=(1546)
calls=49 73 
0 1048

fn=(1560) 0x0000000004addd70
0 2
cob=(53)
cfi=(268)
cfn=(1564) std::__cxx11::moneypunct<wchar_t, false>::_M_initialize_moneypunct(__locale_struct*, char const*)
calls=1 0 
0 109
cob=(1)
cfi=(244)
cfn=(1098)
calls=1 71 
0 1125
0 5

fn=(860)
0 6
cob=(5)
cfi=(184)
cfn=(614)
calls=1 0 
0 5
0 2

fn=(716)
0 2
cob=(2)
cfi=(209)
cfn=(718)
calls=1 319 
0 450

fn=(730)
0 14
cob=(2)
cfi=(186)
cfn=(732)
calls=7 3294 
0 992

fn=(1712) 0x0000000004addc70
0 2
cob=(53)
cfi=(268)
cfn=(1716) std::messages<wchar_t>::messages(unsigned long)
calls=1 0 
0 51
cob=(1)
cfi=(244)
cfn=(1098)
calls=1 71 
0 756
0 5

fn=(1782) 0x0000000004addb50
0 8
cob=(53)
cfi=(268)
cfn=(1786) std::basic_ios<wchar_t, std::char_traits<wchar_t> >::init(std::basic_streambuf<wchar_t, std::char_traits<wchar_t> >*)
calls=4 0 
0 1765
cob=(1)
cfi=(244)
cfn=(1098)
calls=1 71 
0 1080
0 5

fn=(2136)
0 4
cob=(2)
cfi=(214)
cfn=(2138)
calls=2 242 
0 28

fn=(2490)
0 26
cob=(1)
cfi=(46)
cfn=(2492)
calls=13 626 
0 59488

fn=(1492) 0x0000000004adb630
0 2
cob=(53)
cfi=(268)
cfn=(1496) std::__cxx11::messages<char>::messages(unsigned long)
calls=1 0 
0 51
cob=(1)
cfi=(244)
cfn=(1098)
calls=1 71 
0 788
0 5

fn=(1510) 0x0000000004ade000
0 4
cob=(2)
cfi=(275)
cfn=(1514)
calls=2 30 
0 44
cob=(1)
cfi=(244)
cfn=(1098)
calls=1 71 
0 857
0 5

fn=(1516) 0x0000000004add040
0 256
cob=(2)
cfi=(276)
cfn=(1520)
calls=128 30 
0 3200
cob=(1)
cfi=(244)
cfn=(1098)
calls=1 71 
0 945
0 5

fn=(1208)
0 6
cob=(5)
cfi=(184)
cfn=(614)
calls=1 0 
0 5
0 2

fn=(2578)
0 2
cob=(2)
cfi=(364)
cfn=(2580)
calls=1 61 
0 19

fn=(2600) 0x0000000004adef80
0 2
cob=(53)
cfi=(268)
cfn=(2604) std::__basic_file<char>::__basic_file(pthread_mutex_t*)
calls=1 0 
0 4
cob=(1)
cfi=(244)
cfn=(1098)
calls=1 71 
0 903
0 5

fn=(2610) 0x0000000004ade4f0
0 12
cob=(53)
cfi=(268)
cfn=(2614) std::__basic_file<char>::is_open() const
calls=6 0 
0 24
cob=(1)
cfi=(244)
cfn=(1098)
calls=1 71 
0 827
0 5

fn=(2762) 0x0000000004adce60
0 2
cob=(53)
cfi=(268)
cfn=(2766) std::basic_filebuf<char, std::char_traits<char> >::_M_destroy_internal_buffer()
calls=1 0 
0 213
cob=(1)
cfi=(244)
cfn=(1098)
calls=1 71 
0 1070
0 5

fn=(2768) 0x0000000004adb230
0 2
cob=(53)
cfi=(268)
cfn=(2770) operator delete[](void*)
calls=1 0 
0 187

fn=(3010) 0x0000000004add140
0 30
cob=(1)
cfi=(379)
cfn=(3014)
calls=15 29 
0 180
cob=(1)
cfi=(244)
cfn=(1098)
calls=1 71 
0 1735
0 5

fn=(3500)
0 4

fn=(3544) 0x000000000547d2e0
0 2
cob=(2)
cfi=(391)
cfn=(3104)
calls=1 30 
0 142

fn=(3620) 0x00000000055587a0
0 2
cob=(2)
cfi=(391)
cfn=(3104)
calls=1 30 
0 142

fn=(3664)
0 2
cob=(2)
cfi=(391)
cfn=(3104)
calls=1 30 
0 142

fn=(3782)
0 4

fn=(3826)
0 2
cob=(2)
cfi=(391)
cfn=(3104)
calls=1 30 
0 142

fn=(3944)
0 4

fn=(4092)
0 4

fn=(3300)
0 4

fn=(3328)
0 2
cob=(2)
cfi=(391)
cfn=(3104)
calls=1 30 
0 142

fn=(1996)
0 6
cob=(5)
cfi=(184)
cfn=(614)
calls=1 0 
0 5
0 2

fn=(1040)
0 6
cob=(5)
cfi=(184)
cfn=(614)
calls=1 0 
0 5
0 2

fn=(1370) 0x0000000004adc8d0
0 52
cob=(53)
cfi=(268)
cfn=(1374) std::locale::locale()
calls=26 0 
0 76200
cob=(1)
cfi=(244)
cfn=(1098)
calls=1 71 
0 717
0 5

fn=(956)
0 6
cob=(5)
cfi=(184)
cfn=(614)
calls=1 0 
0 5
0 2

fn=(968)
0 6
cob=(5)
cfi=(184)
cfn=(614)
calls=1 0 
0 5
0 2

fn=(980)
0 6
cob=(5)
cfi=(184)
cfn=(614)
calls=1 0 
0 5
0 2

fn=(992)
0 6
cob=(5)
cfi=(184)
cfn=(614)
calls=1 0 
0 5
0 2

fn=(1004)
0 6
cob=(5)
cfi=(184)
cfn=(614)
calls=1 0 
0 5
0 2

fn=(844)
0 2
cob=(14)
cfi=(222)
cfn=(846)
calls=1 0 
0 11

fn=(690)
0 6
cob=(5)
cfi=(184)
cfn=(614)
calls=1 0 
0 5
0 2

fn=(1688) 0x0000000004ade280
0 2
cob=(53)
cfi=(268)
cfn=(1692) std::moneypunct<wchar_t, true>::_M_initialize_moneypunct(__locale_struct*, char const*)
calls=1 0 
0 109
cob=(1)
cfi=(244)
cfn=(1098)
calls=1 71 
0 1053
0 5

fn=(1304)
0 6
cob=(5)
cfi=(184)
cfn=(614)
calls=1 0 
0 5
0 2

fn=(1256)
0 6
cob=(5)
cfi=(184)
cfn=(614)
calls=1 0 
0 5
0 2

fn=(1196)
0 6
cob=(5)
cfi=(184)
cfn=(614)
calls=1 0 
0 5
0 2

fn=(3244) 0x0000000004adc970
0 4
cob=(53)
cfi=(268)
cfn=(3002)
calls=2 0 
0 66
cob=(1)
cfi=(244)
cfn=(1098)
calls=1 71 
0 771
0 5

fn=(3428)
0 4

fn=(3472)
0 2
cob=(2)
cfi=(391)
cfn=(3104)
calls=1 30 
0 142

fn=(3590)
0 4

fn=(3654)
0 6
cob=(2)
cfi=(186)
cfn=(2194)
calls=3 3359 
0 345
cob=(1)
cfi=(244)
cfn=(1098)
calls=1 71 
0 887
0 5

fn=(3710)
0 4

fn=(3754)
0 2
cob=(2)
cfi=(391)
cfn=(3104)
calls=1 30 
0 142

fn=(3872)
0 4

fn=(3916)
0 2
cob=(2)
cfi=(391)
cfn=(3104)
calls=1 30 
0 142

fn=(3988) 0x0000000004cc8220
0 2
cob=(2)
cfi=(391)
cfn=(3104)
calls=1 30 
0 142

fn=(4020)
0 4

fn=(4064) 0x0000000005b99210
0 2
cob=(2)
cfi=(391)
cfn=(3104)
calls=1 30 
0 142

fn=(4134)
0 2
cob=(2)
cfi=(345)
cfn=(2494)
calls=1 77 
0 36

fn=(3374)
0 4

fn=(1566) 0x0000000004adc060
0 2
cob=(53)
cfi=(268)
cfn=(1570) std::__cxx11::moneypunct<wchar_t, true>::_M_initialize_moneypunct(__locale_struct*, char const*)
calls=1 0 
0 109
cob=(1)
cfi=(244)
cfn=(1098)
calls=1 71 
0 1093
0 5

fn=(1572) 0x0000000004ade3b0
0 2
cob=(53)
cfi=(268)
cfn=(1576) std::__timepunct<wchar_t>::__timepunct(std::__timepunct_cache<wchar_t>*, unsigned long)
calls=1 0 
0 1255
cob=(1)
cfi=(244)
cfn=(1098)
calls=1 71 
0 928
0 5

fn=(1160)
0 6
cob=(5)
cfi=(184)
cfn=(614)
calls=1 0 
0 5
0 2

fn=(1172)
0 6
cob=(5)
cfi=(184)
cfn=(614)
calls=1 0 
0 5
0 2

fn=(1430) 0x0000000004add490
0 2
cob=(2)
cfi=(271)
cfn=(1434)
calls=1 43 
0 40
cob=(1)
cfi=(244)
cfn=(1098)
calls=1 71 
0 893
0 5

fn=(852)
0 12
cob=(14)
cfi=(222)
cfn=(854)
calls=6 0 
0 242

fn=(758)
0 6
cob=(5)
cfi=(184)
cfn=(614)
calls=1 0 
0 5
0 2

fn=(770)
0 6
cob=(5)
cfi=(184)
cfn=(614)
calls=1 0 
0 5
0 2

fn=(782)
0 6
cob=(5)
cfi=(184)
cfn=(614)
calls=1 0 
0 5
0 2

fn=(586)
0 46
cob=(1)
cfi=(11)
cfn=(28)
calls=23 387 
0 541

fn=(684)
0 2
cob=(2)
cfi=(205)
cfn=(686)
calls=1 53 
0 22

fn=(1758) 0x0000000004ade780
0 20
cob=(53)
cfi=(268)
cfn=(1762) std::ios_base::_M_init()
calls=10 0 
0 2514
cob=(1)
cfi=(244)
cfn=(1098)
calls=1 71 
0 765
0 5

fn=(1770) 0x0000000004addea0
0 22
cob=(53)
cfi=(268)
cfn=(1774)
calls=11 0 
0 132
cob=(1)
cfi=(244)
cfn=(1098)
calls=1 71 
0 749
0 5

fn=(2034)
0 2
cob=(1)
cfi=(48)
cfn=(2036)
calls=1 118 
0 5

fn=(2352) 0x0000000004adc430
0 766
cob=(53)
cfi=(268)
cfn=(2356) operator delete(void*)
calls=383 0 
0 42751
cob=(1)
cfi=(244)
cfn=(1098)
calls=1 71 
0 649
0 5

fn=(2014)
0 6
cob=(5)
cfi=(184)
cfn=(614)
calls=1 0 
0 5
0 2

fn=(1504) 0x0000000004adca90
0 2
cob=(53)
cfi=(268)
cfn=(1508) std::ctype<wchar_t>::_M_initialize_ctype()
calls=1 0 
0 25715
cob=(1)
cfi=(244)
cfn=(1098)
calls=1 71 
0 837
0 5

fn=(1340)
0 6
cob=(5)
cfi=(184)
cfn=(614)
calls=1 0 
0 5
0 2

fn=(1450) 0x0000000004adc800
0 186
cob=(53)
cfi=(268)
cfn=(1454) std::locale::id::_M_id() const
calls=93 0 
0 990
cob=(1)
cfi=(244)
cfn=(1098)
calls=1 71 
0 757
0 5

fn=(2542) 0x0000000004ade490
0 26
cob=(2)
cfi=(356)
cfn=(2546)
calls=13 625 
0 3633
cob=(1)
cfi=(244)
cfn=(1098)
calls=1 71 
0 926
0 5

fn=(2640) 0x0000000004adb2a0
0 2
cob=(53)
cfi=(268)
cfn=(2448)
calls=1 0 
0 208

fn=(2686) 0x0000000004adc1e0
0 16
cob=(2)
cfi=(321)
cfn=(2204)
calls=8 25 
0 456
cob=(1)
cfi=(244)
cfn=(1098)
calls=1 71 
0 828
0 5

fn=(2694) 0x0000000004add6a0
0 756
cob=(53)
cfi=(268)
cfn=(2698)
calls=378 0 
0 55420
cob=(1)
cfi=(244)
cfn=(1098)
calls=1 71 
0 1066
0 5

fn=(2852) 0x0000000004adcde0
0 2
cob=(2)
cfi=(369)
cfn=(2856)
calls=1 102 
0 349
cob=(1)
cfi=(244)
cfn=(1098)
calls=1 71 
0 1140
0 5

fn=(2858)
0 2
cob=(1)
cfi=(370)
cfn=(2860)
calls=1 214 
0 31

fn=(3164)
0 2
cob=(2)
cfi=(391)
cfn=(3104)
calls=1 30 
0 142

fn=(3400)
0 2
cob=(2)
cfi=(391)
cfn=(3104)
calls=1 30 
0 142

fn=(3518)
0 4

fn=(3562) 0x00000000054c5270
0 2
cob=(2)
cfi=(391)
cfn=(3104)
calls=1 30 
0 142

fn=(3638)
0 2
cob=(2)
cfi=(391)
cfn=(3104)
calls=1 30 
0 142

fn=(3682)
0 2
cob=(2)
cfi=(391)
cfn=(3104)
calls=1 30 
0 142

fn=(3800)
0 4

fn=(3844)
0 2
cob=(2)
cfi=(391)
cfn=(3104)
calls=1 30 
0 142

fn=(4110)
0 4

fn=(4152)
0 2
cob=(2)
cfi=(332)
cfn=(2394)
calls=1 367 
0 26

fn=(3248) 0x0000000004ade980
0 6
cob=(53)
cfi=(268)
cfn=(3252) std::basic_ostream<wchar_t, std::char_traits<wchar_t> >::flush()
calls=3 0 
0 1672
cob=(1)
cfi=(244)
cfn=(1098)
calls=1 71 
0 922
0 5

fn=(3249) 0x0000000004ade980'2
0 2
cob=(53)
cfi=(268)
cfn=(3253) std::basic_ostream<wchar_t, std::char_traits<wchar_t> >::flush()'2
calls=1 0 
0 142

fn=(3270)
0 4

fn=(3346)
0 2
cob=(2)
cfi=(391)
cfn=(3104)
calls=1 30 
0 142

fn=(1610) 0x0000000004adba50
0 2
cob=(53)
cfi=(268)
cfn=(1614) std::moneypunct<char, false>::_M_initialize_moneypunct(__locale_struct*, char const*)
calls=1 0 
0 114
cob=(1)
cfi=(244)
cfn=(1098)
calls=1 71 
0 1045
0 5

fn=(1124)
0 6
cob=(5)
cfi=(184)
cfn=(614)
calls=1 0 
0 5
0 2

fn=(1398) 0x0000000004adb7a0
0 2
cob=(53)
cfi=(268)
cfn=(1402) std::ctype<char>::ctype(unsigned short const*, bool, unsigned long)
calls=1 0 
0 4162
cob=(1)
cfi=(244)
cfn=(1098)
calls=1 71 
0 745
0 5

fn=(1548) 0x0000000004adc5a0
0 2
cob=(53)
cfi=(268)
cfn=(1552) std::codecvt<wchar_t, char, __mbstate_t>::codecvt(unsigned long)
calls=1 0 
0 44
cob=(1)
cfi=(244)
cfn=(1098)
calls=1 71 
0 825
0 5

fn=(932)
0 6
cob=(5)
cfi=(184)
cfn=(614)
calls=1 0 
0 5
0 2

fn=(856)
0 12
cob=(2)
cfi=(224)
cfn=(858)
calls=6 30 
0 194

fn=(702)
0 6
cob=(5)
cfi=(184)
cfn=(614)
calls=1 0 
0 5
0 2

fn=(1824) 0x0000000004adc560
0 2
cob=(53)
cfi=(268)
cfn=(1828) std::future_category()
calls=1 0 
0 3
cob=(1)
cfi=(244)
cfn=(1098)
calls=1 71 
0 783
0 5

fn=(2316) 0x0000000004adf150
0 454
cob=(53)
cfi=(268)
cfn=(2320) std::__cxx11::basic_string<char, std::char_traits<char>, std::allocator<char> >::_M_mutate(unsigned long, unsigned long, char const*, unsigned long)
calls=227 0 
0 43235
cob=(1)
cfi=(244)
cfn=(1098)
calls=1 71 
0 1056
0 5

fn=(1498) 0x0000000004adbb70
0 2
cob=(53)
cfi=(268)
cfn=(1502) std::ctype<wchar_t>::ctype(unsigned long)
calls=1 0 
0 26605
cob=(1)
cfi=(244)
cfn=(1098)
calls=1 71 
0 729
0 5

fn=(2634) 0x0000000004adbdc0
0 2
cob=(53)
cfi=(268)
cfn=(2638) std::basic_filebuf<char, std::char_traits<char> >::_M_allocate_internal_buffer()
calls=1 0 
0 228
cob=(1)
cfi=(244)
cfn=(1098)
calls=1 71 
0 1050
0 5

fn=(2658) 0x0000000004adeab0
0 786
cob=(53)
cfi=(268)
cfn=(2662) std::istream::sentry::sentry(std::istream&, bool)
calls=393 0 
0 11397
cob=(1)
cfi=(244)
cfn=(1098)
calls=1 71 
0 750
0 5

fn=(3102)
0 1
cob=(2)
cfi=(391)
cfn=(3104)
calls=1 30 
0 117761

fn=(3214) 0x0000000004add8a0
0 6
cob=(53)
cfi=(268)
cfn=(3218) std::ostream::flush()
calls=3 0 
0 3230
cob=(1)
cfi=(244)
cfn=(1098)
calls=1 71 
0 730
0 5

fn=(3215) 0x0000000004add8a0'2
0 2
cob=(53)
cfi=(268)
cfn=(3219) std::ostream::flush()'2
calls=1 0 
0 142

fn=(3220) 0x0000000004adf360
0 6
cob=(53)
cfi=(268)
cfn=(3224) std::ostream::sentry::sentry(std::ostream&)
calls=3 0 
0 219
cob=(1)
cfi=(244)
cfn=(1098)
calls=1 71 
0 758
0 5

fn=(3221) 0x0000000004adf360'2
0 2
cob=(53)
cfi=(268)
cfn=(3225) std::ostream::sentry::sentry(std::ostream&)'2
calls=1 0 
0 22

fn=(3446)
0 4

fn=(3490) 0x000000000543e3c0
0 2
cob=(2)
cfi=(391)
cfn=(3104)
calls=1 30 
0 142

fn=(3728)
0 4

fn=(3772) 0x00000000056adf30
0 2
cob=(2)
cfi=(391)
cfn=(3104)
calls=1 30 
0 142

fn=(3890)
0 4

fn=(3934)
0 2
cob=(2)
cfi=(391)
cfn=(3104)
calls=1 30 
0 142

fn=(3962)
0 4

fn=(4006)
0 2
cob=(2)
cfi=(391)
cfn=(3104)
calls=1 30 
0 142

fn=(4038)
0 4

fn=(4082)
0 2
cob=(2)
cfi=(391)
cfn=(3104)
calls=1 30 
0 142

fn=(4168)
0 4

fn=(3290) 0x0000000004da53c0
0 2
cob=(2)
cfi=(391)
cfn=(3104)
calls=1 30 
0 142

fn=(1092)
0 6
cob=(2)
cfi=(186)
cfn=(732)
calls=3 3294 
0 570
cob=(1)
cfi=(244)
cfn=(1098)
calls=1 71 
0 949
0 5

fn=(1316)
0 6
cob=(5)
cfi=(184)
cfn=(614)
calls=1 0 
0 5
0 2

fn=(1532) 0x0000000004adcf00
0 24
cob=(53)
cfi=(268)
cfn=(1536) std::ctype<wchar_t>::_M_convert_to_wmask(unsigned short) const
calls=12 0 
0 4304
cob=(1)
cfi=(244)
cfn=(1098)
calls=1 71 
0 857
0 5

fn=(1538) 0x0000000004adc580
0 20
cob=(2)
cfi=(280)
cfn=(1542)
calls=10 26 
0 3300
cob=(1)
cfi=(244)
cfn=(1098)
calls=1 71 
0 833
0 5

fn=(848)
0 2
cob=(14)
cfi=(222)
cfn=(850)
calls=1 0 
0 3

fn=(738)
0 350
cob=(2)
cfi=(214)
cfn=(740)
calls=175 249 
0 3158

fn=(746)
0 2
cob=(2)
cfi=(215)
cfn=(748)
calls=1 206 
0 20

ob=(43)
fl=(258)
fn=(3458) 0x00000000000047f0
0 5

fn=(1238)
0 12

fn=(3448)
0 9
cob=(4)
cfi=(181)
cfn=(3454) 0x00000000053ee310
calls=1 0 
0 144
0 1
cfn=(3458)
calls=1 0 
0 5
0 3

ob=(34)
fl=(249)
fn=(3624) 0x000000000000cf40
0 5

fn=(1130)
0 12

fn=(3614)
0 9
cob=(4)
cfi=(181)
cfn=(3620)
calls=1 0 
0 144
0 1
cfn=(3624)
calls=1 0 
0 5
0 3

ob=(11)
fl=(219)
fn=(788)
0 12

fn=(4058)
0 9
cob=(4)
cfi=(181)
cfn=(4064)
calls=1 0 
0 144
0 1
cfn=(4068) 0x00000000000034b0
calls=1 0 
0 5
0 3

fn=(794)
0 19

fn=(4068)
0 5

ob=(3)
fl=(154)
fn=(482)
27 1
fi=(155) ./math/../sysdeps/x86_64/fpu/multiarch/ifunc-fma4.h
+4 4
+1 2
fe=(154)
-5 1

fl=(166)
fn=(532)
26 3
fi=(147) ./math/../sysdeps/x86_64/fpu/multiarch/ifunc-avx-fma4.h
+6 15
+1 6
fe=(166)
-7 3

fl=(225)
fn=(3992) 0x0000000000010430
0 5

fn=(866)
0 12

fn=(3982)
0 9
cob=(4)
cfi=(181)
cfn=(3988)
calls=1 0 
0 144
0 1
cfn=(3992)
calls=1 0 
0 5
0 3

fl=(160)
fn=(502)
26 2
fi=(145) ./math/../sysdeps/x86_64/fpu/multiarch/ifunc-fma.h
+3 8
+1 6
fe=(160)
-4 2

fl=(152)
fn=(474)
26 3
fi=(145)
+3 12
+1 9
fe=(152)
-4 3

fl=(153)
fn=(478)
30 3
fi=(145)
-1 12
+1 12
fe=(153)

fl=(164)
fn=(520)
26 1
fi=(147)
+6 5
+1 2
fe=(164)
-7 1

fl=(159)
fn=(508)
27 1
fi=(155)
+4 4
+1 2
fe=(159)
-5 1

fn=(498)
35 1
fi=(155)
-4 4
+1 2
+3 1
fe=(159)

fl=(151)
fn=(470)
27 1
fi=(145)
+2 4
+1 3
fe=(151)
-3 1

fl=(150)
fn=(466)
27 2
fi=(145)
+2 8
+1 6
fe=(150)
-3 2

fl=(162)
fn=(512)
26 1
fi=(145)
+3 4
+1 3
fe=(162)
-4 1

fl=(167)
fn=(536)
26 2
fi=(147)
+6 10
+1 4
fe=(167)
-7 2

fl=(157)
fn=(490)
26 1
fi=(145)
+3 4
fe=(157)

ob=(4)
fl=(181)
fn=(1738) 0x0000000004adb780
0 2
cob=(53)
cfi=(268)
cfn=(1742) std::locale::locale(std::locale::_Impl*)
calls=1 0 
0 3
cob=(1)
cfi=(244)
cfn=(1098)
calls=1 71 
0 777
0 5

fn=(1752) 0x0000000004ade6e0
0 8
cob=(53)
cfi=(268)
cfn=(1756)
calls=4 0 
0 4031
cob=(1)
cfi=(244)
cfn=(1098)
calls=1 71 
0 1068
0 5

fn=(1764) 0x0000000004add9c0
0 20
cob=(53)
cfi=(268)
cfn=(1768) std::locale::operator=(std::locale const&)
calls=10 0 
0 230
cob=(1)
cfi=(244)
cfn=(1098)
calls=1 71 
0 737
0 5

fn=(1788) 0x0000000004adf270
0 8
cob=(53)
cfi=(268)
cfn=(1792) std::basic_ios<wchar_t, std::char_traits<wchar_t> >::_M_cache_locale(std::locale const&)
calls=4 0 
0 224
cob=(1)
cfi=(244)
cfn=(1098)
calls=1 71 
0 1028
0 5

fn=(1852) 0x0000000004adc210
0 770
cob=(2)
cfi=(186)
cfn=(732)
calls=385 3294 
0 38699
cob=(1)
cfi=(244)
cfn=(1098)
calls=1 71 
0 944
0 5

fn=(2064)
0 6
cob=(2)
cfi=(295)
cfn=(2066)
calls=3 53 
0 63

fn=(1328)
0 6
cob=(5)
cfi=(184)
cfn=(614)
calls=1 0 
0 5
0 2

fn=(2628) 0x0000000004adc220
0 2
cob=(2)
cfi=(314)
cfn=(2160)
calls=1 85 
0 528
cob=(1)
cfi=(244)
cfn=(1098)
calls=1 71 
0 843
0 5

fn=(3182) 0x0000000004adb2b0
0 2
cob=(2)
cfi=(391)
cfn=(3104)
calls=1 30 
0 7845

fn=(3418)
0 2
cob=(2)
cfi=(391)
cfn=(3104)
calls=1 30 
0 142

fn=(3536)
0 4

fn=(3580) 0x00000000054632d0
0 2
cob=(2)
cfi=(391)
cfn=(3104)
calls=1 30 
0 142

fn=(3612)
0 4

fn=(3700)
0 2
cob=(2)
cfi=(391)
cfn=(3104)
calls=1 30 
0 142

fn=(3818)
0 4

fn=(3862) 0x00000000057ab410
0 2
cob=(2)
cfi=(391)
cfn=(3104)
calls=1 30 
0 142

fn=(3320)
0 4

fn=(3364) 0x0000000005400340
0 2
cob=(2)
cfi=(391)
cfn=(3104)
calls=1 30 
0 142

fn=(1362) 0x0000000004ade040
0 2
cob=(53)
cfi=(268)
cfn=(1368) std::ios_base::Init::Init()
calls=1 0 
0 85918
cob=(1)
cfi=(244)
cfn=(1098)
calls=1 71 
0 761
0 5

fn=(1584) 0x0000000004adbca0
0 2
cob=(53)
cfi=(268)
cfn=(1588) std::__cxx11::messages<wchar_t>::messages(unsigned long)
calls=1 0 
0 51
cob=(1)
cfi=(244)
cfn=(1098)
calls=1 71 
0 788
0 5

fn=(1386) 0x0000000004adc410
0 2
cob=(53)
cfi=(268)
cfn=(1390) std::locale::_Impl::_Impl(unsigned long)
calls=1 0 
0 73724
cob=(1)
cfi=(244)
cfn=(1098)
calls=1 71 
0 745
0 5

fn=(872)
0 6
cob=(5)
cfi=(184)
cfn=(614)
calls=1 0 
0 5
0 2

fn=(840)
0 2
cob=(2)
cfi=(223)
cfn=(842)
calls=1 25 
0 4

fn=(1776) 0x0000000004ade920
0 12
cob=(53)
cfi=(268)
cfn=(1780) std::basic_ios<char, std::char_traits<char> >::_M_cache_locale(std::locale const&)
calls=6 0 
0 336
cob=(1)
cfi=(244)
cfn=(1098)
calls=1 71 
0 1028
0 5

fn=(1796) 0x0000000004adc620
0 22
cob=(2)
cfi=(201)
cfn=(668)
calls=11 67 
0 836
cob=(1)
cfi=(244)
cfn=(1098)
calls=1 71 
0 988
0 5

fn=(1808) 0x0000000004add0c0
0 4
cob=(53)
cfi=(268)
cfn=(1812) std::error_category::error_category()
calls=2 0 
0 10
cob=(1)
cfi=(244)
cfn=(1098)
calls=1 71 
0 787
0 5

fn=(2408) 0x0000000004adb9f0
0 4
cob=(2)
cfi=(186)
cfn=(2412)
calls=2 5786 
0 991
cob=(1)
cfi=(244)
cfn=(1098)
calls=1 71 
0 894
0 5

fn=(620)
0 4
cob=(2)
cfi=(186)
cfn=(622)
calls=2 3699 
0 2174

fn=(1474) 0x0000000004ade530
0 2
cob=(53)
cfi=(268)
cfn=(1478) std::__cxx11::moneypunct<char, true>::_M_initialize_moneypunct(__locale_struct*, char const*)
calls=1 0 
0 115
cob=(1)
cfi=(244)
cfn=(1098)
calls=1 71 
0 1109
0 5

fn=(1076)
0 6
cob=(5)
cfi=(184)
cfn=(614)
calls=1 0 
0 5
0 2

fn=(1244)
0 6
cob=(5)
cfi=(184)
cfn=(614)
calls=1 0 
0 5
0 2

fn=(2566) 0x0000000004ade260
0 2
cob=(2)
cfi=(361)
cfn=(2570)
calls=1 215 
0 418
cob=(1)
cfi=(244)
cfn=(1098)
calls=1 71 
0 846
0 5

fn=(2674) 0x0000000004adc0d0
0 16
cob=(53)
cfi=(268)
cfn=(2678) std::__basic_file<char>::fd()
calls=8 0 
0 961
cob=(1)
cfi=(244)
cfn=(1098)
calls=1 71 
0 799
0 5

fn=(2680) 0x0000000004adb5c0
0 16
cob=(2)
cfi=(366)
cfn=(2684)
calls=8 32 
0 56
cob=(1)
cfi=(244)
cfn=(1098)
calls=1 71 
0 860
0 5

fn=(2690) 0x0000000004adbbd0
0 1512
cob=(2)
cfi=(364)
cfn=(2580)
calls=756 61 
0 16749
cob=(1)
cfi=(244)
cfn=(1098)
calls=1 71 
0 873
0 5

fn=(2720) 0x0000000004adee20
0 2
cob=(53)
cfi=(268)
cfn=(2644)
calls=1 0 
0 7
cob=(1)
cfi=(244)
cfn=(1098)
calls=1 71 
0 982
0 5

fn=(2932) 0x0000000004adcd60
0 4
cob=(53)
cfi=(268)
cfn=(2936) operator delete(void*, std::align_val_t)
calls=2 0 
0 178
cob=(1)
cfi=(244)
cfn=(1098)
calls=1 71 
0 771
0 5

fn=(3076) 0x0000000004adb620
0 26
cob=(2)
cfi=(388)
cfn=(3080)
calls=13 42 
0 260
cob=(1)
cfi=(244)
cfn=(1098)
calls=1 71 
0 1163
0 5

fn=(3146)
0 2
cob=(2)
cfi=(391)
cfn=(3104)
calls=1 30 
0 142

fn=(3204) 0x0000000004add320
0 4
cob=(53)
cfi=(268)
cfn=(3208) std::error_category::~error_category()
calls=2 0 
0 4
cob=(1)
cfi=(244)
cfn=(1098)
calls=1 71 
0 809
0 5

fn=(3464)
0 4

fn=(3508)
0 2
cob=(2)
cfi=(391)
cfn=(3104)
calls=1 30 
0 142

fn=(3746)
0 4

fn=(3790)
0 2
cob=(2)
cfi=(391)
cfn=(3104)
calls=1 30 
0 142

fn=(3908)
0 4

fn=(3980)
0 4

fn=(4056)
0 4

fn=(4100)
0 2
cob=(2)
cfi=(391)
cfn=(3104)
calls=1 30 
0 142

fn=(4186)
0 4

fn=(3254) 0x0000000004add340
0 6
cob=(53)
cfi=(268)
cfn=(3258) std::basic_ostream<wchar_t, std::char_traits<wchar_t> >::sentry::sentry(std::basic_ostream<wchar_t, std::char_traits<wchar_t> >&)
calls=3 0 
0 219
cob=(1)
cfi=(244)
cfn=(1098)
calls=1 71 
0 966
0 5

fn=(3255) 0x0000000004add340'2
0 2
cob=(53)
cfi=(268)
cfn=(3259) std::basic_ostream<wchar_t, std::char_traits<wchar_t> >::sentry::sentry(std::basic_ostream<wchar_t, std::char_traits<wchar_t> >&)'2
calls=1 0 
0 22

fn=(1592) 0x0000000004adc750
0 2
cob=(53)
cfi=(268)
cfn=(1596) std::numpunct<char>::_M_initialize_numpunct(__locale_struct*)
calls=1 0 
0 417
cob=(1)
cfi=(244)
cfn=(1098)
calls=1 71 
0 973
0 5

fn=(1646) 0x0000000004adf510
0 2
cob=(53)
cfi=(268)
cfn=(1650) std::messages<char>::messages(unsigned long)
calls=1 0 
0 51
cob=(1)
cfi=(244)
cfn=(1098)
calls=1 71 
0 756
0 5

fn=(1052)
0 6
cob=(5)
cfi=(184)
cfn=(614)
calls=1 0 
0 5
0 2

fn=(1392) 0x0000000004adc3e0
0 14
cob=(53)
cfi=(268)
cfn=(1396) std::locale::facet::_S_get_c_name()
calls=7 0 
0 21
cob=(1)
cfi=(244)
cfn=(1098)
calls=1 71 
0 855
0 5

fn=(726)
0 190
cob=(2)
cfi=(212)
cfn=(728)
calls=95 52 
0 1346

fn=(1658) 0x0000000004add0a0
0 2
cob=(53)
cfi=(268)
cfn=(1662) std::numpunct<wchar_t>::_M_initialize_numpunct(__locale_struct*)
calls=1 0 
0 353
cob=(1)
cfi=(244)
cfn=(1098)
calls=1 71 
0 981
0 5

fn=(1834) 0x0000000004adccb0
0 2
cob=(2)
cfi=(282)
cfn=(1838)
calls=1 28 
0 632
cob=(1)
cfi=(244)
cfn=(1098)
calls=1 71 
0 999
0 5

fn=(2192)
0 66
cob=(2)
cfi=(186)
cfn=(2194)
calls=33 3359 
0 614

fn=(2472) 0x0000000004adcb60
0 26
cob=(2)
cfi=(338)
cfn=(2476)
calls=13 626 
0 66618
cob=(1)
cfi=(244)
cfn=(1098)
calls=1 71 
0 1001
0 5

fn=(1486) 0x0000000004addec0
0 2
cob=(53)
cfi=(268)
cfn=(1490) std::__timepunct<char>::_M_initialize_timepunct(__locale_struct*)
calls=1 0 
0 157
cob=(1)
cfi=(244)
cfn=(1098)
calls=1 71 
0 1005
0 5

fn=(1292)
0 6
cob=(5)
cfi=(184)
cfn=(614)
calls=1 0 
0 5
0 2

fn=(1280)
0 6
cob=(5)
cfi=(184)
cfn=(614)
calls=1 0 
0 5
0 2

fn=(1268)
0 6
cob=(5)
cfi=(184)
cfn=(614)
calls=1 0 
0 5
0 2

fn=(1104)
0 6
cob=(2)
cfi=(246)
cfn=(1108)
calls=3 53 
0 135
cob=(1)
cfi=(244)
cfn=(1098)
calls=1 71 
0 979
0 5

fn=(1220)
0 6
cob=(5)
cfi=(184)
cfn=(614)
calls=1 0 
0 5
0 2

fn=(2650) 0x0000000004ade620
0 758
cob=(2)
cfi=(281)
cfn=(1546)
calls=379 73 
0 3827
cob=(1)
cfi=(244)
cfn=(1098)
calls=1 71 
0 850
0 5

fn=(2668) 0x0000000004add010
0 16
cob=(53)
cfi=(268)
cfn=(2672) std::__basic_file<char>::xsgetn(char*, long)
calls=8 0 
0 3302
cob=(1)
cfi=(244)
cfn=(1098)
calls=1 71 
0 827
0 5

fn=(2772) 0x0000000004adea20
0 4
cob=(53)
cfi=(268)
cfn=(2776) std::__basic_file<char>::close()
calls=2 0 
0 1350
cob=(1)
cfi=(244)
cfn=(1098)
calls=1 71 
0 815
0 5

fn=(2778) 0x0000000004ade7b0
0 2
cob=(2)
cfi=(325)
cfn=(2228)
calls=1 34 
0 434
cob=(1)
cfi=(244)
cfn=(1098)
calls=1 71 
0 864
0 5

fn=(3004) 0x0000000004adde80
0 30
cob=(53)
cfi=(268)
cfn=(3008) __cxa_get_globals
calls=15 0 
0 2070
cob=(1)
cfi=(244)
cfn=(1098)
calls=1 71 
0 739
0 5

fn=(3156)
0 4

fn=(3392)
0 4

fn=(3436)
0 2
cob=(2)
cfi=(391)
cfn=(3104)
calls=1 30 
0 142

fn=(3554)
0 4

fn=(3630)
0 4

fn=(3674)
0 4

fn=(3718) 0x0000000005600240
0 2
cob=(2)
cfi=(391)
cfn=(3104)
calls=1 30 
0 142

fn=(3836)
0 4

fn=(3880) 0x000000000584b070
0 2
cob=(2)
cfi=(391)
cfn=(3104)
calls=1 30 
0 142

fn=(3952) 0x00000000059501e8
0 1
cob=(2)
cfi=(391)
cfn=(3104)
calls=1 30 
0 142

fn=(4028) 0x0000000005a3b570
0 2
cob=(2)
cfi=(391)
cfn=(3104)
calls=1 30 
0 142

fn=(3338)
0 4

fn=(3382)
0 2
cob=(2)
cfi=(391)
cfn=(3104)
calls=1 30 
0 142

fn=(1354)
0 6
cob=(5)
cfi=(184)
cfn=(614)
calls=1 0 
0 5
0 2

fn=(1064)
0 6
cob=(5)
cfi=(184)
cfn=(614)
calls=1 0 
0 5
0 2

fn=(1554) 0x0000000004adbc60
0 2
cob=(53)
cfi=(268)
cfn=(1558) std::__cxx11::numpunct<wchar_t>::_M_initialize_numpunct(__locale_struct*)
calls=1 0 
0 353
cob=(1)
cfi=(244)
cfn=(1098)
calls=1 71 
0 1021
0 5

fn=(944)
0 6
cob=(5)
cfi=(184)
cfn=(614)
calls=1 0 
0 5
0 2

fn=(884)
0 6
cob=(5)
cfi=(184)
cfn=(614)
calls=1 0 
0 5
0 2

fn=(896)
0 6
cob=(5)
cfi=(184)
cfn=(614)
calls=1 0 
0 5
0 2

fn=(1676) 0x0000000004add6f0
0 2
cob=(53)
cfi=(268)
cfn=(1680) std::moneypunct<wchar_t, false>::_M_initialize_moneypunct(__locale_struct*, char const*)
calls=1 0 
0 109
cob=(1)
cfi=(244)
cfn=(1098)
calls=1 71 
0 1077
0 5

fn=(2108)
0 224
cob=(2)
cfi=(214)
cfn=(744)
calls=112 255 
0 1659

fn=(2328) 0x0000000004adbcc0
0 468
cob=(53)
cfi=(268)
cfn=(2290)
calls=234 0 
0 18452
cob=(1)
cfi=(244)
cfn=(1098)
calls=1 71 
0 652
0 5

fn=(2358) 0x0000000004adcc60
0 770
cob=(2)
cfi=(186)
cfn=(2194)
calls=385 3359 
0 40480
cob=(1)
cfi=(244)
cfn=(1098)
calls=1 71 
0 904
0 5

fn=(1522) 0x0000000004adeb80
0 512
cob=(2)
cfi=(277)
cfn=(1526)
calls=256 32 
0 11136
cob=(1)
cfi=(244)
cfn=(1098)
calls=1 71 
0 820
0 5

fn=(1444) 0x0000000004add0e0
0 64
cob=(53)
cfi=(268)
cfn=(1448) std::locale::_Impl::_M_install_facet(std::locale::id const*, std::locale::facet const*)
calls=32 0 
0 13498
cob=(1)
cfi=(244)
cfn=(1098)
calls=1 71 
0 985
0 5

fn=(1456) 0x0000000004adc9e0
0 2
cob=(53)
cfi=(268)
cfn=(1460) std::codecvt<char, char, __mbstate_t>::codecvt(unsigned long)
calls=1 0 
0 44
cob=(1)
cfi=(244)
cfn=(1098)
calls=1 71 
0 825
0 5

fn=(1462) 0x0000000004ade700
0 2
cob=(53)
cfi=(268)
cfn=(1466) std::__cxx11::numpunct<char>::_M_initialize_numpunct(__locale_struct*)
calls=1 0 
0 417
cob=(1)
cfi=(244)
cfn=(1098)
calls=1 71 
0 1045
0 5

fn=(2616) 0x0000000004adc240
0 2
cob=(53)
cfi=(268)
cfn=(2620) std::__basic_file<char>::open(char const*, std::_Ios_Openmode, int)
calls=1 0 
0 1425
cob=(1)
cfi=(244)
cfn=(1098)
calls=1 71 
0 923
0 5

fn=(2792) 0x0000000004add4d0
0 2
cob=(53)
cfi=(268)
cfn=(2796) std::ios_base::_M_call_callbacks(std::ios_base::event)
calls=1 0 
0 16
cob=(1)
cfi=(244)
cfn=(1098)
calls=1 71 
0 929
0 5

fn=(3136)
0 4

fn=(3228) 0x0000000004adf4b0
0 20
cob=(2)
cfi=(398)
cfn=(3232)
calls=10 32 
0 883
cob=(1)
cfi=(244)
cfn=(1098)
calls=1 71 
0 822
0 5

fn=(3482)
0 4

fn=(3526)
0 2
cob=(2)
cfi=(391)
cfn=(3104)
calls=1 30 
0 142

fn=(3602)
0 2
cob=(2)
cfi=(391)
cfn=(3104)
calls=1 30 
0 142

fn=(3764)
0 4

fn=(3808)
0 2
cob=(2)
cfi=(391)
cfn=(3104)
calls=1 30 
0 142

fn=(3926)
0 4

fn=(3998)
0 4

fn=(4074)
0 4

fn=(4118)
0 2
cob=(2)
cfi=(391)
cfn=(3104)
calls=1 30 
0 295

fn=(3310) 0x000000000500ea90
0 2
cob=(2)
cfi=(391)
cfn=(3104)
calls=1 30 
0 142

fn=(1112)
0 6
cob=(5)
cfi=(184)
cfn=(614)
calls=1 0 
0 5
0 2

fn=(1404) 0x0000000004ade3c0
0 28
cob=(53)
cfi=(268)
cfn=(1408) std::locale::facet::_S_get_c_locale()
calls=14 0 
0 3464
cob=(1)
cfi=(244)
cfn=(1098)
calls=1 71 
0 869
0 5

fn=(1410) 0x0000000004adc790
0 36
cob=(2)
cfi=(269)
cfn=(1414)
calls=18 136 
0 2238
cob=(1)
cfi=(244)
cfn=(1098)
calls=1 71 
0 1087
0 5

fn=(1424) 0x0000000004adc500
0 2
cob=(53)
cfi=(268)
cfn=(1428) std::locale::facet::_S_create_c_locale(__locale_struct*&, char const*, __locale_struct*)
calls=1 0 
0 954
cob=(1)
cfi=(244)
cfn=(1098)
calls=1 71 
0 1013
0 5

fn=(908)
0 6
cob=(5)
cfi=(184)
cfn=(614)
calls=1 0 
0 5
0 2

fn=(920)
0 6
cob=(5)
cfi=(184)
cfn=(614)
calls=1 0 
0 5
0 2

fn=(802)
0 6
cob=(5)
cfi=(184)
cfn=(614)
calls=1 0 
0 5
0 2

fn=(814)
0 6
cob=(5)
cfi=(184)
cfn=(614)
calls=1 0 
0 5
0 2

fn=(826)
0 6
cob=(5)
cfi=(184)
cfn=(614)
calls=1 0 
0 5
0 2

fn=(756)
0 2
cob=(2)
cfi=(201)
cfn=(668)
calls=1 67 
0 76

fn=(1746) 0x0000000004adc300
0 16
cob=(53)
cfi=(268)
cfn=(1750)
calls=8 0 
0 736
cob=(1)
cfi=(244)
cfn=(1098)
calls=1 71 
0 721
0 5

fn=(1842)
0 52
cob=(2)
cfi=(215)
cfn=(1844)
calls=26 206 
0 677

fn=(2102)
0 156
cob=(2)
cfi=(295)
cfn=(2104)
calls=78 53 
0 1482

fn=(2302)
0 30
cob=(2)
cfi=(329)
cfn=(2304)
calls=15 158 
0 506

fn=(2310) 0x0000000004adf260
0 776
cob=(2)
cfi=(214)
cfn=(744)
calls=388 255 
0 6322
cob=(1)
cfi=(244)
cfn=(1098)
calls=1 71 
0 1094
0 5

fn=(2322) 0x0000000004add810
0 454
cob=(53)
cfi=(268)
cfn=(2326)
calls=227 0 
0 21759
cob=(1)
cfi=(244)
cfn=(1098)
calls=1 71 
0 1024
0 5

fn=(1480) 0x0000000004adda00
0 2
cob=(53)
cfi=(268)
cfn=(1484) std::__timepunct<char>::__timepunct(std::__timepunct_cache<char>*, unsigned long)
calls=1 0 
0 1198
cob=(1)
cfi=(244)
cfn=(1098)
calls=1 71 
0 920
0 5

fn=(1468) 0x0000000004adce30
0 2
cob=(53)
cfi=(268)
cfn=(1472) std::__cxx11::moneypunct<char, false>::_M_initialize_moneypunct(__locale_struct*, char const*)
calls=1 0 
0 114
cob=(1)
cfi=(244)
cfn=(1098)
calls=1 71 
0 1109
0 5

fn=(1232)
0 6
cob=(5)
cfi=(184)
cfn=(614)
calls=1 0 
0 5
0 2

fn=(1148)
0 6
cob=(5)
cfi=(184)
cfn=(614)
calls=1 0 
0 5
0 2

fn=(1184)
0 6
cob=(5)
cfi=(184)
cfn=(614)
calls=1 0 
0 5

ob=(3)
fl=(157)
fn=(490)
fi=(145)
30 3
fe=(157)
-4 1

fl=(146)
fn=(454)
27 1
fi=(147)
+5 5
+1 2
fe=(146)
-6 1

fl=(163)
fn=(516)
27 1
fi=(145)
+2 4
+1 3
fe=(163)
-3 1

fl=(165)
fn=(528)
26 3
fi=(155)
+5 12
+1 6
fe=(165)
-6 3

fl=(158)
fn=(494)
27 1
fi=(147)
+5 5
+1 2
fe=(158)
-6 1

fl=(149)
fn=(462)
34 4
fi=(147)
-2 20
+1 8
fe=(149)
+1 4

fn=(524)
27 5
fi=(147)
+5 25
+1 10
fe=(149)
-6 5

fl=(156)
fn=(486)
27 1
fi=(145)
+2 4
+1 3
fe=(156)
-3 1

fl=(148)
fn=(458)
27 2
fi=(145)
+2 8
+1 6
fe=(148)
-3 2

fl=(161)
fn=(506)
49 6

fl=(144)
fn=(450)
26 3
fi=(145)
+3 12
+1 9
fe=(144)
-4 3

ob=(4)
fl=(181)
fn=(1184)
0 2

fn=(2746) 0x0000000004adb890
0 8
cob=(2)
cfi=(329)
cfn=(2304)
calls=4 158 
0 72
cob=(1)
cfi=(244)
cfn=(1098)
calls=1 71 
0 886
0 5

fn=(2756) 0x0000000004adcc20
0 2
cob=(53)
cfi=(268)
cfn=(2760) std::basic_filebuf<char, std::char_traits<char> >::_M_terminate_output()
calls=1 0 
0 30
cob=(1)
cfi=(244)
cfn=(1098)
calls=1 71 
0 1010
0 5

fn=(2798) 0x0000000004adb870
0 2
cob=(53)
cfi=(268)
cfn=(2802) std::ios_base::_M_dispose_callbacks()
calls=1 0 
0 18
cob=(1)
cfi=(244)
cfn=(1098)
calls=1 71 
0 905
0 5

fn=(2972) 0x0000000004adbdd0
0 26
cob=(2)
cfi=(373)
cfn=(2976)
calls=13 35 
0 1625
cob=(1)
cfi=(244)
cfn=(1098)
calls=1 71 
0 943
0 5

fn=(2988) 0x0000000004adb5d0
0 26
cob=(2)
cfi=(375)
cfn=(2992)
calls=13 23 
0 6866
cob=(1)
cfi=(244)
cfn=(1098)
calls=1 71 
0 859
0 5

fn=(3084)
0 18
cob=(1)
cfi=(46)
cfn=(3086)
calls=9 636 
0 3203

fn=(3174)
0 4

fn=(3410)
0 4

fn=(3454)
0 2
cob=(2)
cfi=(391)
cfn=(3104)
calls=1 30 
0 142

fn=(3572)
0 4

fn=(3648)
0 4

fn=(3692)
0 4

fn=(3736) 0x0000000005612d00
0 2
cob=(2)
cfi=(391)
cfn=(3104)
calls=1 30 
0 142

fn=(3854)
0 4

fn=(3898) 0x000000000580a260
0 2
cob=(2)
cfi=(391)
cfn=(3104)
calls=1 30 
0 142

fn=(3970) 0x00000000059ad270
0 2
cob=(2)
cfi=(391)
cfn=(3104)
calls=1 30 
0 142

fn=(4046) 0x0000000005b770d0
0 2
cob=(2)
cfi=(391)
cfn=(3104)
calls=1 30 
0 142

fn=(4176)
0 2
cob=(2)
cfi=(391)
cfn=(3104)
calls=1 30 
0 142

ob=(38)
fl=(253)
fn=(3548) 0x00000000000055a0
0 5

fn=(1178)
0 12

fn=(3538)
0 9
cob=(4)
cfi=(181)
cfn=(3544)
calls=1 0 
0 144

ob=(29)
fl=(240)
fn=(3712)
0 9
cob=(4)
cfi=(181)
cfn=(3718)
calls=1 0 
0 144
0 1
cfn=(3722) 0x00000000000024c0
calls=1 0 
0 5
0 3

fn=(1046)
0 12

fn=(3722)
0 5

ob=(28)
fl=(239)
fn=(3740) 0x00000000000099e0
0 5

fn=(1034)
0 12

fn=(3730)
0 9
cob=(4)
cfi=(181)
cfn=(3736)
calls=1 0 
0 144

ob=(38)
fl=(253)
fn=(3538)
0 1
cfn=(3548)
calls=1 0 
0 5
0 3

ob=(28)
fl=(239)
fn=(3730)
0 1
cfn=(3740)
calls=1 0 
0 5
0 3

ob=(26)
fl=(237)
fn=(3776) 0x0000000000017e50
0 5

fn=(3766)
0 3

ob=(12)
fl=(220)
fn=(808)
0 12

fn=(4050) 0x0000000000003180
0 5

fn=(4040)
0 9
cob=(4)
cfi=(181)
cfn=(4046)
calls=1 0 
0 144
0 1
cfn=(4050)
calls=1 0 
0 5
0 3

ob=(13)
fl=(221)
fn=(4032) 0x000000000000fad0
0 5

fn=(820)
0 12

fn=(4022)
0 9
cob=(4)
cfi=(181)
cfn=(4028)
calls=1 0 
0 144
0 1
cfn=(4032)
calls=1 0 
0 5
0 3

ob=(52)
fl=(267)
fn=(3272)
0 5
cfn=(3274) 0x00000000000048f0
calls=1 0 
0 16
0 2
cfn=(3274)
calls=1 0 
0 16
0 3

fn=(1348)
0 12

fn=(3294) 0x0000000000005a60
0 5

fn=(1346)
0 327

ob=(26)
fl=(237)
fn=(3766)
0 6
cob=(4)
cfi=(181)
cfn=(3772)
calls=1 0 
0 144
0 1
cfn=(3776)
calls=1 0 
0 5
0 3

fn=(1010)
0 12

ob=(15)
fl=(226)
fn=(3964)
0 9
cob=(4)
cfi=(181)
cfn=(3970)
calls=1 0 
0 144
0 1
cfn=(3974) 0x00000000000064c0
calls=1 0 
0 5
0 3

fn=(878)
0 12

fn=(3974)
0 5

ob=(16)
fl=(227)
fn=(3956) 0x00000000000051f0
0 5

fn=(890)
0 12

fn=(3946)
0 9
cob=(4)
cfi=(181)
cfn=(3952)
calls=1 0 
0 143

ob=(52)
fl=(267)
fn=(1346)
0 37

fn=(3274)
0 32

fn=(3284)
0 9
cob=(4)
cfi=(181)
cfn=(3290)
calls=1 0 
0 144
0 1
cfn=(3294)
calls=1 0 
0 5
0 3

ob=(16)
fl=(227)
fn=(3946)
0 1
cfn=(3956)
calls=1 0 
0 5
0 3

ob=(53)
fl=(268)
fn=(1368)
0 40
cob=(4)
cfi=(181)
cfn=(1370)
calls=1 0 
0 76038
0 16
cob=(4)
cfi=(181)
cfn=(1370)
calls=1 0 
0 32
0 14
cob=(4)
cfi=(181)
cfn=(1370)
calls=1 0 
0 32
0 7
cob=(4)
cfi=(181)
cfn=(1746)
calls=1 0 
0 820
0 11
cob=(4)
cfi=(181)
cfn=(1752)
calls=1 0 
0 4557
0 4
cob=(4)
cfi=(181)
cfn=(1746)
calls=1 0 
0 94
0 15
cob=(4)
cfi=(181)
cfn=(1752)
calls=1 0 
0 185
0 4
cob=(4)
cfi=(181)
cfn=(1746)
calls=1 0 
0 94
0 11
cob=(4)
cfi=(181)
cfn=(1752)
calls=1 0 
0 185
0 4
cob=(4)
cfi=(181)
cfn=(1746)
calls=1 0 
0 94
0 11
cob=(4)
cfi=(181)
cfn=(1752)
calls=1 0 
0 185
0 23
cob=(4)
cfi=(181)
cfn=(1370)
calls=1 0 
0 32
0 16
cob=(4)
cfi=(181)
cfn=(1370)
calls=1 0 
0 32
0 14
cob=(4)
cfi=(181)
cfn=(1370)
calls=1 0 
0 32
0 7
cob=(4)
cfi=(181)
cfn=(1746)
calls=1 0 
0 94
0 11
cob=(4)
cfi=(181)
cfn=(1782)
calls=1 0 
0 2303
0 4
cob=(4)
cfi=(181)
cfn=(1746)
calls=1 0 
0 94
0 15
cob=(4)
cfi=(181)
cfn=(1782)
calls=1 0 
0 185
0 4
cob=(4)
cfi=(181)
cfn=(1746)
calls=1 0 
0 94
0 11
cob=(4)
cfi=(181)
cfn=(1782)
calls=1 0 
0 185
0 4
cob=(4)
cfi=(181)
cfn=(1746)
calls=1 0 
0 94
0 11
cob=(4)
cfi=(181)
cfn=(1782)
calls=1 0 
0 185
0 15

fn=(1750)
0 540
cob=(4)
cfi=(181)
cfn=(1370)
calls=9 0 
0 382

fn=(1822)
0 4
cob=(4)
cfi=(181)
cfn=(1824)
calls=1 0 
0 793
0 4

fn=(1828)
0 3

fn=(1894)
0 5
cob=(4)
cfi=(181)
cfn=(1796)
calls=1 0 
0 78

fn=(2308)
0 107
cob=(4)
cfi=(181)
cfn=(2310)
calls=2 0 
0 1129
0 36
cob=(4)
cfi=(181)
cfn=(2316)
calls=1 0 
0 3057
0 7

fn=(1460)
0 14
cob=(4)
cfi=(181)
cfn=(1404)
calls=1 0 
0 25
0 5

fn=(2540)
0 39
cob=(4)
cfi=(181)
cfn=(2542)
calls=13 0 
0 4590

fn=(2622) 0x00000000000f8e30
0 9

fn=(2698)
0 7305
cob=(4)
cfi=(181)
cfn=(2310)
calls=157 0 
0 2370
0 4122
cob=(4)
cfi=(181)
cfn=(2316)
calls=226 0 
0 41693
0 1308

fn=(2776)
0 14
cob=(4)
cfi=(181)
cfn=(2610)
calls=2 0 
0 12
0 12
cob=(4)
cfi=(181)
cfn=(2778)
calls=1 0 
0 1305
0 7

fn=(2986)
0 143
cob=(4)
cfi=(181)
cfn=(2988)
calls=13 0 
0 7756
0 78

fn=(3184)
0 5

fn=(3198)
0 2

fn=(3210)
0 4
cob=(4)
cfi=(181)
cfn=(3204)
calls=1 0 
0 4

fn=(3252)
0 51
cob=(4)
cfi=(181)
cfn=(3254)
calls=3 0 
0 1196
0 21
cfn=(3260) __gnu_cxx::stdio_sync_filebuf<wchar_t, std::char_traits<wchar_t> >::sync()
calls=3 0 
0 231
0 52
cob=(4)
cfi=(181)
cfn=(3244)
calls=1 0 
0 35
0 7
cfn=(3260)
calls=1 0 
0 77
0 2

fn=(3253)
0 17
cob=(4)
cfi=(181)
cfn=(3255)
calls=1 0 
0 24
0 7
cfn=(3260)
calls=1 0 
0 77
0 17

fn=(3260)
0 15
cob=(4)
cfi=(181)
cfn=(3228)
calls=5 0 
0 370

fn=(3264) 0x00000000000b7a30
0 5

fn=(1582)
0 12
cob=(4)
cfi=(181)
cfn=(1404)
calls=1 0 
0 25
0 117

fn=(1596)
0 417

fn=(1614)
0 114

fn=(1408)
0 112
cob=(4)
cfi=(181)
cfn=(1410)
calls=14 0 
0 3254
0 98

fn=(1428)
0 8
cob=(4)
cfi=(181)
cfn=(1430)
calls=1 0 
0 940
0 6

fn=(1564)
0 109

fn=(1662)
0 353

fn=(1742)
0 3

fn=(1792)
0 36
cob=(4)
cfi=(181)
cfn=(1450)
calls=4 0 
0 32
0 28
cob=(4)
cfi=(181)
cfn=(1450)
calls=4 0 
0 32
0 28
cob=(4)
cfi=(181)
cfn=(1450)
calls=4 0 
0 32
0 36

fn=(1892)
0 5
cob=(4)
cfi=(181)
cfn=(1796)
calls=1 0 
0 78

fn=(2528)
0 104
cob=(5)
cfi=(184)
cfn=(2530)
calls=13 0 
0 13119
0 39
cob=(5)
cfi=(184)
cfn=(3018)
calls=13 0 
0 6681
0 65

fn=(2702)
0 13092
cob=(4)
cfi=(181)
cfn=(2690)
calls=378 0 
0 7938
0 2646
cob=(4)
cfi=(181)
cfn=(2650)
calls=378 0 
0 4536
0 5805

fn=(2970)
0 26
cob=(4)
cfi=(181)
cfn=(2972)
calls=13 0 
0 2599

fn=(3194)
0 2

fn=(3218)
0 51
cob=(4)
cfi=(181)
cfn=(3220)
calls=3 0 
0 988
0 21
cfn=(3226) __gnu_cxx::stdio_sync_filebuf<char, std::char_traits<char> >::sync()
calls=3 0 
0 1221
0 52
cob=(4)
cfi=(181)
cfn=(3244)
calls=1 0 
0 811
0 7
cfn=(3226)
calls=1 0 
0 77
0 2

fn=(3219)
0 17
cob=(4)
cfi=(181)
cfn=(3221)
calls=1 0 
0 24
0 7
cfn=(3226)
calls=1 0 
0 77
0 17

fn=(3226)
0 15
cob=(4)
cfi=(181)
cfn=(3228)
calls=5 0 
0 1360

fn=(1360)
0 8
cob=(4)
cfi=(181)
cfn=(1362)
calls=1 0 
0 86686
0 7
cob=(4)
cfi=(181)
cfn=(1796)
calls=1 0 
0 1071

fn=(1402)
0 18
cob=(4)
cfi=(181)
cfn=(1404)
calls=1 0 
0 4041
0 103

fn=(1558)
0 353

fn=(1692)
0 109

fn=(1716)
0 14
cob=(4)
cfi=(181)
cfn=(1404)
calls=1 0 
0 25
0 2
cob=(4)
cfi=(181)
cfn=(1392)
calls=1 0 
0 5
0 5

fn=(1768)
0 230

fn=(1780)
0 54
cob=(4)
cfi=(181)
cfn=(1450)
calls=6 0 
0 48
0 42
cob=(4)
cfi=(181)
cfn=(1450)
calls=6 0 
0 48
0 42
cob=(4)
cfi=(181)
cfn=(1450)
calls=6 0 
0 48
0 54

fn=(1786)
0 32
cob=(4)
cfi=(181)
cfn=(1758)
calls=4 0 
0 404
0 12
cob=(4)
cfi=(181)
cfn=(1788)
calls=4 0 
0 1265
0 52

fn=(1806)
0 10
cob=(4)
cfi=(181)
cfn=(1808)
calls=1 0 
0 799
0 7
cob=(4)
cfi=(181)
cfn=(1796)
calls=1 0 
0 78
0 3
cob=(4)
cfi=(181)
cfn=(1808)
calls=1 0 
0 7
0 9
cob=(4)
cfi=(181)
cfn=(1796)
calls=1 0 
0 78

fn=(1820)
0 3

fn=(1936)
0 50

fn=(2284)
0 21

fn=(1490)
0 13
cob=(4)
cfi=(181)
cfn=(1404)
calls=1 0 
0 25
0 119

fn=(1496)
0 14
cob=(4)
cfi=(181)
cfn=(1404)
calls=1 0 
0 25
0 2
cob=(4)
cfi=(181)
cfn=(1392)
calls=1 0 
0 5
0 5

fn=(1508)
0 11
cob=(4)
cfi=(181)
cfn=(1510)
calls=1 0 
0 886
0 770
cob=(4)
cfi=(181)
cfn=(1516)
calls=128 0 
0 4406
0 262
cob=(4)
cfi=(181)
cfn=(1522)
calls=1 0 
0 855
0 510
cob=(4)
cfi=(181)
cfn=(1522)
calls=255 0 
0 11618
0 1086
cob=(4)
cfi=(181)
cfn=(1532)
calls=8 0 
0 3445
0 72
cob=(4)
cfi=(181)
cfn=(1532)
calls=4 0 
0 1745
0 23
cob=(4)
cfi=(181)
cfn=(1510)
calls=1 0 
0 24
0 2

fn=(1466)
0 417

fn=(2598)
0 17
cob=(4)
cfi=(181)
cfn=(1370)
calls=1 0 
0 46
0 10
cob=(4)
cfi=(181)
cfn=(2600)
calls=1 0 
0 914
0 15
cob=(4)
cfi=(181)
cfn=(1450)
calls=1 0 
0 8
0 8

fn=(2664) std::basic_filebuf<char, std::char_traits<char> >::underflow()
0 264
cfn=(2666) std::codecvt<char, char, __mbstate_t>::do_always_noconv() const
calls=8 0 
0 24
0 145
cob=(4)
cfi=(181)
cfn=(2668)
calls=8 0 
0 4150
0 132

fn=(2678)
0 24
cob=(4)
cfi=(181)
cfn=(2680)
calls=8 0 
0 937

fn=(2732)
0 389

fn=(2766)
0 12
cob=(4)
cfi=(181)
cfn=(2768)
calls=1 0 
0 189
0 12

fn=(2784)
0 4
cob=(4)
cfi=(181)
cfn=(2772)
calls=1 0 
0 21
0 2

fn=(3190)
0 2

fn=(3202)
0 4
cob=(4)
cfi=(181)
cfn=(3204)
calls=1 0 
0 818

fn=(1570)
0 109

fn=(1590) 0x00000000000ed260
0 25
cob=(4)
cfi=(181)
cfn=(1592)
calls=1 0 
0 1397
0 8
cob=(4)
cfi=(181)
cfn=(1450)
calls=1 0 
0 17
0 7
cob=(4)
cfi=(181)
cfn=(1404)
calls=1 0 
0 25
0 7
cob=(4)
cfi=(181)
cfn=(1450)
calls=1 0 
0 17
0 13
cob=(4)
cfi=(181)
cfn=(1610)
calls=1 0 
0 1166
0 7
cob=(4)
cfi=(181)
cfn=(1450)
calls=1 0 
0 17
0 13
cob=(4)
cfi=(181)
cfn=(1622)
calls=1 0 
0 1183
0 7
cob=(4)
cfi=(181)
cfn=(1450)
calls=1 0 
0 17
0 12
cob=(4)
cfi=(181)
cfn=(1450)
calls=1 0 
0 17
0 12
cob=(4)
cfi=(181)
cfn=(1450)
calls=1 0 
0 17
0 12
cob=(4)
cfi=(181)
cfn=(1450)
calls=1 0 
0 17
0 6
cob=(4)
cfi=(181)
cfn=(1646)
calls=1 0 
0 814
0 7
cob=(4)
cfi=(181)
cfn=(1450)
calls=1 0 
0 17
0 16
cob=(4)
cfi=(181)
cfn=(1658)
calls=1 0 
0 1341
0 7
cob=(4)
cfi=(181)
cfn=(1450)
calls=1 0 
0 17
0 7
cob=(4)
cfi=(181)
cfn=(1404)
calls=1 0 
0 25
0 7
cob=(4)
cfi=(181)
cfn=(1450)
calls=1 0 
0 17
0 13
cob=(4)
cfi=(181)
cfn=(1676)
calls=1 0 
0 1193
0 7
cob=(4)
cfi=(181)
cfn=(1450)
calls=1 0 
0 17
0 13
cob=(4)
cfi=(181)
cfn=(1688)
calls=1 0 
0 1169
0 7
cob=(4)
cfi=(181)
cfn=(1450)
calls=1 0 
0 17
0 12
cob=(4)
cfi=(181)
cfn=(1450)
calls=1 0 
0 17
0 12
cob=(4)
cfi=(181)
cfn=(1450)
calls=1 0 
0 17
0 12
cob=(4)
cfi=(181)
cfn=(1450)
calls=1 0 
0 17
0 6
cob=(4)
cfi=(181)
cfn=(1712)
calls=1 0 
0 814
0 6
cob=(4)
cfi=(181)
cfn=(1450)
calls=1 0 
0 17
0 4
cob=(4)
cfi=(181)
cfn=(1450)
calls=1 0 
0 8
0 4
cob=(4)
cfi=(181)
cfn=(1450)
calls=1 0 
0 8
0 5
cob=(4)
cfi=(181)
cfn=(1450)
calls=1 0 
0 8
0 5
cob=(4)
cfi=(181)
cfn=(1450)
calls=1 0 
0 8
0 4
cob=(4)
cfi=(181)
cfn=(1450)
calls=1 0 
0 8
0 5
cob=(4)
cfi=(181)
cfn=(1450)
calls=1 0 
0 8
0 10

fn=(1382)
0 12

fn=(1396)
0 21

fn=(1774)
0 144

fn=(1832)
0 23
cob=(4)
cfi=(181)
cfn=(1834)
calls=1 0 
0 1638
0 27
cob=(4)
cfi=(181)
cfn=(1852)
calls=1 0 
0 1133
0 8

fn=(1918)
0 34

fn=(1962)
0 50

fn=(2326)
0 2941
cob=(4)
cfi=(181)
cfn=(2328)
calls=75 0 
0 5934
0 471
cob=(4)
cfi=(181)
cfn=(2328)
calls=157 0 
0 13233

fn=(1478)
0 115

fn=(2620)
0 10
cfn=(2622)
calls=1 0 
0 9
0 6
cob=(4)
cfi=(181)
cfn=(2610)
calls=1 0 
0 6
0 5
cob=(4)
cfi=(181)
cfn=(2628)
calls=1 0 
0 1378
0 11

fn=(2644)
0 14

fn=(2656)
0 7467
cob=(4)
cfi=(181)
cfn=(2658)
calls=393 0 
0 12938
0 791
cob=(4)
cfi=(181)
cfn=(2720)
calls=1 0 
0 996
0 19776
cob=(4)
cfi=(181)
cfn=(2690)
calls=378 0 
0 11201
0 5670
cob=(4)
cfi=(181)
cfn=(2694)
calls=378 0 
0 57247
0 6930
cfn=(2664)
calls=8 0 
0 4715
0 8

fn=(2796)
0 16

fn=(2802)
0 18

fn=(2930)
0 6
cob=(4)
cfi=(181)
cfn=(2932)
calls=2 0 
0 958

fn=(3002)
0 60
cob=(4)
cfi=(181)
cfn=(3004)
calls=15 0 
0 2844
0 75

fn=(3176)
0 9
cob=(4)
cfi=(181)
cfn=(3182)
calls=1 0 
0 7847
0 1
cfn=(3264)
calls=1 0 
0 5
0 3

fn=(3212)
0 13
cob=(4)
cfi=(181)
cfn=(3214)
calls=1 0 
0 2632
0 2
cob=(4)
cfi=(181)
cfn=(3214)
calls=1 0 
0 1195
0 2
cob=(4)
cfi=(181)
cfn=(3214)
calls=1 0 
0 144
0 2
cob=(4)
cfi=(181)
cfn=(3248)
calls=1 0 
0 2042
0 2
cob=(4)
cfi=(181)
cfn=(3248)
calls=1 0 
0 419
0 2
cob=(4)
cfi=(181)
cfn=(3248)
calls=1 0 
0 144
0 2

fn=(1376) 0x00000000000e98b0
0 12
cob=(4)
cfi=(181)
cfn=(1386)
calls=1 0 
0 74476
0 9
cob=(4)
cfi=(181)
cfn=(1738)
calls=1 0 
0 787
0 211
cob=(4)
cfi=(181)
cfn=(1410)
calls=4 0 
0 112
0 21

fn=(1800)
0 12

fn=(1896)
0 10
cob=(4)
cfi=(181)
cfn=(1796)
calls=1 0 
0 78
0 7
cob=(4)
cfi=(181)
cfn=(1796)
calls=1 0 
0 78

fn=(1900)
0 34

fn=(1988)
0 10
cob=(4)
cfi=(181)
cfn=(1796)
calls=1 0 
0 78
0 4
cob=(4)
cfi=(181)
cfn=(1796)
calls=1 0 
0 78
0 7
cob=(4)
cfi=(181)
cfn=(1796)
calls=1 0 
0 78

fn=(2356)
0 766
cob=(4)
cfi=(181)
cfn=(2358)
calls=383 0 
0 41985

fn=(2370)
0 6

fn=(2390)
0 758
cob=(4)
cfi=(181)
cfn=(2352)
calls=379 0 
0 42120

fn=(2406)
0 56
cob=(4)
cfi=(181)
cfn=(2408)
calls=2 0 
0 1894
0 28

fn=(1484)
0 16
cob=(4)
cfi=(181)
cfn=(1392)
calls=1 0 
0 5
0 4
cob=(4)
cfi=(181)
cfn=(1486)
calls=1 0 
0 1169
0 4

fn=(2638)
0 15
cob=(4)
cfi=(181)
cfn=(2640)
calls=1 0 
0 210
0 3

fn=(2666)
0 24

fn=(2738)
0 250
cob=(4)
cfi=(181)
cfn=(2746)
calls=4 0 
0 971
0 146

fn=(2760)
0 30

fn=(2790)
0 11
cob=(4)
cfi=(181)
cfn=(2792)
calls=1 0 
0 952
0 2
cob=(4)
cfi=(181)
cfn=(2798)
calls=1 0 
0 930
0 8
cob=(4)
cfi=(181)
cfn=(1770)
calls=1 0 
0 14

fn=(3200)
0 2

fn=(1390)
0 142
cob=(4)
cfi=(181)
cfn=(1392)
calls=1 0 
0 865
0 7
cob=(4)
cfi=(181)
cfn=(1398)
calls=1 0 
0 4914
0 4
cob=(4)
cfi=(181)
cfn=(1444)
calls=1 0 
0 2152
0 4
cob=(4)
cfi=(181)
cfn=(1456)
calls=1 0 
0 876
0 4
cob=(4)
cfi=(181)
cfn=(1444)
calls=1 0 
0 400
0 24
cob=(4)
cfi=(181)
cfn=(1462)
calls=1 0 
0 1469
0 4
cob=(4)
cfi=(181)
cfn=(1444)
calls=1 0 
0 400
0 8
cob=(4)
cfi=(181)
cfn=(1444)
calls=1 0 
0 400
0 8
cob=(4)
cfi=(181)
cfn=(1444)
calls=1 0 
0 400
0 5
cob=(4)
cfi=(181)
cfn=(1404)
calls=1 0 
0 25
0 5
cob=(4)
cfi=(181)
cfn=(1444)
calls=1 0 
0 400
0 29
cob=(4)
cfi=(181)
cfn=(1468)
calls=1 0 
0 1230
0 4
cob=(4)
cfi=(181)
cfn=(1444)
calls=1 0 
0 400
0 29
cob=(4)
cfi=(181)
cfn=(1474)
calls=1 0 
0 1231
0 4
cob=(4)
cfi=(181)
cfn=(1444)
calls=1 0 
0 400
0 8
cob=(4)
cfi=(181)
cfn=(1444)
calls=1 0 
0 400
0 8
cob=(4)
cfi=(181)
cfn=(1444)
calls=1 0 
0 400
0 35
cob=(4)
cfi=(181)
cfn=(1480)
calls=1 0 
0 2125
0 4
cob=(4)
cfi=(181)
cfn=(1444)
calls=1 0 
0 400
0 8
cob=(4)
cfi=(181)
cfn=(1444)
calls=1 0 
0 400
0 8
cob=(4)
cfi=(181)
cfn=(1444)
calls=1 0 
0 400
0 4
cob=(4)
cfi=(181)
cfn=(1492)
calls=1 0 
0 846
0 4
cob=(4)
cfi=(181)
cfn=(1444)
calls=1 0 
0 400
0 4
cob=(4)
cfi=(181)
cfn=(1498)
calls=1 0 
0 27341
0 4
cob=(4)
cfi=(181)
cfn=(1444)
calls=1 0 
0 400
0 4
cob=(4)
cfi=(181)
cfn=(1548)
calls=1 0 
0 876
0 4
cob=(4)
cfi=(181)
cfn=(1444)
calls=1 0 
0 400
0 23
cob=(4)
cfi=(181)
cfn=(1554)
calls=1 0 
0 1381
0 4
cob=(4)
cfi=(181)
cfn=(1444)
calls=1 0 
0 400
0 8
cob=(4)
cfi=(181)
cfn=(1444)
calls=1 0 
0 400
0 8
cob=(4)
cfi=(181)
cfn=(1444)
calls=1 0 
0 400
0 5
cob=(4)
cfi=(181)
cfn=(1404)
calls=1 0 
0 25
0 18
cob=(4)
cfi=(181)
cfn=(1444)
calls=1 0 
0 400
0 28
cob=(4)
cfi=(181)
cfn=(1560)
calls=1 0 
0 1241
0 4
cob=(4)
cfi=(181)
cfn=(1444)
calls=1 0 
0 400
0 27
cob=(4)
cfi=(181)
cfn=(1566)
calls=1 0 
0 1209
0 4
cob=(4)
cfi=(181)
cfn=(1444)
calls=1 0 
0 400
0 8
cob=(4)
cfi=(181)
cfn=(1444)
calls=1 0 
0 400
0 8
cob=(4)
cfi=(181)
cfn=(1444)
calls=1 0 
0 400
0 35
cob=(4)
cfi=(181)
cfn=(1572)
calls=1 0 
0 2190
0 4
cob=(4)
cfi=(181)
cfn=(1444)
calls=1 0 
0 400
0 8
cob=(4)
cfi=(181)
cfn=(1444)
calls=1 0 
0 400
0 8
cob=(4)
cfi=(181)
cfn=(1444)
calls=1 0 
0 400
0 4
cob=(4)
cfi=(181)
cfn=(1584)
calls=1 0 
0 846
0 4
cob=(4)
cfi=(181)
cfn=(1444)
calls=1 0 
0 400
0 8
cob=(4)
cfi=(181)
cfn=(1444)
calls=1 0 
0 400
0 8
cob=(4)
cfi=(181)
cfn=(1444)
calls=1 0 
0 400
0 8
cob=(4)
cfi=(181)
cfn=(1444)
calls=1 0 
0 400
0 8
cob=(4)
cfi=(181)
cfn=(1444)
calls=1 0 
0 400
0 9
cfn=(1590)
calls=1 0 
0 9745
0 3
cob=(4)
cfi=(181)
cfn=(1450)
calls=1 0 
0 8
0 5
cob=(4)
cfi=(181)
cfn=(1450)
calls=1 0 
0 8
0 4
cob=(4)
cfi=(181)
cfn=(1450)
calls=1 0 
0 8
0 5
cob=(4)
cfi=(181)
cfn=(1450)
calls=1 0 
0 8
0 5
cob=(4)
cfi=(181)
cfn=(1450)
calls=1 0 
0 8
0 4
cob=(4)
cfi=(181)
cfn=(1450)
calls=1 0 
0 8
0 5
cob=(4)
cfi=(181)
cfn=(1450)
calls=1 0 
0 8
0 4
cob=(4)
cfi=(181)
cfn=(1450)
calls=1 0 
0 8
0 13

fn=(1536)
0 88
cob=(4)
cfi=(181)
cfn=(1538)
calls=1 0 
0 505
0 24
cob=(4)
cfi=(181)
cfn=(1538)
calls=1 0 
0 395
0 3
cob=(4)
cfi=(181)
cfn=(1538)
calls=1 0 
0 560
0 9
cob=(4)
cfi=(181)
cfn=(1538)
calls=1 0 
0 205
0 3
cob=(4)
cfi=(181)
cfn=(1538)
calls=1 0 
0 150
0 3
cob=(4)
cfi=(181)
cfn=(1538)
calls=1 0 
0 933
0 3
cob=(4)
cfi=(181)
cfn=(1538)
calls=1 0 
0 260
0 7
cob=(4)
cfi=(181)
cfn=(1538)
calls=1 0 
0 340
0 3
cob=(4)
cfi=(181)
cfn=(1538)
calls=1 0 
0 195
0 3
cob=(4)
cfi=(181)
cfn=(1538)
calls=1 0 
0 615

fn=(1552)
0 14
cob=(4)
cfi=(181)
cfn=(1404)
calls=1 0 
0 25
0 5

fn=(1812)
0 10

fn=(2350)
0 44
cob=(4)
cfi=(181)
cfn=(2352)
calls=2 0 
0 1775
0 6

fn=(2448)
0 4
cob=(4)
cfi=(181)
cfn=(2328)
calls=2 0 
0 410

fn=(1502)
0 14
cob=(4)
cfi=(181)
cfn=(1404)
calls=1 0 
0 25
0 7
cob=(4)
cfi=(181)
cfn=(1504)
calls=1 0 
0 26559

fn=(2604)
0 4

fn=(2614)
0 24

fn=(2716)
0 3565

fn=(2770)
0 2
cob=(4)
cfi=(181)
cfn=(2352)
calls=1 0 
0 185

fn=(3196)
0 2

fn=(3224)
0 48
cob=(4)
cfi=(181)
cfn=(3215)
calls=1 0 
0 144
0 27

fn=(3225)
0 22

fn=(1374)
0 260
cfn=(1376)
calls=26 0 
0 75628
0 312

fn=(1756)
0 48
cob=(4)
cfi=(181)
cfn=(1758)
calls=6 0 
0 2900
0 18
cob=(4)
cfi=(181)
cfn=(1776)
calls=6 0 
0 1381
0 78

fn=(1864)
0 78

fn=(1994)
0 5
cob=(4)
cfi=(181)
cfn=(1796)
calls=1 0 
0 78

fn=(2344)
0 44
cob=(4)
cfi=(181)
cfn=(2310)
calls=1 0 
0 17
0 4

fn=(2470)
0 130
cob=(4)
cfi=(181)
cfn=(2472)
calls=13 0 
0 67650
0 78

fn=(1472)
0 114

fn=(2648)
0 741
cob=(4)
cfi=(181)
cfn=(2650)
calls=1 0 
0 904
0 13

fn=(2672)
0 104
cob=(4)
cfi=(181)
cfn=(2674)
calls=8 0 
0 1781
0 32
cob=(4)
cfi=(181)
cfn=(2686)
calls=8 0 
0 1305
0 80

fn=(3008)
0 75
cob=(4)
cfi=(181)
cfn=(3010)
calls=15 0 
0 1950
0 45

fn=(3192)
0 2

fn=(1576)
0 16
cob=(4)
cfi=(181)
cfn=(1392)
calls=1 0 
0 5
0 4
cob=(4)
cfi=(181)
cfn=(1578)
calls=1 0 
0 1226
0 4

fn=(1588)
0 14
cob=(4)
cfi=(181)
cfn=(1404)
calls=1 0 
0 25
0 2
cob=(4)
cfi=(181)
cfn=(1392)
calls=1 0 
0 5
0 5

fn=(1626)
0 115

fn=(2290)
0 4224
cob=(4)
cfi=(181)
cfn=(1852)
calls=384 0 
0 39285
0 1920

fn=(2466)
0 78

fn=(1454)
0 990

fn=(2564)
0 4
cob=(4)
cfi=(181)
cfn=(2566)
calls=1 0 
0 1271
0 5

fn=(2936)
0 4
cob=(4)
cfi=(181)
cfn=(2358)
calls=2 0 
0 174

fn=(3022)
0 26

fn=(3074)
0 26
cob=(4)
cfi=(181)
cfn=(3076)
calls=13 0 
0 1454

fn=(3188)
0 2

fn=(3208)
0 4

fn=(3258)
0 48
cob=(4)
cfi=(181)
cfn=(3249)
calls=1 0 
0 144
0 27

fn=(3259)
0 22

fn=(1650)
0 14
cob=(4)
cfi=(181)
cfn=(1404)
calls=1 0 
0 25
0 2
cob=(4)
cfi=(181)
cfn=(1392)
calls=1 0 
0 5
0 5

fn=(1420)
0 7
cob=(4)
cfi=(181)
cfn=(1424)
calls=1 0 
0 1974

fn=(1680)
0 109

fn=(1762)
0 150
cob=(4)
cfi=(181)
cfn=(1370)
calls=10 0 
0 348
0 30
cob=(4)
cfi=(181)
cfn=(1764)
calls=10 0 
0 992
0 20
cob=(4)
cfi=(181)
cfn=(1770)
calls=10 0 
0 894
0 80

fn=(1890)
0 48

fn=(2320)
0 6360
cob=(4)
cfi=(181)
cfn=(2322)
calls=1 0 
0 83
0 678
cob=(4)
cfi=(181)
cfn=(2322)
calls=226 0 
0 23159
0 693
cob=(4)
cfi=(181)
cfn=(2310)
calls=2 0 
0 28
0 2267
cob=(4)
cfi=(181)
cfn=(2310)
calls=226 0 
0 4653
0 1589
cob=(4)
cfi=(181)
cfn=(2352)
calls=1 0 
0 91
0 3634

fn=(1448)
0 480
cob=(4)
cfi=(181)
cfn=(1450)
calls=32 0 
0 1306
0 11712

fn=(2608)
0 13
cob=(4)
cfi=(181)
cfn=(2610)
calls=1 0 
0 838
0 7
cob=(4)
cfi=(181)
cfn=(2616)
calls=1 0 
0 2355
0 2
cob=(4)
cfi=(181)
cfn=(2610)
calls=1 0 
0 6
0 4
cob=(4)
cfi=(181)
cfn=(2634)
calls=1 0 
0 1285
0 23

ob=(41)
fl=(256)
fn=(3494) 0x0000000000005760
0 5

fn=(3484)
0 9
cob=(4)
cfi=(181)
cfn=(3490)
calls=1 0 
0 144

ob=(53)
fl=(268)
fn=(2662)
0 11397

fn=(2754)
0 13
cob=(4)
cfi=(181)
cfn=(2610)
calls=1 0 
0 6
0 5
cob=(4)
cfi=(181)
cfn=(2756)
calls=1 0 
0 1047
0 5
cob=(4)
cfi=(181)
cfn=(2762)
calls=1 0 
0 1290
0 15
cob=(4)
cfi=(181)
cfn=(2772)
calls=1 0 
0 2153
0 14

ob=(41)
fl=(256)
fn=(3484)
0 1
cfn=(3494)
calls=1 0 
0 5
0 3

fn=(1214)
0 12

ob=(53)
fl=(268)
fn=(2850)
0 4
cob=(4)
cfi=(181)
cfn=(2852)
calls=1 0 
0 1496
0 2

ob=(36)
fl=(251)
fn=(3574)
0 9
cob=(4)
cfi=(181)
cfn=(3580)
calls=1 0 
0 144
0 1
cfn=(3584) 0x0000000000005580
calls=1 0 
0 5
0 3

fn=(1154)
0 12

fn=(3584)
0 5

ob=(37)
fl=(252)
fn=(1166)
0 12

fn=(3566) 0x00000000000044d0
0 5

fn=(3556)
0 9
cob=(4)
cfi=(181)
cfn=(3562)
calls=1 0 
0 144
0 1
cfn=(3566)
calls=1 0 
0 5
0 3

ob=(19)
fl=(230)
fn=(3902) 0x00000000000034a0
0 5

fn=(926)
0 12

ob=(21)
fl=(232)
fn=(950)
0 12

fn=(3866) 0x0000000000008830
0 5

fn=(3856)
0 9
cob=(4)
cfi=(181)
cfn=(3862)
calls=1 0 
0 144
0 1
cfn=(3866)
calls=1 0 
0 5
0 3

ob=(19)
fl=(230)
fn=(3892)
0 9
cob=(4)
cfi=(181)
cfn=(3898)
calls=1 0 
0 144
0 1
cfn=(3902)
calls=1 0 
0 5
0 3

ob=(20)
fl=(231)
fn=(3884) 0x00000000000140c0
0 5

fn=(938)
0 12

fn=(3874)
0 9
cob=(4)
cfi=(181)
cfn=(3880)
calls=1 0 
0 144
0 1
cfn=(3884)
calls=1 0 
0 5
0 3

ob=(48)
fl=(263)
fn=(3368) 0x0000000000002660
0 5

fn=(3358)
0 9
cob=(4)
cfi=(181)
cfn=(3364)
calls=1 0 
0 144
0 1
cfn=(3368)
calls=1 0 
0 5
0 3

fn=(1298)
0 12

ob=(51)
fl=(266)
fn=(3314) 0x000000000002c560
0 5

fn=(3302)
0 13

fn=(1334)
0 12

fn=(3304)
0 9
cob=(4)
cfi=(181)
cfn=(3310)
calls=1 0 
0 144
0 1
cfn=(3314)
calls=1 0 
0 5
0 3

totals: 186801007
